resource_id,course_or_certification_title,course_or_certification_description,recommended_experience,schedule,level,estimated_duration,skills_youll_gain,skill_ids,category_id,category_name,offered_by_provider,provider_type,provider_trust_score_auto,resource_type,language,delivery_mode,cost_type,status,notes,external_course_or_certification_link,mapped_skill_names,skill_id_mapping_status,skill_id_mapping_notes
LR-001,Google Data Analytics Professional Certificate,"Get on the fast track to a career in Data Analytics.

In this certificate program, you’ll learn in-demand skills, and get AI training from Google experts. Learn at your own pace, no degree or experience required.

Gain an immersive understanding of the practices and processes used by a junior or associate data analyst in their day-to-day job

Learn key analytical skills (data cleaning, analysis, & visualization) and tools (spreadsheets, SQL, Python, Tableau) 

Understand how to clean and organize data for analysis, and complete analysis and calculations using spreadsheets, SQL and Python

Learn how to visualize and present data findings in dashboards, presentations and commonly used visualization platforms",Beginner Friendly,Flexible,,,"Data Analysis, Data Cleansing, Data Ethics, Data Presentation, Data Storytelling, Data Structures, Data Validation, File Management, Interactive Data Visualization, Interviewing Skills, Object Oriented Programming (OOP), Sampling (Statistics), Spreadsheet Software, Stakeholder Communications, Data Visualization, Web Presence",SK004;SK046;SK122;SK005;SK001;SK006;SK195;SK034;SK139;SK127;SK020,K01,"Technology, Data, and Digital Systems",Coursera / Google,MOOC Platform,88,Course/Certification,English,Online/Self-paced,Free/Paid,Active/Review,,https://www.coursera.org/professional-certificates/google-data-analytics,SQL; Classroom Management; Perform data mining; Data Analysis; Python Programming; Data Visualization; Data security principles; Content Writing; Establish an Information Security Management System; Statistics; Business Communication,mapped,unmapped_terms=In this certificate program | you’ll learn in-demand skills | no degree or experience required | Interviewing Skills | Web Presence
LR-002,Teaching 21st Century Skills in College Courses,,,,,,,SK045;SK046;SK047;SK048,K05,"Education, Training, and Community Services",Other Trusted Provider,Other,70,Course/Certification,English,Online/Self-paced,Free/Paid,Active/Review,,,Lesson Planning; Classroom Management; Student Assessment; Training Facilitation,category_fallback_review,category fallback used; manually review resource before final release; unmapped_terms=Teaching 21st Century Skills in College Courses
LR-003,,,,,,,,SK056;SK057;SK058;SK059,K06,"Healthcare, Caregiving, and Wellness",Other Trusted Provider,Other,70,Course/Certification,English,Online/Self-paced,Free/Paid,Active/Review,,https://openlearning.unesco.org/courses/course-v1:UNESCO+Hydro-Resilience_01+2025/about,Patient Assessment Support; Medical Terminology; Clinical Documentation; Caregiving,category_fallback_review,category fallback used; manually review resource before final release
LR-004,"AWS Certified Solutions Architect —
Associate","Issued by Amazon Web Services. Validates ability
to design scalable, cost-optimized, fault-tolerant
cloud architectures on AWS. One of the most
in-demand cloud certifications globally. Source:
aws.amazon.com/certification","1+ year of hands-on experience
with AWS; familiarity with
compute, storage, networking,
and database services","Exam on-demand at
Pearson VUE / online
proctored; valid 3 years",Intermediate," 120-180 hours of
study recommended","Cloud Architecture, AWS Services (EC2/S3/RDS/VPC), High Availability
Design, Security & IAM, Cost Optimization",SK003;SK040;SK011;SK139,K01,"Technology, Data, and Digital Systems",Other Trusted Provider,Other,70,Course/Certification,English,Online/Self-paced,Free/Paid,Active/Review,,,Web Development; Graphic Design; Cloud Computing; Establish an Information Security Management System,mapped,unmapped_terms=AWS Certified Solutions Architect — | cost-optimized | fault-tolerant | cloud architectures on AWS. One of the most | in-demand cloud certifications globally. Source: | aws.amazon.com | AWS Services (EC2 | S3 | RDS | VPC)
LR-005,"Google Data Analytics Professional
Certificate","Offered by Google via Coursera. Covers data
cleaning, analysis, visualization, and storytelling
using spreadsheets, SQL, Tableau, and R.
Recognized by 150+ employers. Source: coursera.o
rg/professional-certificates/google-data-analytics",No prior experience required ,"Self-paced; ~10
hours/week",Beginner,6 months (flexible),"SQL, Data Cleaning, Tableau / Data Visualization, R Programming,
Spreadsheet Analysis, Analytical Thinking",SK004;SK122;SK079;SK005;SK006;SK034;SK023;SK150,K01,"Technology, Data, and Digital Systems",Coursera / Google,MOOC Platform,88,Course/Certification,English,Online/Self-paced,Free/Paid,Active/Review,,,SQL; Perform data mining; Housekeeping; Data Analysis; Data Visualization; Content Writing; Sales Techniques; Assembly (computer programming),mapped,unmapped_terms=Recognized by 150+ employers. Source: coursera.o | rg | professional-certificates | Analytical Thinking
LR-006,CompTIA Security+,"Vendor-neutral cybersecurity certification by
CompTIA. Covers threats, vulnerabilities,
cryptography, identity management, and incident
response. DoD 8570 compliant. Source:
comptia.org/certifications/security","CompTIA Network+
recommended; 2 years IT
experience with security focus
preferred","Exam on-demand at
Pearson VUE or online
proctored; valid 3 years
(renewable via CEUs)",Intermediate,"60-90 hours of study
recommended","Threat Detection, Network Security, Cryptography, Incident Response,
Identity & Access Management, Risk Management",SK010;SK139;SK119,K01,"Technology, Data, and Digital Systems",Other Trusted Provider,Other,70,Course/Certification,English,Online/Self-paced,Free/Paid,Active/Review,,,Cybersecurity Awareness; Establish an Information Security Management System; Risk Reporting,mapped,unmapped_terms=CompTIA. Covers threats | vulnerabilities | cryptography | identity management | and incident | response. DoD 8570 compliant. Source: | comptia.org | certifications | security Threat Detection | Cryptography
LR-007,"Microsoft Azure Fundamentals
(AZ-900)","Entry-level Microsoft certification covering cloud
concepts, Azure services, pricing, SLAs, and cloud
governance. Ideal starting point for IT and non-IT
professionals. Source: learn.microsoft.com/en-us/ce
rtifications/azure-fundamentals","No prerequisites; suitable for all
backgrounds","Exam on-demand at
Pearson VUE or online
proctored; no expiry",Beginner,8-12 hours ,"Cloud Computing Concepts, Azure Core Services, Azure Pricing & SLAs,
Azure Management Tools, Security & Compliance Basics",SK011;SK330;SK130;SK139,K01,"Technology, Data, and Digital Systems",Microsoft,Industry Vendor,85,Course/Certification,English,Online/Self-paced,Free/Paid,Active/Review,,,Cloud Computing; Translate requirements into visual design; Data science; Establish an Information Security Management System,mapped,unmapped_terms=(AZ-900) Entry-level Microsoft certification covering cloud | pricing | SLAs | and cloud | governance. Ideal starting point for IT and non-IT | professionals. Source: learn.microsoft.com | en-us | rtifications
LR-008,"Certified Information Systems Security
Professional (CISSP)","Issued by (ISC)2. The gold standard in
cybersecurity management. Covers 8 domains
including security architecture, risk management,
software development security, and cryptography.
Source: isc2.org/certifications/cissp","Minimum 5 years paid work
experience in 2+ of the 8 CISSP
domains required","Exam at Pearson VUE
(CAT format); valid 3 years
(120 CPE credits for
renewal)","Advanced /
Professional","300-500 hours of
study recommended","Security Architecture, Risk Management, Access Control, Cryptography,
Network Security, Software Development Security",SK144;SK154;SK010;SK119;SK160;SK139;SK003,K01,"Technology, Data, and Digital Systems",Other Trusted Provider,Other,70,Course/Certification,English,Online/Self-paced,Free/Paid,Active/Review,,,Security engineering; Analyse large-scale data in healthcare; Cybersecurity Awareness; Risk Reporting; Debug software; Establish an Information Security Management System; Web Development,mapped,unmapped_terms=including security architecture | and cryptography | Source: isc2.org | certifications | Access Control | Cryptography
LR-009,"CFA Level I (Chartered Financial
Analyst)","Globally recognized credential covering investment
tools, asset valuation, portfolio management, and
financial reporting. Administered by CFA Institute
(USA). Source: cfainstitute.org","Bachelor's degree or equivalent
work experience; 4,000 hrs
professional experience for
charterholder","Self-paced; 3 exam
windows/year (Feb, May,
Aug/Nov)",Professional,"300+ hours of study
recommended","Financial Analysis, Equity Valuation, Fixed Income, Portfolio Management,
Ethics",SK129;SK146;SK013;SK005;SK139;SK411,K01,"Technology, Data, and Digital Systems",Other Trusted Provider,Other,70,Course/Certification,English,Online/Self-paced,Free/Paid,Active/Review,,,Use scripting programming; ICT security standards; Financial Reporting; Data Analysis; Establish an Information Security Management System; Health care occupation-specific ethics,mapped,unmapped_terms=CFA Level I (Chartered Financial | Analyst) Globally recognized credential covering investment | asset valuation | portfolio management | Equity Valuation | Fixed Income
LR-010,"Certified Public Accountant (CPA) —
PH Board Exam","Philippine licensure exam administered by PRC /
BOA covering financial accounting, auditing,
taxation, and management services. Source:
prc.gov.ph","Twice yearly (May &
October); review courses
available at CPAR, ReSA,
Becker","Twice yearly (May &
October); review courses
available at CPAR, ReSA,
Becker","Licensure /
Professional","6-12 months review
recommended","Financial Reporting, Auditing, BIR Tax Compliance, Management
Accounting, PFRS/IFRS",SK012;SK206;SK013;SK112;SK008,K02,"Business, Finance, and Office Administration",Other Trusted Provider,Other,70,Course/Certification,English,Online/Self-paced,Free/Paid,Active/Review,,,Bookkeeping; Operations management; Financial Reporting; Regulatory Compliance; Database Management,mapped,unmapped_terms=Certified Public Accountant (CPA) — | PH Board Exam Philippine licensure exam administered by PRC | auditing | taxation | Auditing | PFRS
LR-011,"Project Management Professional
(PMP)","World's leading project management certification by
PMI. Covers predictive, agile, and hybrid project
delivery frameworks. Source: pmi.org","Exam on-demand at
Pearson VUE; renewal
every 3 years (60 PDUs)","Exam on-demand at
Pearson VUE; renewal
every 3 years (60 PDUs)",Professional,"200-250 hours of
study recommended","Project Planning, Risk Management, Stakeholder Engagement,
Agile/Scrum, Budget Control",SK021;SK213;SK224;SK119;SK242,K02,"Business, Finance, and Office Administration",Other Trusted Provider,Other,70,Course/Certification,English,Online/Self-paced,Free/Paid,Active/Review,,,Project Coordination; Agile project management; ICT project management methodologies; Risk Reporting; Control financial resources,mapped,unmapped_terms=PMI. Covers predictive | Stakeholder Engagement
LR-012,"Certified Management Accountant
(CMA)","Issued by IMA (Institute of Management
Accountants). Covers financial planning, analysis,
control, and decision support for management roles.
Source: imanet.org","Two exam parts; testing
year-round at Prometric
centers","Two exam parts; testing
year-round at Prometric
centers",Professional,"150-170 hours per
part recommended","Financial Planning & Analysis, Cost Management, Internal Controls,
Performance Management, Ethics",SK016;SK013;SK005;SK012;SK206;SK244;SK411,K02,"Business, Finance, and Office Administration",Other Trusted Provider,Other,70,Course/Certification,English,Online/Self-paced,Free/Paid,Active/Review,,,Document Management; Financial Reporting; Data Analysis; Bookkeeping; Operations management; Management systems standards; Health care occupation-specific ethics,mapped,unmapped_terms=Internal Controls | Performance Management
LR-013,"CIPS Level 4 Diploma in Procurement
& Supply","Issued by the Chartered Institute of Procurement &
Supply (UK/Global). Covers strategic sourcing,
supplier management, and contract negotiation.
Source: cips.org","Self-paced online or
classroom; exams held
quarterly","Self-paced online or
classroom; exams held
quarterly","Professional
Diploma",6-12 months part-time ,"Procurement Strategy, Supplier Evaluation, Contract Management, Supply
Chain Risk, Cost Negotiation",SK205;SK221;SK207;SK032;SK047,K02,"Business, Finance, and Office Administration",Other Trusted Provider,Other,70,Course/Certification,English,Online/Self-paced,Free/Paid,Active/Review,,,Maintain administrative records in the veterinary office; Manufacturing of office equipment; Support implementation of quality management systems; Negotiation; Student Assessment,mapped,unmapped_terms=Supply (UK | Global). Covers strategic sourcing | Source: cips.org Procurement Strategy | Supplier Evaluation | Contract Management | Chain Risk
LR-014,"Google Digital Marketing &
E-commerce Certificate","Professional certificate by Google offered via
Coursera. Covers digital marketing fundamentals,
SEO, SEM, e-commerce, email and social media
marketing, and analytics. Source: coursera.org/prof
essional-certificates/google-digital-marketing-ecom
merce",No prior experience required,"Self-paced; approximately
10 hours/week",Beginner / Entry,6 months (flexible),"SEO/SEM, Google Ads, Email Marketing, E-commerce Analytics, Social
Media Marketing",SK023;SK026;SK034;SK004;SK264;SK051,K02,"Business, Finance, and Office Administration",Coursera / Google,MOOC Platform,88,Course/Certification,English,Online/Self-paced,Free/Paid,Active/Review,,,Sales Techniques; Digital Marketing; Content Writing; SQL; Execute email marketing; Community Engagement,mapped,unmapped_terms=E-commerce Certificate Professional certificate by Google offered via | e-commerce | prof | essional-certificates | merce SEO
LR-015,"HubSpot Inbound Marketing
Certification","Free certification by HubSpot Academy covering
inbound methodology, content strategy, social
media promotion, conversational marketing, and
email marketing. Source: academy.hubspot.com","No prerequisites; suitable for
marketers at all levels","Self-paced online; exam on
completion","Beginner to
Intermediate",4-6 hours,"Inbound Marketing, Content Strategy, Lead Nurturing, Email Marketing,
Buyer Personas",SK023;SK226;SK051;SK034;SK235;SK264,K02,"Business, Finance, and Office Administration",Other Trusted Provider,Other,70,Course/Certification,English,Online/Self-paced,Free/Paid,Active/Review,,,Sales Techniques; Project management methodology (PM²); Community Engagement; Content Writing; Handle cash flow; Execute email marketing,mapped,unmapped_terms=Certification Free certification by HubSpot Academy covering | content strategy | Content Strategy | Lead Nurturing | Buyer Personas
LR-016,"Meta Social Media Marketing
Professional Certificate","Issued by Meta via Coursera. Covers Facebook &
Instagram advertising, content creation, community
management, and performance analytics using
Meta Business Suite. Source: coursera.org/professi
onal-certificates/facebook-social-media-marketing",No prior experience required,Self-paced; ~5 hours/week,Beginner,5 months (flexible) ,"Social Media Strategy, Meta Ads Manager, Community Management,
Campaign Analytics, Content Creation",SK023;SK034;SK046;SK008;SK004;SK012;SK056;SK027;SK263,K02,"Business, Finance, and Office Administration",Other Trusted Provider,Other,70,Course/Certification,English,Online/Self-paced,Free/Paid,Active/Review,,,Sales Techniques; Content Writing; Classroom Management; Database Management; SQL; Bookkeeping; Patient Assessment Support; Social Media Management; Plan digital marketing,mapped,unmapped_terms=Professional Certificate Issued by Meta via Coursera. Covers Facebook & | Instagram advertising | onal-certificates | Meta Ads Manager
LR-017,"Salesforce Certified Sales
Representative","Issued by Salesforce. Validates knowledge of sales
processes, pipeline management, customer
engagement, and CRM best practices using
Salesforce platform. Source: trailhead.salesforce.co
m/credentials/salesrepresentative","1+ years sales experience
recommended; Salesforce
platform familiarity helpful","Exam on-demand at
Kryterion testing centers or
online proctored",Intermediate,"60-80 hours of
Trailhead prep
recommended","CRM Management, Sales Pipeline, Customer Engagement, Forecasting,
Salesforce Platform",SK023;SK047;SK207;SK014;SK051;SK013,K02,"Business, Finance, and Office Administration",Other Trusted Provider,Other,70,Course/Certification,English,Online/Self-paced,Free/Paid,Active/Review,,,Sales Techniques; Student Assessment; Support implementation of quality management systems; Payroll Processing; Community Engagement; Financial Reporting,mapped,unmapped_terms=and CRM best practices using | m | credentials | Customer Engagement
LR-018,Google Analytics Certification (GAIQ) ,"Free certification by Google via Skillshop. Validates
proficiency in Google Analytics 4 — data collection,
reporting, attribution, and insight generation.
Source: skillshop.google.com","Familiarity with basic digital
marketing concepts
recommended","Self-paced; exam valid for
12 months","Beginner to
Intermediate",4-8 hours,"GA4 Reporting, Audience Analysis, Conversion Tracking, Attribution
Modeling, Data Visualization",SK004;SK013;SK254;SK006,K02,"Business, Finance, and Office Administration",Coursera / Google,MOOC Platform,88,Course/Certification,English,Online/Self-paced,Free/Paid,Active/Review,,,SQL; Financial Reporting; Manage financial and material resources; Data Visualization,mapped,unmapped_terms=attribution | Audience Analysis | Conversion Tracking | Attribution
LR-019,"Google UX Design Professional
Certificate","Offered by Google via Coursera. Covers the full UX
design process: empathize, define, ideate,
prototype, and test. Includes Figma and wireframing
tools. Source: coursera.org/professional-certificates
/google-ux-design",No prior experience required,"Self-paced; ~10
hours/week",Beginner,6 months (flexible),"UX Research, Wireframing, Prototyping, Figma, Usability Testing,
Interaction Design",SK040;SK139;SK137;SK042,K02,"Business, Finance, and Office Administration",Coursera / Google,MOOC Platform,88,Course/Certification,English,Online/Self-paced,Free/Paid,Active/Review,,,Graphic Design; Establish an Information Security Management System; Develop software prototype; UI Design,mapped,unmapped_terms=Certificate Offered by Google via Coursera. Covers the full UX | ideate | tools. Source: coursera.org | professional-certificates | Wireframing | Prototyping | Usability Testing
LR-020,"Adobe Certified Professional — Visual
Design (Photoshop/Illustrator)","Issued by Adobe via Certiport. Validates proficiency
in Adobe Photoshop or Illustrator for digital imaging,
visual communication, and graphic design. Source:
certiport.com/adobe","Basic familiarity with Adobe
Creative Cloud tools","Exam on-demand at
Certiport authorized
centers; no expiry",Intermediate,"40-60 hours of
practice
recommended","Adobe Photoshop, Adobe Illustrator, Visual Design, Image Editing,
Typography, Brand Assets",SK040;SK125;SK020;SK164;SK283,K03,"Sales, Marketing, and Customer Relations",Other Trusted Provider,Other,70,Course/Certification,English,Online/Self-paced,Free/Paid,Active/Review,,,Graphic Design; Cyber attack counter-measures; Business Communication; Use media software; Brand marketing techniques,mapped,unmapped_terms=Adobe Certified Professional — Visual | certiport.com
LR-021,"HubSpot Content Marketing
Certification","Free certification by HubSpot Academy. Covers
content creation framework, storytelling, promotion
strategy, content repurposing, and measuring ROI
of content programs. Source:
academy.hubspot.com","No prerequisites; suitable for
writers, marketers, and content
leads","Self-paced online; exam on
completion; renew every
25 months","Beginner to
Intermediate",6-8 hours,"Content Strategy, SEO Writing, Storytelling, Content Repurposing,
Blogging, Editorial Planning",SK023;SK034;SK149,K03,"Sales, Marketing, and Customer Relations",Other Trusted Provider,Other,70,Course/Certification,English,Online/Self-paced,Free/Paid,Active/Review,,,Sales Techniques; Content Writing; Information security strategy,mapped,unmapped_terms=Certification Free certification by HubSpot Academy. Covers | content repurposing | and measuring ROI | of content programs. Source: | academy.hubspot.com Content Strategy | Content Repurposing | Blogging | Editorial Planning
LR-022,"Meta Blueprint Certification — Meta
Certified Digital Marketing Associate","Issued by Meta (Facebook). Entry-level certification
validating knowledge of Meta technologies including
Facebook, Instagram, Messenger, and WhatsApp
for business. Source:
facebook.com/business/learn/certification","Basic understanding of social
media marketing recommended","Exam on-demand online
via Pearson VUE; valid 1
year",Associate / Entry,"20-30 hours of study
recommended","Facebook Ads, Instagram Marketing, Meta Business Suite, Audience
Targeting, Campaign Measurement",SK023;SK012;SK050;SK330,K03,"Sales, Marketing, and Customer Relations",Other Trusted Provider,Other,70,Course/Certification,English,Online/Self-paced,Free/Paid,Active/Review,,,Sales Techniques; Bookkeeping; Learning Evaluation; Translate requirements into visual design,mapped,unmapped_terms=Meta Blueprint Certification — Meta | validating knowledge of Meta technologies including | Facebook | Instagram | Messenger | and WhatsApp | facebook.com | certification Facebook Ads | Targeting | Campaign Measurement
LR-023,"PRSA APR (Accreditation in Public
Relations)","Issued by the Public Relations Society of America
(PRSA). Advanced credential for PR professionals
covering strategic planning, research, ethics, and
crisis communications. Source:
prsa.org/aprbody-of-knowledge","Minimum 5 years full-time PR
experience required","Panel presentation +
computer-based exam;
offered year-round","Advanced /
Professional","3-6 months of
preparation
recommended","Media Relations, Strategic PR Planning, Crisis Communications,
Stakeholder Engagement, Ethics",SK313;SK273;SK028;SK411;SK030;SK020;SK034,K03,"Sales, Marketing, and Customer Relations",Other Trusted Provider,Other,70,Course/Certification,English,Online/Self-paced,Free/Paid,Active/Review,,,Public relations; Build a strategic marketing plan for destination management; Market Research; Health care occupation-specific ethics; Client Handling; Business Communication; Content Writing,mapped,unmapped_terms=(PRSA). Advanced credential for PR professionals | prsa.org | Strategic PR Planning | Stakeholder Engagement
LR-114,Certificate Pathway: SQL,"Prototype curated learning resource for SQL. Covers SQL, Data Analysis, Data Visualization and supports Kareerly skill-gap recommendations for Data, Analytics, and Statistics. Verify the exact provider course before final release.",No formal experience required,Flexible/Self-paced,Beginner,2–4 hours,SQL; Data Analysis; Data Visualization,SK004;SK005;SK006,K01,"Technology, Data, and Digital Systems",Coursera,MOOC Platform,88,Course/Certification,English,Online/Self-paced,Free/Paid,Generated - Review Needed,Auto-generated to expand prototype coverage; verify exact course/certification title and URL before final deployment.,https://www.coursera.org/search?query=SQL,SQL; Data Analysis; Data Visualization,generated_mapped,Generated from Expanded_Kareerly_Skills_Reference_SK001_SK621 and linked by skill_ids.
LR-115,Foundations Course: Web Development,"Prototype curated learning resource for Web Development. Covers Web Development, Python Programming, JavaScript Programming and supports Kareerly skill-gap recommendations for Software and Applications. Verify the exact provider course before final release.",Basic related experience recommended,Flexible/Self-paced,Intermediate,6–10 hours,Web Development; Python Programming; JavaScript Programming,SK003;SK001;SK002,K01,"Technology, Data, and Digital Systems",edX,MOOC Platform,88,Course/Certification,English,Online/Self-paced,Free/Paid,Generated - Review Needed,Auto-generated to expand prototype coverage; verify exact course/certification title and URL before final deployment.,https://www.edx.org/search?q=Web+Development,Web Development; Python Programming; JavaScript Programming,generated_mapped,Generated from Expanded_Kareerly_Skills_Reference_SK001_SK621 and linked by skill_ids.
LR-116,Practical Skills Certificate: SAS language,"Prototype curated learning resource for SAS language. Covers SAS language, Python Programming, JavaScript Programming and supports Kareerly skill-gap recommendations for Software and Applications. Verify the exact provider course before final release.",No formal experience required,Flexible/Self-paced,Foundational,2–4 weeks,SAS language; Python Programming; JavaScript Programming,SK159;SK001;SK002,K01,"Technology, Data, and Digital Systems",IBM SkillsBuild,Industry Vendor,85,Course/Certification,English,Online/Self-paced,Free,Generated - Review Needed,Auto-generated to expand prototype coverage; verify exact course/certification title and URL before final deployment.,https://skillsbuild.org/,SAS language; Python Programming; JavaScript Programming,generated_mapped,Generated from Expanded_Kareerly_Skills_Reference_SK001_SK621 and linked by skill_ids.
LR-117,Career Readiness Course: Data science,"Prototype curated learning resource for Data science. Covers Data science, SQL, Data Analysis and supports Kareerly skill-gap recommendations for Data, Analytics, and Statistics. Verify the exact provider course before final release.",No formal experience required,Flexible/Self-paced,Beginner,4–6 weeks,Data science; SQL; Data Analysis,SK130;SK004;SK005,K01,"Technology, Data, and Digital Systems",Cisco Networking Academy,Industry Vendor,85,Course/Certification,English,Online/Self-paced,Free/Paid,Generated - Review Needed,Auto-generated to expand prototype coverage; verify exact course/certification title and URL before final deployment.,https://www.netacad.com/,Data science; SQL; Data Analysis,generated_mapped,Generated from Expanded_Kareerly_Skills_Reference_SK001_SK621 and linked by skill_ids.
LR-118,Certificate Pathway: Business Communication,"Prototype curated learning resource for Business Communication. Covers Business Communication, Human Resource Support, Recruitment Coordination and supports Kareerly skill-gap recommendations for Human Resources and Business Services. Verify the exact provider course before final release.",Basic related experience recommended,Flexible/Self-paced,Intermediate,2–4 hours,Business Communication; Human Resource Support; Recruitment Coordination,SK020;SK018;SK019,K02,"Business, Finance, and Office Administration",Other Trusted Provider,Other,70,Course/Certification,English,Online/Self-paced,Review,Generated - Review Needed,Auto-generated to expand prototype coverage; verify exact course/certification title and URL before final deployment.,,Business Communication; Human Resource Support; Recruitment Coordination,generated_mapped,Generated from Expanded_Kareerly_Skills_Reference_SK001_SK621 and linked by skill_ids.
LR-119,Foundations Course: Risk Reporting,"Prototype curated learning resource for Risk Reporting. Covers Risk Reporting, Security Monitoring, Emergency Response and supports Kareerly skill-gap recommendations for Protective and Security Services. Verify the exact provider course before final release.",No formal experience required,Flexible/Self-paced,Foundational,6–10 hours,Risk Reporting; Security Monitoring; Emergency Response,SK119;SK117;SK118,K11,"Public Service, Legal, and Protective Services",Coursera,MOOC Platform,88,Course/Certification,English,Online/Self-paced,Free/Paid,Generated - Review Needed,Auto-generated to expand prototype coverage; verify exact course/certification title and URL before final deployment.,https://www.coursera.org/search?query=Risk+Reporting,Risk Reporting; Security Monitoring; Emergency Response,generated_mapped,Generated from Expanded_Kareerly_Skills_Reference_SK001_SK621 and linked by skill_ids.
LR-120,Practical Skills Certificate: Case Documentation,"Prototype curated learning resource for Case Documentation. Covers Case Documentation, Community Engagement, Counselling Support and supports Kareerly skill-gap recommendations for Social, Religious, and Community Work. Verify the exact provider course before final release.",No formal experience required,Flexible/Self-paced,Beginner,2–4 weeks,Case Documentation; Community Engagement; Counselling Support,SK052;SK051;SK053,K05,"Education, Training, and Community Services",UPOU MODeL,University,92,Course/Certification,English,Online/Self-paced,Free,Generated - Review Needed,Auto-generated to expand prototype coverage; verify exact course/certification title and URL before final deployment.,https://model.upou.edu.ph/,Case Documentation; Community Engagement; Counselling Support,generated_mapped,Generated from Expanded_Kareerly_Skills_Reference_SK001_SK621 and linked by skill_ids.
LR-121,Career Readiness Course: Establish an Information Security Management System,"Prototype curated learning resource for Establish an Information Security Management System. Covers Establish an Information Security Management System, Technical Support, Database Management and supports Kareerly skill-gap recommendations for Networks, Databases, and IT Support. Verify the exact provider course before final release.",Basic related experience recommended,Flexible/Self-paced,Intermediate,4–6 weeks,Establish an Information Security Management System; Technical Support; Database Management,SK139;SK007;SK008,K01,"Technology, Data, and Digital Systems",IBM SkillsBuild,Industry Vendor,85,Course/Certification,English,Online/Self-paced,Free,Generated - Review Needed,Auto-generated to expand prototype coverage; verify exact course/certification title and URL before final deployment.,https://skillsbuild.org/,Establish an Information Security Management System; Technical Support; Database Management,generated_mapped,Generated from Expanded_Kareerly_Skills_Reference_SK001_SK621 and linked by skill_ids.
LR-122,Certificate Pathway: Data Analysis,"Prototype curated learning resource for Data Analysis. Covers Data Analysis, SQL, Data Visualization and supports Kareerly skill-gap recommendations for Data, Analytics, and Statistics. Verify the exact provider course before final release.",No formal experience required,Flexible/Self-paced,Foundational,2–4 hours,Data Analysis; SQL; Data Visualization,SK005;SK004;SK006,K01,"Technology, Data, and Digital Systems",Cisco Networking Academy,Industry Vendor,85,Course/Certification,English,Online/Self-paced,Free/Paid,Generated - Review Needed,Auto-generated to expand prototype coverage; verify exact course/certification title and URL before final deployment.,https://www.netacad.com/,Data Analysis; SQL; Data Visualization,generated_mapped,Generated from Expanded_Kareerly_Skills_Reference_SK001_SK621 and linked by skill_ids.
LR-123,Foundations Course: JavaScript Programming,"Prototype curated learning resource for JavaScript Programming. Covers JavaScript Programming, Python Programming, Web Development and supports Kareerly skill-gap recommendations for Software and Applications. Verify the exact provider course before final release.",No formal experience required,Flexible/Self-paced,Beginner,6–10 hours,JavaScript Programming; Python Programming; Web Development,SK002;SK001;SK003,K01,"Technology, Data, and Digital Systems",Udemy,Private Training Platform,75,Course/Certification,English,Online/Self-paced,Paid,Generated - Review Needed,Auto-generated to expand prototype coverage; verify exact course/certification title and URL before final deployment.,https://www.udemy.com/courses/search/?q=JavaScript+Programming,JavaScript Programming; Python Programming; Web Development,generated_mapped,Generated from Expanded_Kareerly_Skills_Reference_SK001_SK621 and linked by skill_ids.
LR-124,Practical Skills Certificate: Technical Support,"Prototype curated learning resource for Technical Support. Covers Technical Support, Database Management, Network Administration and supports Kareerly skill-gap recommendations for Networks, Databases, and IT Support. Verify the exact provider course before final release.",Basic related experience recommended,Flexible/Self-paced,Intermediate,2–4 weeks,Technical Support; Database Management; Network Administration,SK007;SK008;SK009,K01,"Technology, Data, and Digital Systems",Coursera,MOOC Platform,88,Course/Certification,English,Online/Self-paced,Free/Paid,Generated - Review Needed,Auto-generated to expand prototype coverage; verify exact course/certification title and URL before final deployment.,https://www.coursera.org/search?query=Technical+Support,Technical Support; Database Management; Network Administration,generated_mapped,Generated from Expanded_Kareerly_Skills_Reference_SK001_SK621 and linked by skill_ids.
LR-125,Career Readiness Course: Data mining,"Prototype curated learning resource for Data mining. Covers Data mining, SQL, Data Analysis and supports Kareerly skill-gap recommendations for Data, Analytics, and Statistics. Verify the exact provider course before final release.",No formal experience required,Flexible/Self-paced,Foundational,4–6 weeks,Data mining; SQL; Data Analysis,SK123;SK004;SK005,K01,"Technology, Data, and Digital Systems",edX,MOOC Platform,88,Course/Certification,English,Online/Self-paced,Free/Paid,Generated - Review Needed,Auto-generated to expand prototype coverage; verify exact course/certification title and URL before final deployment.,https://www.edx.org/search?q=Data+mining,Data mining; SQL; Data Analysis,generated_mapped,Generated from Expanded_Kareerly_Skills_Reference_SK001_SK621 and linked by skill_ids.
LR-126,Certificate Pathway: ICT debugging tools,"Prototype curated learning resource for ICT debugging tools. Covers ICT debugging tools, Python Programming, JavaScript Programming and supports Kareerly skill-gap recommendations for Software and Applications. Verify the exact provider course before final release.",No formal experience required,Flexible/Self-paced,Beginner,2–4 hours,ICT debugging tools; Python Programming; JavaScript Programming,SK190;SK001;SK002,K01,"Technology, Data, and Digital Systems",IBM SkillsBuild,Industry Vendor,85,Course/Certification,English,Online/Self-paced,Free,Generated - Review Needed,Auto-generated to expand prototype coverage; verify exact course/certification title and URL before final deployment.,https://skillsbuild.org/,ICT debugging tools; Python Programming; JavaScript Programming,generated_mapped,Generated from Expanded_Kareerly_Skills_Reference_SK001_SK621 and linked by skill_ids.
LR-127,Foundations Course: Bookkeeping,"Prototype curated learning resource for Bookkeeping. Covers Bookkeeping, Financial Reporting, Payroll Processing and supports Kareerly skill-gap recommendations for Finance, Accounting, and Bookkeeping. Verify the exact provider course before final release.",Basic related experience recommended,Flexible/Self-paced,Intermediate,6–10 hours,Bookkeeping; Financial Reporting; Payroll Processing,SK012;SK013;SK014,K02,"Business, Finance, and Office Administration",Udemy,Private Training Platform,75,Course/Certification,English,Online/Self-paced,Paid,Generated - Review Needed,Auto-generated to expand prototype coverage; verify exact course/certification title and URL before final deployment.,https://www.udemy.com/courses/search/?q=Bookkeeping,Bookkeeping; Financial Reporting; Payroll Processing,generated_mapped,Generated from Expanded_Kareerly_Skills_Reference_SK001_SK621 and linked by skill_ids.
LR-128,Practical Skills Certificate: Financial Reporting,"Prototype curated learning resource for Financial Reporting. Covers Financial Reporting, Bookkeeping, Payroll Processing and supports Kareerly skill-gap recommendations for Finance, Accounting, and Bookkeeping. Verify the exact provider course before final release.",No formal experience required,Flexible/Self-paced,Foundational,2–4 weeks,Financial Reporting; Bookkeeping; Payroll Processing,SK013;SK012;SK014,K02,"Business, Finance, and Office Administration",Other Trusted Provider,Other,70,Course/Certification,English,Online/Self-paced,Review,Generated - Review Needed,Auto-generated to expand prototype coverage; verify exact course/certification title and URL before final deployment.,,Financial Reporting; Bookkeeping; Payroll Processing,generated_mapped,Generated from Expanded_Kareerly_Skills_Reference_SK001_SK621 and linked by skill_ids.
LR-129,Career Readiness Course: Python Programming,"Prototype curated learning resource for Python Programming. Covers Python Programming, JavaScript Programming, Web Development and supports Kareerly skill-gap recommendations for Software and Applications. Verify the exact provider course before final release.",No formal experience required,Flexible/Self-paced,Beginner,4–6 weeks,Python Programming; JavaScript Programming; Web Development,SK001;SK002;SK003,K01,"Technology, Data, and Digital Systems",Coursera,MOOC Platform,88,Course/Certification,English,Online/Self-paced,Free/Paid,Generated - Review Needed,Auto-generated to expand prototype coverage; verify exact course/certification title and URL before final deployment.,https://www.coursera.org/search?query=Python+Programming,Python Programming; JavaScript Programming; Web Development,generated_mapped,Generated from Expanded_Kareerly_Skills_Reference_SK001_SK621 and linked by skill_ids.
LR-130,Certificate Pathway: Customer Service,"Prototype curated learning resource for Customer Service. Covers Customer Service, Client Handling, English Communication and supports Kareerly skill-gap recommendations for Customer Service and Client Information. Verify the exact provider course before final release.",Basic related experience recommended,Flexible/Self-paced,Intermediate,2–4 hours,Customer Service; Client Handling; English Communication,SK029;SK030;SK031,K03,"Sales, Marketing, and Customer Relations",edX,MOOC Platform,88,Course/Certification,English,Online/Self-paced,Free/Paid,Generated - Review Needed,Auto-generated to expand prototype coverage; verify exact course/certification title and URL before final deployment.,https://www.edx.org/search?q=Customer+Service,Customer Service; Client Handling; English Communication,generated_mapped,Generated from Expanded_Kareerly_Skills_Reference_SK001_SK621 and linked by skill_ids.
LR-131,Foundations Course: English Communication,"Prototype curated learning resource for English Communication. Covers English Communication, Customer Service, Client Handling and supports Kareerly skill-gap recommendations for Customer Service and Client Information. Verify the exact provider course before final release.",No formal experience required,Flexible/Self-paced,Foundational,6–10 hours,English Communication; Customer Service; Client Handling,SK031;SK029;SK030,K03,"Sales, Marketing, and Customer Relations",IBM SkillsBuild,Industry Vendor,85,Course/Certification,English,Online/Self-paced,Free,Generated - Review Needed,Auto-generated to expand prototype coverage; verify exact course/certification title and URL before final deployment.,https://skillsbuild.org/,English Communication; Customer Service; Client Handling,generated_mapped,Generated from Expanded_Kareerly_Skills_Reference_SK001_SK621 and linked by skill_ids.
LR-132,Practical Skills Certificate: Client Handling,"Prototype curated learning resource for Client Handling. Covers Client Handling, Customer Service, English Communication and supports Kareerly skill-gap recommendations for Customer Service and Client Information. Verify the exact provider course before final release.",No formal experience required,Flexible/Self-paced,Beginner,2–4 weeks,Client Handling; Customer Service; English Communication,SK030;SK029;SK031,K03,"Sales, Marketing, and Customer Relations",Udemy,Private Training Platform,75,Course/Certification,English,Online/Self-paced,Paid,Generated - Review Needed,Auto-generated to expand prototype coverage; verify exact course/certification title and URL before final deployment.,https://www.udemy.com/courses/search/?q=Client+Handling,Client Handling; Customer Service; English Communication,generated_mapped,Generated from Expanded_Kareerly_Skills_Reference_SK001_SK621 and linked by skill_ids.
LR-133,Career Readiness Course: Execute email marketing,"Prototype curated learning resource for Execute email marketing. Covers Execute email marketing, Digital Marketing, Social Media Management and supports Kareerly skill-gap recommendations for Marketing and Public Relations. Verify the exact provider course before final release.",Basic related experience recommended,Flexible/Self-paced,Intermediate,4–6 weeks,Execute email marketing; Digital Marketing; Social Media Management,SK264;SK026;SK027,K03,"Sales, Marketing, and Customer Relations",Other Trusted Provider,Other,70,Course/Certification,English,Online/Self-paced,Review,Generated - Review Needed,Auto-generated to expand prototype coverage; verify exact course/certification title and URL before final deployment.,,Execute email marketing; Digital Marketing; Social Media Management,generated_mapped,Generated from Expanded_Kareerly_Skills_Reference_SK001_SK621 and linked by skill_ids.
LR-134,Certificate Pathway: Implement a firewall,"Prototype curated learning resource for Implement a firewall. Covers Implement a firewall, Technical Support, Database Management and supports Kareerly skill-gap recommendations for Networks, Databases, and IT Support. Verify the exact provider course before final release.",No formal experience required,Flexible/Self-paced,Foundational,2–4 hours,Implement a firewall; Technical Support; Database Management,SK191;SK007;SK008,K01,"Technology, Data, and Digital Systems",Coursera,MOOC Platform,88,Course/Certification,English,Online/Self-paced,Free/Paid,Generated - Review Needed,Auto-generated to expand prototype coverage; verify exact course/certification title and URL before final deployment.,https://www.coursera.org/search?query=Implement+a+firewall,Implement a firewall; Technical Support; Database Management,generated_mapped,Generated from Expanded_Kareerly_Skills_Reference_SK001_SK621 and linked by skill_ids.
LR-135,Foundations Course: Database management systems,"Prototype curated learning resource for Database management systems. Covers Database management systems, SQL, Data Analysis and supports Kareerly skill-gap recommendations for Data, Analytics, and Statistics. Verify the exact provider course before final release.",No formal experience required,Flexible/Self-paced,Beginner,6–10 hours,Database management systems; SQL; Data Analysis,SK169;SK004;SK005,K01,"Technology, Data, and Digital Systems",edX,MOOC Platform,88,Course/Certification,English,Online/Self-paced,Free/Paid,Generated - Review Needed,Auto-generated to expand prototype coverage; verify exact course/certification title and URL before final deployment.,https://www.edx.org/search?q=Database+management+systems,Database management systems; SQL; Data Analysis,generated_mapped,Generated from Expanded_Kareerly_Skills_Reference_SK001_SK621 and linked by skill_ids.
LR-136,Practical Skills Certificate: Perform data mining,"Prototype curated learning resource for Perform data mining. Covers Perform data mining, SQL, Data Analysis and supports Kareerly skill-gap recommendations for Data, Analytics, and Statistics. Verify the exact provider course before final release.",Basic related experience recommended,Flexible/Self-paced,Intermediate,2–4 weeks,Perform data mining; SQL; Data Analysis,SK122;SK004;SK005,K01,"Technology, Data, and Digital Systems",IBM SkillsBuild,Industry Vendor,85,Course/Certification,English,Online/Self-paced,Free,Generated - Review Needed,Auto-generated to expand prototype coverage; verify exact course/certification title and URL before final deployment.,https://skillsbuild.org/,Perform data mining; SQL; Data Analysis,generated_mapped,Generated from Expanded_Kareerly_Skills_Reference_SK001_SK621 and linked by skill_ids.
LR-137,Career Readiness Course: Analyse large-scale data in healthcare,"Prototype curated learning resource for Analyse large-scale data in healthcare. Covers Analyse large-scale data in healthcare, SQL, Data Analysis and supports Kareerly skill-gap recommendations for Data, Analytics, and Statistics. Verify the exact provider course before final release.",No formal experience required,Flexible/Self-paced,Foundational,4–6 weeks,Analyse large-scale data in healthcare; SQL; Data Analysis,SK154;SK004;SK005,K01,"Technology, Data, and Digital Systems",Cisco Networking Academy,Industry Vendor,85,Course/Certification,English,Online/Self-paced,Free/Paid,Generated - Review Needed,Auto-generated to expand prototype coverage; verify exact course/certification title and URL before final deployment.,https://www.netacad.com/,Analyse large-scale data in healthcare; SQL; Data Analysis,generated_mapped,Generated from Expanded_Kareerly_Skills_Reference_SK001_SK621 and linked by skill_ids.
LR-138,Certificate Pathway: Analyse big data,"Prototype curated learning resource for Analyse big data. Covers Analyse big data, SQL, Data Analysis and supports Kareerly skill-gap recommendations for Data, Analytics, and Statistics. Verify the exact provider course before final release.",No formal experience required,Flexible/Self-paced,Beginner,2–4 hours,Analyse big data; SQL; Data Analysis,SK131;SK004;SK005,K01,"Technology, Data, and Digital Systems",Udemy,Private Training Platform,75,Course/Certification,English,Online/Self-paced,Paid,Generated - Review Needed,Auto-generated to expand prototype coverage; verify exact course/certification title and URL before final deployment.,https://www.udemy.com/courses/search/?q=Analyse+big+data,Analyse big data; SQL; Data Analysis,generated_mapped,Generated from Expanded_Kareerly_Skills_Reference_SK001_SK621 and linked by skill_ids.
LR-139,Foundations Course: Apply statistical analysis techniques,"Prototype curated learning resource for Apply statistical analysis techniques. Covers Apply statistical analysis techniques, SQL, Data Analysis and supports Kareerly skill-gap recommendations for Data, Analytics, and Statistics. Verify the exact provider course before final release.",Basic related experience recommended,Flexible/Self-paced,Intermediate,6–10 hours,Apply statistical analysis techniques; SQL; Data Analysis,SK126;SK004;SK005,K01,"Technology, Data, and Digital Systems",Coursera,MOOC Platform,88,Course/Certification,English,Online/Self-paced,Free/Paid,Generated - Review Needed,Auto-generated to expand prototype coverage; verify exact course/certification title and URL before final deployment.,https://www.coursera.org/search?query=Apply+statistical+analysis+techniques,Apply statistical analysis techniques; SQL; Data Analysis,generated_mapped,Generated from Expanded_Kareerly_Skills_Reference_SK001_SK621 and linked by skill_ids.
LR-140,Practical Skills Certificate: Manage system security,"Prototype curated learning resource for Manage system security. Covers Manage system security, Technical Support, Database Management and supports Kareerly skill-gap recommendations for Networks, Databases, and IT Support. Verify the exact provider course before final release.",No formal experience required,Flexible/Self-paced,Foundational,2–4 weeks,Manage system security; Technical Support; Database Management,SK166;SK007;SK008,K01,"Technology, Data, and Digital Systems",edX,MOOC Platform,88,Course/Certification,English,Online/Self-paced,Free/Paid,Generated - Review Needed,Auto-generated to expand prototype coverage; verify exact course/certification title and URL before final deployment.,https://www.edx.org/search?q=Manage+system+security,Manage system security; Technical Support; Database Management,generated_mapped,Generated from Expanded_Kareerly_Skills_Reference_SK001_SK621 and linked by skill_ids.
LR-141,Career Readiness Course: ICT security legislation,"Prototype curated learning resource for ICT security legislation. Covers ICT security legislation, Technical Support, Database Management and supports Kareerly skill-gap recommendations for Networks, Databases, and IT Support. Verify the exact provider course before final release.",No formal experience required,Flexible/Self-paced,Beginner,4–6 weeks,ICT security legislation; Technical Support; Database Management,SK128;SK007;SK008,K01,"Technology, Data, and Digital Systems",IBM SkillsBuild,Industry Vendor,85,Course/Certification,English,Online/Self-paced,Free,Generated - Review Needed,Auto-generated to expand prototype coverage; verify exact course/certification title and URL before final deployment.,https://skillsbuild.org/,ICT security legislation; Technical Support; Database Management,generated_mapped,Generated from Expanded_Kareerly_Skills_Reference_SK001_SK621 and linked by skill_ids.
LR-142,Certificate Pathway: Data Visualization,"Prototype curated learning resource for Data Visualization. Covers Data Visualization, SQL, Data Analysis and supports Kareerly skill-gap recommendations for Data, Analytics, and Statistics. Verify the exact provider course before final release.",Basic related experience recommended,Flexible/Self-paced,Intermediate,2–4 hours,Data Visualization; SQL; Data Analysis,SK006;SK004;SK005,K01,"Technology, Data, and Digital Systems",Cisco Networking Academy,Industry Vendor,85,Course/Certification,English,Online/Self-paced,Free/Paid,Generated - Review Needed,Auto-generated to expand prototype coverage; verify exact course/certification title and URL before final deployment.,https://www.netacad.com/,Data Visualization; SQL; Data Analysis,generated_mapped,Generated from Expanded_Kareerly_Skills_Reference_SK001_SK621 and linked by skill_ids.
LR-143,Foundations Course: Cyber attack counter-measures,"Prototype curated learning resource for Cyber attack counter-measures. Covers Cyber attack counter-measures, Technical Support, Database Management and supports Kareerly skill-gap recommendations for Networks, Databases, and IT Support. Verify the exact provider course before final release.",No formal experience required,Flexible/Self-paced,Foundational,6–10 hours,Cyber attack counter-measures; Technical Support; Database Management,SK125;SK007;SK008,K01,"Technology, Data, and Digital Systems",Udemy,Private Training Platform,75,Course/Certification,English,Online/Self-paced,Paid,Generated - Review Needed,Auto-generated to expand prototype coverage; verify exact course/certification title and URL before final deployment.,https://www.udemy.com/courses/search/?q=Cyber+attack+counter-measures,Cyber attack counter-measures; Technical Support; Database Management,generated_mapped,Generated from Expanded_Kareerly_Skills_Reference_SK001_SK621 and linked by skill_ids.
LR-144,Practical Skills Certificate: Delivery Coordination,"Prototype curated learning resource for Delivery Coordination. Covers Delivery Coordination, Driving Safety, Route Planning and supports Kareerly skill-gap recommendations for Transport, Driving, and Delivery. Verify the exact provider course before final release.",No formal experience required,Flexible/Self-paced,Beginner,2–4 weeks,Delivery Coordination; Driving Safety; Route Planning,SK095;SK096;SK097,K09,"Logistics, Manufacturing, and Operations",edX,MOOC Platform,88,Course/Certification,English,Online/Self-paced,Free/Paid,Generated - Review Needed,Auto-generated to expand prototype coverage; verify exact course/certification title and URL before final deployment.,https://www.edx.org/search?q=Delivery+Coordination,Delivery Coordination; Driving Safety; Route Planning,generated_mapped,Generated from Expanded_Kareerly_Skills_Reference_SK001_SK621 and linked by skill_ids.
LR-145,Career Readiness Course: Graphic Design,"Prototype curated learning resource for Graphic Design. Covers Graphic Design, Multimedia Design, UI Design and supports Kareerly skill-gap recommendations for Design, Multimedia, and Cultural Work. Verify the exact provider course before final release.",Basic related experience recommended,Flexible/Self-paced,Intermediate,4–6 weeks,Graphic Design; Multimedia Design; UI Design,SK040;SK041;SK042,K04,"Creative, Media, and Communications",Other Trusted Provider,Other,70,Course/Certification,English,Online/Self-paced,Review,Generated - Review Needed,Auto-generated to expand prototype coverage; verify exact course/certification title and URL before final deployment.,,Graphic Design; Multimedia Design; UI Design,generated_mapped,Generated from Expanded_Kareerly_Skills_Reference_SK001_SK621 and linked by skill_ids.
LR-146,Certificate Pathway: ICT security standards,"Prototype curated learning resource for ICT security standards. Covers ICT security standards, Technical Support, Database Management and supports Kareerly skill-gap recommendations for Networks, Databases, and IT Support. Verify the exact provider course before final release.",No formal experience required,Flexible/Self-paced,Foundational,2–4 hours,ICT security standards; Technical Support; Database Management,SK146;SK007;SK008,K01,"Technology, Data, and Digital Systems",IBM SkillsBuild,Industry Vendor,85,Course/Certification,English,Online/Self-paced,Free,Generated - Review Needed,Auto-generated to expand prototype coverage; verify exact course/certification title and URL before final deployment.,https://skillsbuild.org/,ICT security standards; Technical Support; Database Management,generated_mapped,Generated from Expanded_Kareerly_Skills_Reference_SK001_SK621 and linked by skill_ids.
LR-147,Foundations Course: Comply with quality standards related to healthcare practice,"Prototype curated learning resource for Comply with quality standards related to healthcare practice. Covers Comply with quality standards related to healthcare practice, Patient Assessment Support, Medical Terminology and supports Kareerly skill-gap recommendations for Medical and Clinical Professionals. Verify the exact provider course before final release.",No formal experience required,Flexible/Self-paced,Beginner,6–10 hours,Comply with quality standards related to healthcare practice; Patient Assessment Support; Medical Terminology,SK444;SK056;SK057,K06,"Healthcare, Caregiving, and Wellness",Coursera,MOOC Platform,88,Course/Certification,English,Online/Self-paced,Free/Paid,Generated - Review Needed,Auto-generated to expand prototype coverage; verify exact course/certification title and URL before final deployment.,https://www.coursera.org/search?query=Comply+with+quality+standards+related+to+healthcare+practice,Comply with quality standards related to healthcare practice; Patient Assessment Support; Medical Terminology,generated_mapped,Generated from Expanded_Kareerly_Skills_Reference_SK001_SK621 and linked by skill_ids.
LR-148,Practical Skills Certificate: Integrated development environment software,"Prototype curated learning resource for Integrated development environment software. Covers Integrated development environment software, Python Programming, JavaScript Programming and supports Kareerly skill-gap recommendations for Software and Applications. Verify the exact provider course before final release.",Basic related experience recommended,Flexible/Self-paced,Intermediate,2–4 weeks,Integrated development environment software; Python Programming; JavaScript Programming,SK135;SK001;SK002,K01,"Technology, Data, and Digital Systems",Udemy,Private Training Platform,75,Course/Certification,English,Online/Self-paced,Paid,Generated - Review Needed,Auto-generated to expand prototype coverage; verify exact course/certification title and URL before final deployment.,https://www.udemy.com/courses/search/?q=Integrated+development+environment+software,Integrated development environment software; Python Programming; JavaScript Programming,generated_mapped,Generated from Expanded_Kareerly_Skills_Reference_SK001_SK621 and linked by skill_ids.
LR-149,Career Readiness Course: Adhere to health well-being and safety,"Prototype curated learning resource for Adhere to health well-being and safety. Covers Adhere to health well-being and safety, Security Monitoring, Emergency Response and supports Kareerly skill-gap recommendations for Protective and Security Services. Verify the exact provider course before final release.",No formal experience required,Flexible/Self-paced,Foundational,4–6 weeks,Adhere to health well-being and safety; Security Monitoring; Emergency Response,SK621;SK117;SK118,K11,"Public Service, Legal, and Protective Services",Other Trusted Provider,Other,70,Course/Certification,English,Online/Self-paced,Review,Generated - Review Needed,Auto-generated to expand prototype coverage; verify exact course/certification title and URL before final deployment.,,Adhere to health well-being and safety; Security Monitoring; Emergency Response,generated_mapped,Generated from Expanded_Kareerly_Skills_Reference_SK001_SK621 and linked by skill_ids.
LR-150,Certificate Pathway: Classroom Management,"Prototype curated learning resource for Classroom Management. Covers Classroom Management, Lesson Planning, Student Assessment and supports Kareerly skill-gap recommendations for Teaching and Academic Support. Verify the exact provider course before final release.",No formal experience required,Flexible/Self-paced,Beginner,2–4 hours,Classroom Management; Lesson Planning; Student Assessment,SK046;SK045;SK047,K05,"Education, Training, and Community Services",UPOU MODeL,University,92,Course/Certification,English,Online/Self-paced,Free,Generated - Review Needed,Auto-generated to expand prototype coverage; verify exact course/certification title and URL before final deployment.,https://model.upou.edu.ph/,Classroom Management; Lesson Planning; Student Assessment,generated_mapped,Generated from Expanded_Kareerly_Skills_Reference_SK001_SK621 and linked by skill_ids.
LR-151,Foundations Course: Audit techniques,"Prototype curated learning resource for Audit techniques. Covers Audit techniques, SQL, Data Analysis and supports Kareerly skill-gap recommendations for Data, Analytics, and Statistics. Verify the exact provider course before final release.",Basic related experience recommended,Flexible/Self-paced,Intermediate,6–10 hours,Audit techniques; SQL; Data Analysis,SK187;SK004;SK005,K01,"Technology, Data, and Digital Systems",IBM SkillsBuild,Industry Vendor,85,Course/Certification,English,Online/Self-paced,Free,Generated - Review Needed,Auto-generated to expand prototype coverage; verify exact course/certification title and URL before final deployment.,https://skillsbuild.org/,Audit techniques; SQL; Data Analysis,generated_mapped,Generated from Expanded_Kareerly_Skills_Reference_SK001_SK621 and linked by skill_ids.
LR-152,Practical Skills Certificate: Review meteorological forecast data,"Prototype curated learning resource for Review meteorological forecast data. Covers Review meteorological forecast data, SQL, Data Analysis and supports Kareerly skill-gap recommendations for Data, Analytics, and Statistics. Verify the exact provider course before final release.",No formal experience required,Flexible/Self-paced,Foundational,2–4 weeks,Review meteorological forecast data; SQL; Data Analysis,SK178;SK004;SK005,K01,"Technology, Data, and Digital Systems",Cisco Networking Academy,Industry Vendor,85,Course/Certification,English,Online/Self-paced,Free/Paid,Generated - Review Needed,Auto-generated to expand prototype coverage; verify exact course/certification title and URL before final deployment.,https://www.netacad.com/,Review meteorological forecast data; SQL; Data Analysis,generated_mapped,Generated from Expanded_Kareerly_Skills_Reference_SK001_SK621 and linked by skill_ids.
LR-153,Career Readiness Course: Develop code exploits,"Prototype curated learning resource for Develop code exploits. Covers Develop code exploits, Python Programming, JavaScript Programming and supports Kareerly skill-gap recommendations for Software and Applications. Verify the exact provider course before final release.",No formal experience required,Flexible/Self-paced,Beginner,4–6 weeks,Develop code exploits; Python Programming; JavaScript Programming,SK132;SK001;SK002,K01,"Technology, Data, and Digital Systems",Udemy,Private Training Platform,75,Course/Certification,English,Online/Self-paced,Paid,Generated - Review Needed,Auto-generated to expand prototype coverage; verify exact course/certification title and URL before final deployment.,https://www.udemy.com/courses/search/?q=Develop+code+exploits,Develop code exploits; Python Programming; JavaScript Programming,generated_mapped,Generated from Expanded_Kareerly_Skills_Reference_SK001_SK621 and linked by skill_ids.
LR-154,Certificate Pathway: Java (computer programming),"Prototype curated learning resource for Java (computer programming). Covers Java (computer programming), Python Programming, JavaScript Programming and supports Kareerly skill-gap recommendations for Software and Applications. Verify the exact provider course before final release.",Basic related experience recommended,Flexible/Self-paced,Intermediate,2–4 hours,Java (computer programming); Python Programming; JavaScript Programming,SK133;SK001;SK002,K01,"Technology, Data, and Digital Systems",Coursera,MOOC Platform,88,Course/Certification,English,Online/Self-paced,Free/Paid,Generated - Review Needed,Auto-generated to expand prototype coverage; verify exact course/certification title and URL before final deployment.,https://www.coursera.org/search?query=Java+%28computer+programming%29,Java (computer programming); Python Programming; JavaScript Programming,generated_mapped,Generated from Expanded_Kareerly_Skills_Reference_SK001_SK621 and linked by skill_ids.
LR-155,Foundations Course: Agile project management,"Prototype curated learning resource for Agile project management. Covers Agile project management, Project Coordination, Operations Support and supports Kareerly skill-gap recommendations for Management and Organizational Operations. Verify the exact provider course before final release.",No formal experience required,Flexible/Self-paced,Foundational,6–10 hours,Agile project management; Project Coordination; Operations Support,SK213;SK021;SK022,K02,"Business, Finance, and Office Administration",edX,MOOC Platform,88,Course/Certification,English,Online/Self-paced,Free/Paid,Generated - Review Needed,Auto-generated to expand prototype coverage; verify exact course/certification title and URL before final deployment.,https://www.edx.org/search?q=Agile+project+management,Agile project management; Project Coordination; Operations Support,generated_mapped,Generated from Expanded_Kareerly_Skills_Reference_SK001_SK621 and linked by skill_ids.
LR-156,Practical Skills Certificate: Animal Care,"Prototype curated learning resource for Animal Care. Covers Animal Care, Livestock Production, Dairy Production Support and supports Kareerly skill-gap recommendations for Livestock and Animal Production. Verify the exact provider course before final release.",No formal experience required,Flexible/Self-paced,Beginner,2–4 weeks,Animal Care; Livestock Production; Dairy Production Support,SK103;SK104;SK105,K10,"Agriculture, Forestry, Fishery, and Environmental Work",edX,MOOC Platform,88,Course/Certification,English,Online/Self-paced,Free/Paid,Generated - Review Needed,Auto-generated to expand prototype coverage; verify exact course/certification title and URL before final deployment.,https://www.edx.org/search?q=Animal+Care,Animal Care; Livestock Production; Dairy Production Support,generated_mapped,Generated from Expanded_Kareerly_Skills_Reference_SK001_SK621 and linked by skill_ids.
LR-157,Career Readiness Course: Masonry,"Prototype curated learning resource for Masonry. Covers Masonry, Construction Safety, Carpentry and supports Kareerly skill-gap recommendations for Construction and Building Trades. Verify the exact provider course before final release.",Basic related experience recommended,Flexible/Self-paced,Intermediate,4–6 weeks,Masonry; Construction Safety; Carpentry,SK071;SK070;SK072,K07,"Engineering, Construction, and Skilled Trades",Other Trusted Provider,Other,70,Course/Certification,English,Online/Self-paced,Review,Generated - Review Needed,Auto-generated to expand prototype coverage; verify exact course/certification title and URL before final deployment.,,Masonry; Construction Safety; Carpentry,generated_mapped,Generated from Expanded_Kareerly_Skills_Reference_SK001_SK621 and linked by skill_ids.
LR-158,Certificate Pathway: Network Administration,"Prototype curated learning resource for Network Administration. Covers Network Administration, Technical Support, Database Management and supports Kareerly skill-gap recommendations for Networks, Databases, and IT Support. Verify the exact provider course before final release.",No formal experience required,Flexible/Self-paced,Foundational,2–4 hours,Network Administration; Technical Support; Database Management,SK009;SK007;SK008,K01,"Technology, Data, and Digital Systems",Udemy,Private Training Platform,75,Course/Certification,English,Online/Self-paced,Paid,Generated - Review Needed,Auto-generated to expand prototype coverage; verify exact course/certification title and URL before final deployment.,https://www.udemy.com/courses/search/?q=Network+Administration,Network Administration; Technical Support; Database Management,generated_mapped,Generated from Expanded_Kareerly_Skills_Reference_SK001_SK621 and linked by skill_ids.
LR-159,Foundations Course: Computer graphics,"Prototype curated learning resource for Computer graphics. Covers Computer graphics, Graphic Design, Multimedia Design and supports Kareerly skill-gap recommendations for Design, Multimedia, and Cultural Work. Verify the exact provider course before final release.",No formal experience required,Flexible/Self-paced,Beginner,6–10 hours,Computer graphics; Graphic Design; Multimedia Design,SK352;SK040;SK041,K04,"Creative, Media, and Communications",edX,MOOC Platform,88,Course/Certification,English,Online/Self-paced,Free/Paid,Generated - Review Needed,Auto-generated to expand prototype coverage; verify exact course/certification title and URL before final deployment.,https://www.edx.org/search?q=Computer+graphics,Computer graphics; Graphic Design; Multimedia Design,generated_mapped,Generated from Expanded_Kareerly_Skills_Reference_SK001_SK621 and linked by skill_ids.
LR-160,Practical Skills Certificate: Computer engineering,"Prototype curated learning resource for Computer engineering. Covers Computer engineering, Technical Drafting, CAD Operation and supports Kareerly skill-gap recommendations for Engineering and Architecture. Verify the exact provider course before final release.",Basic related experience recommended,Flexible/Self-paced,Intermediate,2–4 weeks,Computer engineering; Technical Drafting; CAD Operation,SK492;SK067;SK068,K07,"Engineering, Construction, and Skilled Trades",Coursera,MOOC Platform,88,Course/Certification,English,Online/Self-paced,Free/Paid,Generated - Review Needed,Auto-generated to expand prototype coverage; verify exact course/certification title and URL before final deployment.,https://www.coursera.org/search?query=Computer+engineering,Computer engineering; Technical Drafting; CAD Operation,generated_mapped,Generated from Expanded_Kareerly_Skills_Reference_SK001_SK621 and linked by skill_ids.
LR-161,Career Readiness Course: Inventory Management,"Prototype curated learning resource for Inventory Management. Covers Inventory Management, Warehouse Operations, Analyse supply chain trends and supports Kareerly skill-gap recommendations for Warehouse, Inventory, and Distribution. Verify the exact provider course before final release.",No formal experience required,Flexible/Self-paced,Foundational,4–6 weeks,Inventory Management; Warehouse Operations; Analyse supply chain trends,SK098;SK099;SK544,K09,"Logistics, Manufacturing, and Operations",Other Trusted Provider,Other,70,Course/Certification,English,Online/Self-paced,Review,Generated - Review Needed,Auto-generated to expand prototype coverage; verify exact course/certification title and URL before final deployment.,,Inventory Management; Warehouse Operations; Analyse supply chain trends,generated_mapped,Generated from Expanded_Kareerly_Skills_Reference_SK001_SK621 and linked by skill_ids.
LR-162,Certificate Pathway: Cybersecurity Awareness,"Prototype curated learning resource for Cybersecurity Awareness. Covers Cybersecurity Awareness, Cloud Computing and supports Kareerly skill-gap recommendations for Telecommunications and Digital Infrastructure. Verify the exact provider course before final release.",No formal experience required,Flexible/Self-paced,Beginner,2–4 hours,Cybersecurity Awareness; Cloud Computing,SK010;SK011,K01,"Technology, Data, and Digital Systems",Cisco Networking Academy,Industry Vendor,85,Course/Certification,English,Online/Self-paced,Free/Paid,Generated - Review Needed,Auto-generated to expand prototype coverage; verify exact course/certification title and URL before final deployment.,https://www.netacad.com/,Cybersecurity Awareness; Cloud Computing,generated_mapped,Generated from Expanded_Kareerly_Skills_Reference_SK001_SK621 and linked by skill_ids.
LR-163,Foundations Course: Student Assessment,"Prototype curated learning resource for Student Assessment. Covers Student Assessment, Lesson Planning, Classroom Management and supports Kareerly skill-gap recommendations for Teaching and Academic Support. Verify the exact provider course before final release.",Basic related experience recommended,Flexible/Self-paced,Intermediate,6–10 hours,Student Assessment; Lesson Planning; Classroom Management,SK047;SK045;SK046,K05,"Education, Training, and Community Services",Other Trusted Provider,Other,70,Course/Certification,English,Online/Self-paced,Review,Generated - Review Needed,Auto-generated to expand prototype coverage; verify exact course/certification title and URL before final deployment.,,Student Assessment; Lesson Planning; Classroom Management,generated_mapped,Generated from Expanded_Kareerly_Skills_Reference_SK001_SK621 and linked by skill_ids.
LR-164,Practical Skills Certificate: Data security principles,"Prototype curated learning resource for Data security principles. Covers Data security principles, Technical Support, Database Management and supports Kareerly skill-gap recommendations for Networks, Databases, and IT Support. Verify the exact provider course before final release.",No formal experience required,Flexible/Self-paced,Foundational,2–4 weeks,Data security principles; Technical Support; Database Management,SK195;SK007;SK008,K01,"Technology, Data, and Digital Systems",Coursera,MOOC Platform,88,Course/Certification,English,Online/Self-paced,Free/Paid,Generated - Review Needed,Auto-generated to expand prototype coverage; verify exact course/certification title and URL before final deployment.,https://www.coursera.org/search?query=Data+security+principles,Data security principles; Technical Support; Database Management,generated_mapped,Generated from Expanded_Kareerly_Skills_Reference_SK001_SK621 and linked by skill_ids.
LR-165,Career Readiness Course: Cloud Computing,"Prototype curated learning resource for Cloud Computing. Covers Cloud Computing, Cybersecurity Awareness and supports Kareerly skill-gap recommendations for Telecommunications and Digital Infrastructure. Verify the exact provider course before final release.",No formal experience required,Flexible/Self-paced,Beginner,4–6 weeks,Cloud Computing; Cybersecurity Awareness,SK011;SK010,K01,"Technology, Data, and Digital Systems",edX,MOOC Platform,88,Course/Certification,English,Online/Self-paced,Free/Paid,Generated - Review Needed,Auto-generated to expand prototype coverage; verify exact course/certification title and URL before final deployment.,https://www.edx.org/search?q=Cloud+Computing,Cloud Computing; Cybersecurity Awareness,generated_mapped,Generated from Expanded_Kareerly_Skills_Reference_SK001_SK621 and linked by skill_ids.
LR-166,Certificate Pathway: Ensure information security,"Prototype curated learning resource for Ensure information security. Covers Ensure information security, Technical Support, Database Management and supports Kareerly skill-gap recommendations for Networks, Databases, and IT Support. Verify the exact provider course before final release.",Basic related experience recommended,Flexible/Self-paced,Intermediate,2–4 hours,Ensure information security; Technical Support; Database Management,SK147;SK007;SK008,K01,"Technology, Data, and Digital Systems",IBM SkillsBuild,Industry Vendor,85,Course/Certification,English,Online/Self-paced,Free,Generated - Review Needed,Auto-generated to expand prototype coverage; verify exact course/certification title and URL before final deployment.,https://skillsbuild.org/,Ensure information security; Technical Support; Database Management,generated_mapped,Generated from Expanded_Kareerly_Skills_Reference_SK001_SK621 and linked by skill_ids.
LR-167,Foundations Course: Project Coordination,"Prototype curated learning resource for Project Coordination. Covers Project Coordination, Operations Support, Operations management and supports Kareerly skill-gap recommendations for Management and Organizational Operations. Verify the exact provider course before final release.",No formal experience required,Flexible/Self-paced,Foundational,6–10 hours,Project Coordination; Operations Support; Operations management,SK021;SK022;SK206,K02,"Business, Finance, and Office Administration",Udemy,Private Training Platform,75,Course/Certification,English,Online/Self-paced,Paid,Generated - Review Needed,Auto-generated to expand prototype coverage; verify exact course/certification title and URL before final deployment.,https://www.udemy.com/courses/search/?q=Project+Coordination,Project Coordination; Operations Support; Operations management,generated_mapped,Generated from Expanded_Kareerly_Skills_Reference_SK001_SK621 and linked by skill_ids.
LR-168,Practical Skills Certificate: Database Management,"Prototype curated learning resource for Database Management. Covers Database Management, Technical Support, Network Administration and supports Kareerly skill-gap recommendations for Networks, Databases, and IT Support. Verify the exact provider course before final release.",No formal experience required,Flexible/Self-paced,Beginner,2–4 weeks,Database Management; Technical Support; Network Administration,SK008;SK007;SK009,K01,"Technology, Data, and Digital Systems",Udemy,Private Training Platform,75,Course/Certification,English,Online/Self-paced,Paid,Generated - Review Needed,Auto-generated to expand prototype coverage; verify exact course/certification title and URL before final deployment.,https://www.udemy.com/courses/search/?q=Database+Management,Database Management; Technical Support; Network Administration,generated_mapped,Generated from Expanded_Kareerly_Skills_Reference_SK001_SK621 and linked by skill_ids.
LR-169,Career Readiness Course: Training Facilitation,"Prototype curated learning resource for Training Facilitation. Covers Training Facilitation, Instructional Design, Learning Evaluation and supports Kareerly skill-gap recommendations for Training and Instruction. Verify the exact provider course before final release.",Basic related experience recommended,Flexible/Self-paced,Intermediate,4–6 weeks,Training Facilitation; Instructional Design; Learning Evaluation,SK048;SK049;SK050,K05,"Education, Training, and Community Services",TESDA,Government,95,Course/Certification,English,Online/Self-paced,Free,Generated - Review Needed,Auto-generated to expand prototype coverage; verify exact course/certification title and URL before final deployment.,https://e-tesda.gov.ph/,Training Facilitation; Instructional Design; Learning Evaluation,generated_mapped,Generated from Expanded_Kareerly_Skills_Reference_SK001_SK621 and linked by skill_ids.
LR-170,Certificate Pathway: Identify requirements of the work in the artistic performance,"Prototype curated learning resource for Identify requirements of the work in the artistic performance. Covers Identify requirements of the work in the artistic performance, Creative Concept Development, Photography and supports Kareerly skill-gap recommendations for Creative and Performing Arts. Verify the exact provider course before final release.",No formal experience required,Flexible/Self-paced,Foundational,2–4 hours,Identify requirements of the work in the artistic performance; Creative Concept Development; Photography,SK332;SK037;SK038,K04,"Creative, Media, and Communications",Coursera,MOOC Platform,88,Course/Certification,English,Online/Self-paced,Free/Paid,Generated - Review Needed,Auto-generated to expand prototype coverage; verify exact course/certification title and URL before final deployment.,https://www.coursera.org/search?query=Identify+requirements+of+the+work+in+the+artistic+performance,Identify requirements of the work in the artistic performance; Creative Concept Development; Photography,generated_mapped,Generated from Expanded_Kareerly_Skills_Reference_SK001_SK621 and linked by skill_ids.
LR-171,Foundations Course: Economics,"Prototype curated learning resource for Economics. Covers Economics, Bookkeeping, Financial Reporting and supports Kareerly skill-gap recommendations for Finance, Accounting, and Bookkeeping. Verify the exact provider course before final release.",No formal experience required,Flexible/Self-paced,Beginner,6–10 hours,Economics; Bookkeeping; Financial Reporting,SK259;SK012;SK013,K02,"Business, Finance, and Office Administration",UPOU MODeL,University,92,Course/Certification,English,Online/Self-paced,Free,Generated - Review Needed,Auto-generated to expand prototype coverage; verify exact course/certification title and URL before final deployment.,https://model.upou.edu.ph/,Economics; Bookkeeping; Financial Reporting,generated_mapped,Generated from Expanded_Kareerly_Skills_Reference_SK001_SK621 and linked by skill_ids.
LR-172,Practical Skills Certificate: Manage financial and material resources,"Prototype curated learning resource for Manage financial and material resources. Covers Manage financial and material resources, Bookkeeping, Financial Reporting and supports Kareerly skill-gap recommendations for Finance, Accounting, and Bookkeeping. Verify the exact provider course before final release.",Basic related experience recommended,Flexible/Self-paced,Intermediate,2–4 weeks,Manage financial and material resources; Bookkeeping; Financial Reporting,SK254;SK012;SK013,K02,"Business, Finance, and Office Administration",Udemy,Private Training Platform,75,Course/Certification,English,Online/Self-paced,Paid,Generated - Review Needed,Auto-generated to expand prototype coverage; verify exact course/certification title and URL before final deployment.,https://www.udemy.com/courses/search/?q=Manage+financial+and+material+resources,Manage financial and material resources; Bookkeeping; Financial Reporting,generated_mapped,Generated from Expanded_Kareerly_Skills_Reference_SK001_SK621 and linked by skill_ids.
LR-173,Career Readiness Course: Handle cash flow,"Prototype curated learning resource for Handle cash flow. Covers Handle cash flow, Bookkeeping, Financial Reporting and supports Kareerly skill-gap recommendations for Finance, Accounting, and Bookkeeping. Verify the exact provider course before final release.",No formal experience required,Flexible/Self-paced,Foundational,4–6 weeks,Handle cash flow; Bookkeeping; Financial Reporting,SK235;SK012;SK013,K02,"Business, Finance, and Office Administration",Other Trusted Provider,Other,70,Course/Certification,English,Online/Self-paced,Review,Generated - Review Needed,Auto-generated to expand prototype coverage; verify exact course/certification title and URL before final deployment.,,Handle cash flow; Bookkeeping; Financial Reporting,generated_mapped,Generated from Expanded_Kareerly_Skills_Reference_SK001_SK621 and linked by skill_ids.
LR-174,Certificate Pathway: Office Administration,"Prototype curated learning resource for Office Administration. Covers Office Administration, Document Management, Data Encoding and supports Kareerly skill-gap recommendations for Office Administration and Clerical Support. Verify the exact provider course before final release.",No formal experience required,Flexible/Self-paced,Beginner,2–4 hours,Office Administration; Document Management; Data Encoding,SK015;SK016;SK017,K02,"Business, Finance, and Office Administration",Coursera,MOOC Platform,88,Course/Certification,English,Online/Self-paced,Free/Paid,Generated - Review Needed,Auto-generated to expand prototype coverage; verify exact course/certification title and URL before final deployment.,https://www.coursera.org/search?query=Office+Administration,Office Administration; Document Management; Data Encoding,generated_mapped,Generated from Expanded_Kareerly_Skills_Reference_SK001_SK621 and linked by skill_ids.
LR-175,Foundations Course: Document Management,"Prototype curated learning resource for Document Management. Covers Document Management, Office Administration, Data Encoding and supports Kareerly skill-gap recommendations for Office Administration and Clerical Support. Verify the exact provider course before final release.",Basic related experience recommended,Flexible/Self-paced,Intermediate,6–10 hours,Document Management; Office Administration; Data Encoding,SK016;SK015;SK017,K02,"Business, Finance, and Office Administration",edX,MOOC Platform,88,Course/Certification,English,Online/Self-paced,Free/Paid,Generated - Review Needed,Auto-generated to expand prototype coverage; verify exact course/certification title and URL before final deployment.,https://www.edx.org/search?q=Document+Management,Document Management; Office Administration; Data Encoding,generated_mapped,Generated from Expanded_Kareerly_Skills_Reference_SK001_SK621 and linked by skill_ids.
LR-176,Practical Skills Certificate: Sell office equipment,"Prototype curated learning resource for Sell office equipment. Covers Sell office equipment, Office Administration, Document Management and supports Kareerly skill-gap recommendations for Office Administration and Clerical Support. Verify the exact provider course before final release.",No formal experience required,Flexible/Self-paced,Foundational,2–4 weeks,Sell office equipment; Office Administration; Document Management,SK209;SK015;SK016,K02,"Business, Finance, and Office Administration",UPOU MODeL,University,92,Course/Certification,English,Online/Self-paced,Free,Generated - Review Needed,Auto-generated to expand prototype coverage; verify exact course/certification title and URL before final deployment.,https://model.upou.edu.ph/,Sell office equipment; Office Administration; Document Management,generated_mapped,Generated from Expanded_Kareerly_Skills_Reference_SK001_SK621 and linked by skill_ids.
LR-177,Career Readiness Course: Regulatory Compliance,"Prototype curated learning resource for Regulatory Compliance. Covers Regulatory Compliance, Government Service Support, Public Records Management and supports Kareerly skill-gap recommendations for Government and Regulatory Services. Verify the exact provider course before final release.",No formal experience required,Flexible/Self-paced,Beginner,4–6 weeks,Regulatory Compliance; Government Service Support; Public Records Management,SK112;SK111;SK113,K11,"Public Service, Legal, and Protective Services",Other Trusted Provider,Other,70,Course/Certification,English,Online/Self-paced,Review,Generated - Review Needed,Auto-generated to expand prototype coverage; verify exact course/certification title and URL before final deployment.,,Regulatory Compliance; Government Service Support; Public Records Management,generated_mapped,Generated from Expanded_Kareerly_Skills_Reference_SK001_SK621 and linked by skill_ids.
LR-178,Certificate Pathway: Market Research,"Prototype curated learning resource for Market Research. Covers Market Research, Digital Marketing, Social Media Management and supports Kareerly skill-gap recommendations for Marketing and Public Relations. Verify the exact provider course before final release.",Basic related experience recommended,Flexible/Self-paced,Intermediate,2–4 hours,Market Research; Digital Marketing; Social Media Management,SK028;SK026;SK027,K03,"Sales, Marketing, and Customer Relations",Other Trusted Provider,Other,70,Course/Certification,English,Online/Self-paced,Review,Generated - Review Needed,Auto-generated to expand prototype coverage; verify exact course/certification title and URL before final deployment.,,Market Research; Digital Marketing; Social Media Management,generated_mapped,Generated from Expanded_Kareerly_Skills_Reference_SK001_SK621 and linked by skill_ids.
LR-179,Foundations Course: Negotiation,"Prototype curated learning resource for Negotiation. Covers Negotiation, Purchasing Support, Issue purchase orders and supports Kareerly skill-gap recommendations for Purchasing, Brokerage, and Commercial Support. Verify the exact provider course before final release.",No formal experience required,Flexible/Self-paced,Foundational,6–10 hours,Negotiation; Purchasing Support; Issue purchase orders,SK032;SK033;SK304,K03,"Sales, Marketing, and Customer Relations",Coursera,MOOC Platform,88,Course/Certification,English,Online/Self-paced,Free/Paid,Generated - Review Needed,Auto-generated to expand prototype coverage; verify exact course/certification title and URL before final deployment.,https://www.coursera.org/search?query=Negotiation,Negotiation; Purchasing Support; Issue purchase orders,generated_mapped,Generated from Expanded_Kareerly_Skills_Reference_SK001_SK621 and linked by skill_ids.
LR-180,Practical Skills Certificate: Customer relationship management,"Prototype curated learning resource for Customer relationship management. Covers Customer relationship management, Customer Service, Client Handling and supports Kareerly skill-gap recommendations for Customer Service and Client Information. Verify the exact provider course before final release.",No formal experience required,Flexible/Self-paced,Beginner,2–4 weeks,Customer relationship management; Customer Service; Client Handling,SK276;SK029;SK030,K03,"Sales, Marketing, and Customer Relations",edX,MOOC Platform,88,Course/Certification,English,Online/Self-paced,Free/Paid,Generated - Review Needed,Auto-generated to expand prototype coverage; verify exact course/certification title and URL before final deployment.,https://www.edx.org/search?q=Customer+relationship+management,Customer relationship management; Customer Service; Client Handling,generated_mapped,Generated from Expanded_Kareerly_Skills_Reference_SK001_SK621 and linked by skill_ids.
LR-181,Career Readiness Course: Make recommendation on nutrition to public policy makers,"Prototype curated learning resource for Make recommendation on nutrition to public policy makers. Covers Make recommendation on nutrition to public policy makers, Policy Support, Leadership Support and supports Kareerly skill-gap recommendations for Policy, Leadership, and Public Administration. Verify the exact provider course before final release.",Basic related experience recommended,Flexible/Self-paced,Intermediate,4–6 weeks,Make recommendation on nutrition to public policy makers; Policy Support; Leadership Support,SK607;SK120;SK121,K11,"Public Service, Legal, and Protective Services",Other Trusted Provider,Other,70,Course/Certification,English,Online/Self-paced,Review,Generated - Review Needed,Auto-generated to expand prototype coverage; verify exact course/certification title and URL before final deployment.,,Make recommendation on nutrition to public policy makers; Policy Support; Leadership Support,generated_mapped,Generated from Expanded_Kareerly_Skills_Reference_SK001_SK621 and linked by skill_ids.
LR-182,Certificate Pathway: Payroll Processing,"Prototype curated learning resource for Payroll Processing. Covers Payroll Processing, Bookkeeping, Financial Reporting and supports Kareerly skill-gap recommendations for Finance, Accounting, and Bookkeeping. Verify the exact provider course before final release.",No formal experience required,Flexible/Self-paced,Foundational,2–4 hours,Payroll Processing; Bookkeeping; Financial Reporting,SK014;SK012;SK013,K02,"Business, Finance, and Office Administration",Udemy,Private Training Platform,75,Course/Certification,English,Online/Self-paced,Paid,Generated - Review Needed,Auto-generated to expand prototype coverage; verify exact course/certification title and URL before final deployment.,https://www.udemy.com/courses/search/?q=Payroll+Processing,Payroll Processing; Bookkeeping; Financial Reporting,generated_mapped,Generated from Expanded_Kareerly_Skills_Reference_SK001_SK621 and linked by skill_ids.
LR-183,Foundations Course: Support social service users to manage their financial affairs,"Prototype curated learning resource for Support social service users to manage their financial affairs. Covers Support social service users to manage their financial affairs, Bookkeeping, Financial Reporting and supports Kareerly skill-gap recommendations for Finance, Accounting, and Bookkeeping. Verify the exact provider course before final release.",No formal experience required,Flexible/Self-paced,Beginner,6–10 hours,Support social service users to manage their financial affairs; Bookkeeping; Financial Reporting,SK258;SK012;SK013,K02,"Business, Finance, and Office Administration",Other Trusted Provider,Other,70,Course/Certification,English,Online/Self-paced,Review,Generated - Review Needed,Auto-generated to expand prototype coverage; verify exact course/certification title and URL before final deployment.,,Support social service users to manage their financial affairs; Bookkeeping; Financial Reporting,generated_mapped,Generated from Expanded_Kareerly_Skills_Reference_SK001_SK621 and linked by skill_ids.
LR-184,Practical Skills Certificate: Content Writing,"Prototype curated learning resource for Content Writing. Covers Content Writing, Copywriting, Proofreading and supports Kareerly skill-gap recommendations for Writing, Journalism, and Language. Verify the exact provider course before final release.",Basic related experience recommended,Flexible/Self-paced,Intermediate,2–4 weeks,Content Writing; Copywriting; Proofreading,SK034;SK035;SK036,K04,"Creative, Media, and Communications",Udemy,Private Training Platform,75,Course/Certification,English,Online/Self-paced,Paid,Generated - Review Needed,Auto-generated to expand prototype coverage; verify exact course/certification title and URL before final deployment.,https://www.udemy.com/courses/search/?q=Content+Writing,Content Writing; Copywriting; Proofreading,generated_mapped,Generated from Expanded_Kareerly_Skills_Reference_SK001_SK621 and linked by skill_ids.
LR-185,Career Readiness Course: Prepare financial statements,"Prototype curated learning resource for Prepare financial statements. Covers Prepare financial statements, Bookkeeping, Financial Reporting and supports Kareerly skill-gap recommendations for Finance, Accounting, and Bookkeeping. Verify the exact provider course before final release.",No formal experience required,Flexible/Self-paced,Foundational,4–6 weeks,Prepare financial statements; Bookkeeping; Financial Reporting,SK233;SK012;SK013,K02,"Business, Finance, and Office Administration",edX,MOOC Platform,88,Course/Certification,English,Online/Self-paced,Free/Paid,Generated - Review Needed,Auto-generated to expand prototype coverage; verify exact course/certification title and URL before final deployment.,https://www.edx.org/search?q=Prepare+financial+statements,Prepare financial statements; Bookkeeping; Financial Reporting,generated_mapped,Generated from Expanded_Kareerly_Skills_Reference_SK001_SK621 and linked by skill_ids.
LR-186,Certificate Pathway: Management systems standards,"Prototype curated learning resource for Management systems standards. Covers Management systems standards, Project Coordination, Operations Support and supports Kareerly skill-gap recommendations for Management and Organizational Operations. Verify the exact provider course before final release.",No formal experience required,Flexible/Self-paced,Beginner,2–4 hours,Management systems standards; Project Coordination; Operations Support,SK244;SK021;SK022,K02,"Business, Finance, and Office Administration",UPOU MODeL,University,92,Course/Certification,English,Online/Self-paced,Free,Generated - Review Needed,Auto-generated to expand prototype coverage; verify exact course/certification title and URL before final deployment.,https://model.upou.edu.ph/,Management systems standards; Project Coordination; Operations Support,generated_mapped,Generated from Expanded_Kareerly_Skills_Reference_SK001_SK621 and linked by skill_ids.
LR-187,Foundations Course: Manage human resources,"Prototype curated learning resource for Manage human resources. Covers Manage human resources, Human Resource Support, Recruitment Coordination and supports Kareerly skill-gap recommendations for Human Resources and Business Services. Verify the exact provider course before final release.",Basic related experience recommended,Flexible/Self-paced,Intermediate,6–10 hours,Manage human resources; Human Resource Support; Recruitment Coordination,SK203;SK018;SK019,K02,"Business, Finance, and Office Administration",Udemy,Private Training Platform,75,Course/Certification,English,Online/Self-paced,Paid,Generated - Review Needed,Auto-generated to expand prototype coverage; verify exact course/certification title and URL before final deployment.,https://www.udemy.com/courses/search/?q=Manage+human+resources,Manage human resources; Human Resource Support; Recruitment Coordination,generated_mapped,Generated from Expanded_Kareerly_Skills_Reference_SK001_SK621 and linked by skill_ids.
LR-188,Practical Skills Certificate: Operations management,"Prototype curated learning resource for Operations management. Covers Operations management, Project Coordination, Operations Support and supports Kareerly skill-gap recommendations for Management and Organizational Operations. Verify the exact provider course before final release.",No formal experience required,Flexible/Self-paced,Foundational,2–4 weeks,Operations management; Project Coordination; Operations Support,SK206;SK021;SK022,K02,"Business, Finance, and Office Administration",Other Trusted Provider,Other,70,Course/Certification,English,Online/Self-paced,Review,Generated - Review Needed,Auto-generated to expand prototype coverage; verify exact course/certification title and URL before final deployment.,,Operations management; Project Coordination; Operations Support,generated_mapped,Generated from Expanded_Kareerly_Skills_Reference_SK001_SK621 and linked by skill_ids.
LR-189,Career Readiness Course: Policy Support,"Prototype curated learning resource for Policy Support. Covers Policy Support, Leadership Support, Make recommendation on nutrition to public policy makers and supports Kareerly skill-gap recommendations for Policy, Leadership, and Public Administration. Verify the exact provider course before final release.",No formal experience required,Flexible/Self-paced,Beginner,4–6 weeks,Policy Support; Leadership Support; Make recommendation on nutrition to public policy makers,SK120;SK121;SK607,K11,"Public Service, Legal, and Protective Services",Other Trusted Provider,Other,70,Course/Certification,English,Online/Self-paced,Review,Generated - Review Needed,Auto-generated to expand prototype coverage; verify exact course/certification title and URL before final deployment.,,Policy Support; Leadership Support; Make recommendation on nutrition to public policy makers,generated_mapped,Generated from Expanded_Kareerly_Skills_Reference_SK001_SK621 and linked by skill_ids.
LR-190,Certificate Pathway: Operations Support,"Prototype curated learning resource for Operations Support. Covers Operations Support, Project Coordination, Operations management and supports Kareerly skill-gap recommendations for Management and Organizational Operations. Verify the exact provider course before final release.",Basic related experience recommended,Flexible/Self-paced,Intermediate,2–4 hours,Operations Support; Project Coordination; Operations management,SK022;SK021;SK206,K02,"Business, Finance, and Office Administration",edX,MOOC Platform,88,Course/Certification,English,Online/Self-paced,Free/Paid,Generated - Review Needed,Auto-generated to expand prototype coverage; verify exact course/certification title and URL before final deployment.,https://www.edx.org/search?q=Operations+Support,Operations Support; Project Coordination; Operations management,generated_mapped,Generated from Expanded_Kareerly_Skills_Reference_SK001_SK621 and linked by skill_ids.
LR-191,Foundations Course: Social Media Management,"Prototype curated learning resource for Social Media Management. Covers Social Media Management, Digital Marketing, Market Research and supports Kareerly skill-gap recommendations for Marketing and Public Relations. Verify the exact provider course before final release.",No formal experience required,Flexible/Self-paced,Foundational,6–10 hours,Social Media Management; Digital Marketing; Market Research,SK027;SK026;SK028,K03,"Sales, Marketing, and Customer Relations",IBM SkillsBuild,Industry Vendor,85,Course/Certification,English,Online/Self-paced,Free,Generated - Review Needed,Auto-generated to expand prototype coverage; verify exact course/certification title and URL before final deployment.,https://skillsbuild.org/,Social Media Management; Digital Marketing; Market Research,generated_mapped,Generated from Expanded_Kareerly_Skills_Reference_SK001_SK621 and linked by skill_ids.
LR-192,Practical Skills Certificate: Support implementation of quality management systems,"Prototype curated learning resource for Support implementation of quality management systems. Covers Support implementation of quality management systems, Project Coordination, Operations Support and supports Kareerly skill-gap recommendations for Management and Organizational Operations. Verify the exact provider course before final release.",No formal experience required,Flexible/Self-paced,Beginner,2–4 weeks,Support implementation of quality management systems; Project Coordination; Operations Support,SK207;SK021;SK022,K02,"Business, Finance, and Office Administration",Udemy,Private Training Platform,75,Course/Certification,English,Online/Self-paced,Paid,Generated - Review Needed,Auto-generated to expand prototype coverage; verify exact course/certification title and URL before final deployment.,https://www.udemy.com/courses/search/?q=Support+implementation+of+quality+management+systems,Support implementation of quality management systems; Project Coordination; Operations Support,generated_mapped,Generated from Expanded_Kareerly_Skills_Reference_SK001_SK621 and linked by skill_ids.
LR-193,Career Readiness Course: Tourism Assistance,"Prototype curated learning resource for Tourism Assistance. Covers Tourism Assistance, Event Coordination, Reservation Management and supports Kareerly skill-gap recommendations for Travel, Tourism, and Events. Verify the exact provider course before final release.",Basic related experience recommended,Flexible/Self-paced,Intermediate,4–6 weeks,Tourism Assistance; Event Coordination; Reservation Management,SK081;SK082;SK083,K08,"Hospitality, Tourism, Food, and Personal Services",Other Trusted Provider,Other,70,Course/Certification,English,Online/Self-paced,Review,Generated - Review Needed,Auto-generated to expand prototype coverage; verify exact course/certification title and URL before final deployment.,,Tourism Assistance; Event Coordination; Reservation Management,generated_mapped,Generated from Expanded_Kareerly_Skills_Reference_SK001_SK621 and linked by skill_ids.
LR-194,Certificate Pathway: Provide financial product information,"Prototype curated learning resource for Provide financial product information. Covers Provide financial product information, Bookkeeping, Financial Reporting and supports Kareerly skill-gap recommendations for Finance, Accounting, and Bookkeeping. Verify the exact provider course before final release.",No formal experience required,Flexible/Self-paced,Foundational,2–4 hours,Provide financial product information; Bookkeeping; Financial Reporting,SK251;SK012;SK013,K02,"Business, Finance, and Office Administration",Coursera,MOOC Platform,88,Course/Certification,English,Online/Self-paced,Free/Paid,Generated - Review Needed,Auto-generated to expand prototype coverage; verify exact course/certification title and URL before final deployment.,https://www.coursera.org/search?query=Provide+financial+product+information,Provide financial product information; Bookkeeping; Financial Reporting,generated_mapped,Generated from Expanded_Kareerly_Skills_Reference_SK001_SK621 and linked by skill_ids.
LR-195,Foundations Course: Develop organisational policies,"Prototype curated learning resource for Develop organisational policies. Covers Develop organisational policies, Project Coordination, Operations Support and supports Kareerly skill-gap recommendations for Management and Organizational Operations. Verify the exact provider course before final release.",No formal experience required,Flexible/Self-paced,Beginner,6–10 hours,Develop organisational policies; Project Coordination; Operations Support,SK234;SK021;SK022,K02,"Business, Finance, and Office Administration",edX,MOOC Platform,88,Course/Certification,English,Online/Self-paced,Free/Paid,Generated - Review Needed,Auto-generated to expand prototype coverage; verify exact course/certification title and URL before final deployment.,https://www.edx.org/search?q=Develop+organisational+policies,Develop organisational policies; Project Coordination; Operations Support,generated_mapped,Generated from Expanded_Kareerly_Skills_Reference_SK001_SK621 and linked by skill_ids.
LR-196,Practical Skills Certificate: Prepare airport annual budget,"Prototype curated learning resource for Prepare airport annual budget. Covers Prepare airport annual budget, Bookkeeping, Financial Reporting and supports Kareerly skill-gap recommendations for Finance, Accounting, and Bookkeeping. Verify the exact provider course before final release.",Basic related experience recommended,Flexible/Self-paced,Intermediate,2–4 weeks,Prepare airport annual budget; Bookkeeping; Financial Reporting,SK246;SK012;SK013,K02,"Business, Finance, and Office Administration",UPOU MODeL,University,92,Course/Certification,English,Online/Self-paced,Free,Generated - Review Needed,Auto-generated to expand prototype coverage; verify exact course/certification title and URL before final deployment.,https://model.upou.edu.ph/,Prepare airport annual budget; Bookkeeping; Financial Reporting,generated_mapped,Generated from Expanded_Kareerly_Skills_Reference_SK001_SK621 and linked by skill_ids.
LR-197,Career Readiness Course: Data Encoding,"Prototype curated learning resource for Data Encoding. Covers Data Encoding, Office Administration, Document Management and supports Kareerly skill-gap recommendations for Office Administration and Clerical Support. Verify the exact provider course before final release.",No formal experience required,Flexible/Self-paced,Foundational,4–6 weeks,Data Encoding; Office Administration; Document Management,SK017;SK015;SK016,K02,"Business, Finance, and Office Administration",Udemy,Private Training Platform,75,Course/Certification,English,Online/Self-paced,Paid,Generated - Review Needed,Auto-generated to expand prototype coverage; verify exact course/certification title and URL before final deployment.,https://www.udemy.com/courses/search/?q=Data+Encoding,Data Encoding; Office Administration; Document Management,generated_mapped,Generated from Expanded_Kareerly_Skills_Reference_SK001_SK621 and linked by skill_ids.
LR-198,Certificate Pathway: Identify necessary human resources,"Prototype curated learning resource for Identify necessary human resources. Covers Identify necessary human resources, Human Resource Support, Recruitment Coordination and supports Kareerly skill-gap recommendations for Human Resources and Business Services. Verify the exact provider course before final release.",No formal experience required,Flexible/Self-paced,Beginner,2–4 hours,Identify necessary human resources; Human Resource Support; Recruitment Coordination,SK249;SK018;SK019,K02,"Business, Finance, and Office Administration",Other Trusted Provider,Other,70,Course/Certification,English,Online/Self-paced,Review,Generated - Review Needed,Auto-generated to expand prototype coverage; verify exact course/certification title and URL before final deployment.,,Identify necessary human resources; Human Resource Support; Recruitment Coordination,generated_mapped,Generated from Expanded_Kareerly_Skills_Reference_SK001_SK621 and linked by skill_ids.
LR-199,Foundations Course: Legal Documentation,"Prototype curated learning resource for Legal Documentation. Covers Legal Documentation, Legal Research Support, Contract Review Support and supports Kareerly skill-gap recommendations for Legal Services. Verify the exact provider course before final release.",Basic related experience recommended,Flexible/Self-paced,Intermediate,6–10 hours,Legal Documentation; Legal Research Support; Contract Review Support,SK114;SK115;SK116,K11,"Public Service, Legal, and Protective Services",Coursera,MOOC Platform,88,Course/Certification,English,Online/Self-paced,Free/Paid,Generated - Review Needed,Auto-generated to expand prototype coverage; verify exact course/certification title and URL before final deployment.,https://www.coursera.org/search?query=Legal+Documentation,Legal Documentation; Legal Research Support; Contract Review Support,generated_mapped,Generated from Expanded_Kareerly_Skills_Reference_SK001_SK621 and linked by skill_ids.
LR-200,Practical Skills Certificate: Digital Marketing,"Prototype curated learning resource for Digital Marketing. Covers Digital Marketing, Social Media Management, Market Research and supports Kareerly skill-gap recommendations for Marketing and Public Relations. Verify the exact provider course before final release.",No formal experience required,Flexible/Self-paced,Foundational,2–4 weeks,Digital Marketing; Social Media Management; Market Research,SK026;SK027;SK028,K03,"Sales, Marketing, and Customer Relations",edX,MOOC Platform,88,Course/Certification,English,Online/Self-paced,Free/Paid,Generated - Review Needed,Auto-generated to expand prototype coverage; verify exact course/certification title and URL before final deployment.,https://www.edx.org/search?q=Digital+Marketing,Digital Marketing; Social Media Management; Market Research,generated_mapped,Generated from Expanded_Kareerly_Skills_Reference_SK001_SK621 and linked by skill_ids.
LR-201,Career Readiness Course: Plan digital marketing,"Prototype curated learning resource for Plan digital marketing. Covers Plan digital marketing, Digital Marketing, Social Media Management and supports Kareerly skill-gap recommendations for Marketing and Public Relations. Verify the exact provider course before final release.",No formal experience required,Flexible/Self-paced,Beginner,4–6 weeks,Plan digital marketing; Digital Marketing; Social Media Management,SK263;SK026;SK027,K03,"Sales, Marketing, and Customer Relations",IBM SkillsBuild,Industry Vendor,85,Course/Certification,English,Online/Self-paced,Free,Generated - Review Needed,Auto-generated to expand prototype coverage; verify exact course/certification title and URL before final deployment.,https://skillsbuild.org/,Plan digital marketing; Digital Marketing; Social Media Management,generated_mapped,Generated from Expanded_Kareerly_Skills_Reference_SK001_SK621 and linked by skill_ids.
LR-202,Certificate Pathway: Sales Techniques,"Prototype curated learning resource for Sales Techniques. Covers Sales Techniques, Retail Operations, Product Knowledge and supports Kareerly skill-gap recommendations for Sales and Retail. Verify the exact provider course before final release.",Basic related experience recommended,Flexible/Self-paced,Intermediate,2–4 hours,Sales Techniques; Retail Operations; Product Knowledge,SK023;SK024;SK025,K03,"Sales, Marketing, and Customer Relations",Udemy,Private Training Platform,75,Course/Certification,English,Online/Self-paced,Paid,Generated - Review Needed,Auto-generated to expand prototype coverage; verify exact course/certification title and URL before final deployment.,https://www.udemy.com/courses/search/?q=Sales+Techniques,Sales Techniques; Retail Operations; Product Knowledge,generated_mapped,Generated from Expanded_Kareerly_Skills_Reference_SK001_SK621 and linked by skill_ids.
LR-203,Foundations Course: Community Engagement,"Prototype curated learning resource for Community Engagement. Covers Community Engagement, Case Documentation, Counselling Support and supports Kareerly skill-gap recommendations for Social, Religious, and Community Work. Verify the exact provider course before final release.",No formal experience required,Flexible/Self-paced,Foundational,6–10 hours,Community Engagement; Case Documentation; Counselling Support,SK051;SK052;SK053,K05,"Education, Training, and Community Services",Other Trusted Provider,Other,70,Course/Certification,English,Online/Self-paced,Review,Generated - Review Needed,Auto-generated to expand prototype coverage; verify exact course/certification title and URL before final deployment.,,Community Engagement; Case Documentation; Counselling Support,generated_mapped,Generated from Expanded_Kareerly_Skills_Reference_SK001_SK621 and linked by skill_ids.
LR-204,Practical Skills Certificate: Content Planning,"Prototype curated learning resource for Content Planning. Covers Content Planning, Audio Editing, Set up broadcast equipment and supports Kareerly skill-gap recommendations for Broadcasting and Content Support. Verify the exact provider course before final release.",No formal experience required,Flexible/Self-paced,Beginner,2–4 weeks,Content Planning; Audio Editing; Set up broadcast equipment,SK044;SK043;SK337,K04,"Creative, Media, and Communications",Udemy,Private Training Platform,75,Course/Certification,English,Online/Self-paced,Paid,Generated - Review Needed,Auto-generated to expand prototype coverage; verify exact course/certification title and URL before final deployment.,https://www.udemy.com/courses/search/?q=Content+Planning,Content Planning; Audio Editing; Set up broadcast equipment,generated_mapped,Generated from Expanded_Kareerly_Skills_Reference_SK001_SK621 and linked by skill_ids.
LR-205,Career Readiness Course: Ensure client orientation,"Prototype curated learning resource for Ensure client orientation. Covers Ensure client orientation, Customer Service, Client Handling and supports Kareerly skill-gap recommendations for Customer Service and Client Information. Verify the exact provider course before final release.",Basic related experience recommended,Flexible/Self-paced,Intermediate,4–6 weeks,Ensure client orientation; Customer Service; Client Handling,SK293;SK029;SK030,K03,"Sales, Marketing, and Customer Relations",edX,MOOC Platform,88,Course/Certification,English,Online/Self-paced,Free/Paid,Generated - Review Needed,Auto-generated to expand prototype coverage; verify exact course/certification title and URL before final deployment.,https://www.edx.org/search?q=Ensure+client+orientation,Ensure client orientation; Customer Service; Client Handling,generated_mapped,Generated from Expanded_Kareerly_Skills_Reference_SK001_SK621 and linked by skill_ids.
LR-206,Certificate Pathway: Retail Operations,"Prototype curated learning resource for Retail Operations. Covers Retail Operations, Sales Techniques, Product Knowledge and supports Kareerly skill-gap recommendations for Sales and Retail. Verify the exact provider course before final release.",No formal experience required,Flexible/Self-paced,Foundational,2–4 hours,Retail Operations; Sales Techniques; Product Knowledge,SK024;SK023;SK025,K03,"Sales, Marketing, and Customer Relations",IBM SkillsBuild,Industry Vendor,85,Course/Certification,English,Online/Self-paced,Free,Generated - Review Needed,Auto-generated to expand prototype coverage; verify exact course/certification title and URL before final deployment.,https://skillsbuild.org/,Retail Operations; Sales Techniques; Product Knowledge,generated_mapped,Generated from Expanded_Kareerly_Skills_Reference_SK001_SK621 and linked by skill_ids.
LR-207,Foundations Course: Product Knowledge,"Prototype curated learning resource for Product Knowledge. Covers Product Knowledge, Sales Techniques, Retail Operations and supports Kareerly skill-gap recommendations for Sales and Retail. Verify the exact provider course before final release.",No formal experience required,Flexible/Self-paced,Beginner,6–10 hours,Product Knowledge; Sales Techniques; Retail Operations,SK025;SK023;SK024,K03,"Sales, Marketing, and Customer Relations",Udemy,Private Training Platform,75,Course/Certification,English,Online/Self-paced,Paid,Generated - Review Needed,Auto-generated to expand prototype coverage; verify exact course/certification title and URL before final deployment.,https://www.udemy.com/courses/search/?q=Product+Knowledge,Product Knowledge; Sales Techniques; Retail Operations,generated_mapped,Generated from Expanded_Kareerly_Skills_Reference_SK001_SK621 and linked by skill_ids.
LR-208,Practical Skills Certificate: Undertake healthcare examination,"Prototype curated learning resource for Undertake healthcare examination. Covers Undertake healthcare examination, Patient Assessment Support, Medical Terminology and supports Kareerly skill-gap recommendations for Medical and Clinical Professionals. Verify the exact provider course before final release.",Basic related experience recommended,Flexible/Self-paced,Intermediate,2–4 weeks,Undertake healthcare examination; Patient Assessment Support; Medical Terminology,SK430;SK056;SK057,K06,"Healthcare, Caregiving, and Wellness",edX,MOOC Platform,88,Course/Certification,English,Online/Self-paced,Free/Paid,Generated - Review Needed,Auto-generated to expand prototype coverage; verify exact course/certification title and URL before final deployment.,https://www.edx.org/search?q=Undertake+healthcare+examination,Undertake healthcare examination; Patient Assessment Support; Medical Terminology,generated_mapped,Generated from Expanded_Kareerly_Skills_Reference_SK001_SK621 and linked by skill_ids.
LR-209,Career Readiness Course: Handle complaints,"Prototype curated learning resource for Handle complaints. Covers Handle complaints, Customer Service, Client Handling and supports Kareerly skill-gap recommendations for Customer Service and Client Information. Verify the exact provider course before final release.",No formal experience required,Flexible/Self-paced,Foundational,4–6 weeks,Handle complaints; Customer Service; Client Handling,SK314;SK029;SK030,K03,"Sales, Marketing, and Customer Relations",Coursera,MOOC Platform,88,Course/Certification,English,Online/Self-paced,Free/Paid,Generated - Review Needed,Auto-generated to expand prototype coverage; verify exact course/certification title and URL before final deployment.,https://www.coursera.org/search?query=Handle+complaints,Handle complaints; Customer Service; Client Handling,generated_mapped,Generated from Expanded_Kareerly_Skills_Reference_SK001_SK621 and linked by skill_ids.
LR-210,Certificate Pathway: Establish an ICT customer support process,"Prototype curated learning resource for Establish an ICT customer support process. Covers Establish an ICT customer support process, Customer Service, Client Handling and supports Kareerly skill-gap recommendations for Customer Service and Client Information. Verify the exact provider course before final release.",No formal experience required,Flexible/Self-paced,Beginner,2–4 hours,Establish an ICT customer support process; Customer Service; Client Handling,SK299;SK029;SK030,K03,"Sales, Marketing, and Customer Relations",edX,MOOC Platform,88,Course/Certification,English,Online/Self-paced,Free/Paid,Generated - Review Needed,Auto-generated to expand prototype coverage; verify exact course/certification title and URL before final deployment.,https://www.edx.org/search?q=Establish+an+ICT+customer+support+process,Establish an ICT customer support process; Customer Service; Client Handling,generated_mapped,Generated from Expanded_Kareerly_Skills_Reference_SK001_SK621 and linked by skill_ids.
LR-211,Foundations Course: Manage guest support services,"Prototype curated learning resource for Manage guest support services. Covers Manage guest support services, Customer Service, Client Handling and supports Kareerly skill-gap recommendations for Customer Service and Client Information. Verify the exact provider course before final release.",Basic related experience recommended,Flexible/Self-paced,Intermediate,6–10 hours,Manage guest support services; Customer Service; Client Handling,SK296;SK029;SK030,K03,"Sales, Marketing, and Customer Relations",IBM SkillsBuild,Industry Vendor,85,Course/Certification,English,Online/Self-paced,Free,Generated - Review Needed,Auto-generated to expand prototype coverage; verify exact course/certification title and URL before final deployment.,https://skillsbuild.org/,Manage guest support services; Customer Service; Client Handling,generated_mapped,Generated from Expanded_Kareerly_Skills_Reference_SK001_SK621 and linked by skill_ids.
LR-212,Practical Skills Certificate: Build a strategic marketing plan for destination management,"Prototype curated learning resource for Build a strategic marketing plan for destination management. Covers Build a strategic marketing plan for destination management, Digital Marketing, Social Media Management and supports Kareerly skill-gap recommendations for Marketing and Public Relations. Verify the exact provider course before final release.",No formal experience required,Flexible/Self-paced,Foundational,2–4 weeks,Build a strategic marketing plan for destination management; Digital Marketing; Social Media Management,SK273;SK026;SK027,K03,"Sales, Marketing, and Customer Relations",Udemy,Private Training Platform,75,Course/Certification,English,Online/Self-paced,Paid,Generated - Review Needed,Auto-generated to expand prototype coverage; verify exact course/certification title and URL before final deployment.,https://www.udemy.com/courses/search/?q=Build+a+strategic+marketing+plan+for+destination+management,Build a strategic marketing plan for destination management; Digital Marketing; Social Media Management,generated_mapped,Generated from Expanded_Kareerly_Skills_Reference_SK001_SK621 and linked by skill_ids.
LR-213,Career Readiness Course: Perform market research in footwear,"Prototype curated learning resource for Perform market research in footwear. Covers Perform market research in footwear, Digital Marketing, Social Media Management and supports Kareerly skill-gap recommendations for Marketing and Public Relations. Verify the exact provider course before final release.",No formal experience required,Flexible/Self-paced,Beginner,4–6 weeks,Perform market research in footwear; Digital Marketing; Social Media Management,SK272;SK026;SK027,K03,"Sales, Marketing, and Customer Relations",Other Trusted Provider,Other,70,Course/Certification,English,Online/Self-paced,Review,Generated - Review Needed,Auto-generated to expand prototype coverage; verify exact course/certification title and URL before final deployment.,,Perform market research in footwear; Digital Marketing; Social Media Management,generated_mapped,Generated from Expanded_Kareerly_Skills_Reference_SK001_SK621 and linked by skill_ids.
LR-214,Certificate Pathway: Plan social media marketing campaigns,"Prototype curated learning resource for Plan social media marketing campaigns. Covers Plan social media marketing campaigns, Digital Marketing, Social Media Management and supports Kareerly skill-gap recommendations for Marketing and Public Relations. Verify the exact provider course before final release.",Basic related experience recommended,Flexible/Self-paced,Intermediate,2–4 hours,Plan social media marketing campaigns; Digital Marketing; Social Media Management,SK262;SK026;SK027,K03,"Sales, Marketing, and Customer Relations",Coursera,MOOC Platform,88,Course/Certification,English,Online/Self-paced,Free/Paid,Generated - Review Needed,Auto-generated to expand prototype coverage; verify exact course/certification title and URL before final deployment.,https://www.coursera.org/search?query=Plan+social+media+marketing+campaigns,Plan social media marketing campaigns; Digital Marketing; Social Media Management,generated_mapped,Generated from Expanded_Kareerly_Skills_Reference_SK001_SK621 and linked by skill_ids.
LR-215,Foundations Course: Recruitment Coordination,"Prototype curated learning resource for Recruitment Coordination. Covers Recruitment Coordination, Human Resource Support, Business Communication and supports Kareerly skill-gap recommendations for Human Resources and Business Services. Verify the exact provider course before final release.",No formal experience required,Flexible/Self-paced,Foundational,6–10 hours,Recruitment Coordination; Human Resource Support; Business Communication,SK019;SK018;SK020,K02,"Business, Finance, and Office Administration",edX,MOOC Platform,88,Course/Certification,English,Online/Self-paced,Free/Paid,Generated - Review Needed,Auto-generated to expand prototype coverage; verify exact course/certification title and URL before final deployment.,https://www.edx.org/search?q=Recruitment+Coordination,Recruitment Coordination; Human Resource Support; Business Communication,generated_mapped,Generated from Expanded_Kareerly_Skills_Reference_SK001_SK621 and linked by skill_ids.
LR-216,Practical Skills Certificate: Technical Drafting,"Prototype curated learning resource for Technical Drafting. Covers Technical Drafting, CAD Operation, Engineering Measurement and supports Kareerly skill-gap recommendations for Engineering and Architecture. Verify the exact provider course before final release.",No formal experience required,Flexible/Self-paced,Beginner,2–4 weeks,Technical Drafting; CAD Operation; Engineering Measurement,SK067;SK068;SK069,K07,"Engineering, Construction, and Skilled Trades",Coursera,MOOC Platform,88,Course/Certification,English,Online/Self-paced,Free/Paid,Generated - Review Needed,Auto-generated to expand prototype coverage; verify exact course/certification title and URL before final deployment.,https://www.coursera.org/search?query=Technical+Drafting,Technical Drafting; CAD Operation; Engineering Measurement,generated_mapped,Generated from Expanded_Kareerly_Skills_Reference_SK001_SK621 and linked by skill_ids.
LR-217,Career Readiness Course: Sales argumentation,"Prototype curated learning resource for Sales argumentation. Covers Sales argumentation, Sales Techniques, Retail Operations and supports Kareerly skill-gap recommendations for Sales and Retail. Verify the exact provider course before final release.",Basic related experience recommended,Flexible/Self-paced,Intermediate,4–6 weeks,Sales argumentation; Sales Techniques; Retail Operations,SK302;SK023;SK024,K03,"Sales, Marketing, and Customer Relations",Udemy,Private Training Platform,75,Course/Certification,English,Online/Self-paced,Paid,Generated - Review Needed,Auto-generated to expand prototype coverage; verify exact course/certification title and URL before final deployment.,https://www.udemy.com/courses/search/?q=Sales+argumentation,Sales argumentation; Sales Techniques; Retail Operations,generated_mapped,Generated from Expanded_Kareerly_Skills_Reference_SK001_SK621 and linked by skill_ids.
LR-218,Certificate Pathway: Content marketing strategy,"Prototype curated learning resource for Content marketing strategy. Covers Content marketing strategy, Digital Marketing, Social Media Management and supports Kareerly skill-gap recommendations for Marketing and Public Relations. Verify the exact provider course before final release.",No formal experience required,Flexible/Self-paced,Foundational,2–4 hours,Content marketing strategy; Digital Marketing; Social Media Management,SK265;SK026;SK027,K03,"Sales, Marketing, and Customer Relations",Other Trusted Provider,Other,70,Course/Certification,English,Online/Self-paced,Review,Generated - Review Needed,Auto-generated to expand prototype coverage; verify exact course/certification title and URL before final deployment.,,Content marketing strategy; Digital Marketing; Social Media Management,generated_mapped,Generated from Expanded_Kareerly_Skills_Reference_SK001_SK621 and linked by skill_ids.
LR-219,Foundations Course: Workplace Safety,"Prototype curated learning resource for Workplace Safety. Covers Workplace Safety, Machine Operation, Production Monitoring and supports Kareerly skill-gap recommendations for Manufacturing and Plant Operations. Verify the exact provider course before final release.",No formal experience required,Flexible/Self-paced,Beginner,6–10 hours,Workplace Safety; Machine Operation; Production Monitoring,SK091;SK089;SK090,K09,"Logistics, Manufacturing, and Operations",Coursera,MOOC Platform,88,Course/Certification,English,Online/Self-paced,Free/Paid,Generated - Review Needed,Auto-generated to expand prototype coverage; verify exact course/certification title and URL before final deployment.,https://www.coursera.org/search?query=Workplace+Safety,Workplace Safety; Machine Operation; Production Monitoring,generated_mapped,Generated from Expanded_Kareerly_Skills_Reference_SK001_SK621 and linked by skill_ids.
LR-220,Practical Skills Certificate: Prepare market research reports,"Prototype curated learning resource for Prepare market research reports. Covers Prepare market research reports, Digital Marketing, Social Media Management and supports Kareerly skill-gap recommendations for Marketing and Public Relations. Verify the exact provider course before final release.",Basic related experience recommended,Flexible/Self-paced,Intermediate,2–4 weeks,Prepare market research reports; Digital Marketing; Social Media Management,SK285;SK026;SK027,K03,"Sales, Marketing, and Customer Relations",edX,MOOC Platform,88,Course/Certification,English,Online/Self-paced,Free/Paid,Generated - Review Needed,Auto-generated to expand prototype coverage; verify exact course/certification title and URL before final deployment.,https://www.edx.org/search?q=Prepare+market+research+reports,Prepare market research reports; Digital Marketing; Social Media Management,generated_mapped,Generated from Expanded_Kareerly_Skills_Reference_SK001_SK621 and linked by skill_ids.
LR-221,Career Readiness Course: Provide anti-cancer medical treatment,"Prototype curated learning resource for Provide anti-cancer medical treatment. Covers Provide anti-cancer medical treatment, Patient Assessment Support, Medical Terminology and supports Kareerly skill-gap recommendations for Medical and Clinical Professionals. Verify the exact provider course before final release.",No formal experience required,Flexible/Self-paced,Foundational,4–6 weeks,Provide anti-cancer medical treatment; Patient Assessment Support; Medical Terminology,SK435;SK056;SK057,K06,"Healthcare, Caregiving, and Wellness",Other Trusted Provider,Other,70,Course/Certification,English,Online/Self-paced,Review,Generated - Review Needed,Auto-generated to expand prototype coverage; verify exact course/certification title and URL before final deployment.,,Provide anti-cancer medical treatment; Patient Assessment Support; Medical Terminology,generated_mapped,Generated from Expanded_Kareerly_Skills_Reference_SK001_SK621 and linked by skill_ids.
LR-222,Certificate Pathway: Production Monitoring,"Prototype curated learning resource for Production Monitoring. Covers Production Monitoring, Machine Operation, Workplace Safety and supports Kareerly skill-gap recommendations for Manufacturing and Plant Operations. Verify the exact provider course before final release.",No formal experience required,Flexible/Self-paced,Beginner,2–4 hours,Production Monitoring; Machine Operation; Workplace Safety,SK090;SK089;SK091,K09,"Logistics, Manufacturing, and Operations",TESDA,Government,95,Course/Certification,English,Online/Self-paced,Free,Generated - Review Needed,Auto-generated to expand prototype coverage; verify exact course/certification title and URL before final deployment.,https://e-tesda.gov.ph/,Production Monitoring; Machine Operation; Workplace Safety,generated_mapped,Generated from Expanded_Kareerly_Skills_Reference_SK001_SK621 and linked by skill_ids.
LR-223,Foundations Course: Brand marketing techniques,"Prototype curated learning resource for Brand marketing techniques. Covers Brand marketing techniques, Digital Marketing, Social Media Management and supports Kareerly skill-gap recommendations for Marketing and Public Relations. Verify the exact provider course before final release.",Basic related experience recommended,Flexible/Self-paced,Intermediate,6–10 hours,Brand marketing techniques; Digital Marketing; Social Media Management,SK283;SK026;SK027,K03,"Sales, Marketing, and Customer Relations",Other Trusted Provider,Other,70,Course/Certification,English,Online/Self-paced,Review,Generated - Review Needed,Auto-generated to expand prototype coverage; verify exact course/certification title and URL before final deployment.,,Brand marketing techniques; Digital Marketing; Social Media Management,generated_mapped,Generated from Expanded_Kareerly_Skills_Reference_SK001_SK621 and linked by skill_ids.
LR-224,Practical Skills Certificate: International financial reporting standards,"Prototype curated learning resource for International financial reporting standards. Covers International financial reporting standards, Bookkeeping, Financial Reporting and supports Kareerly skill-gap recommendations for Finance, Accounting, and Bookkeeping. Verify the exact provider course before final release.",No formal experience required,Flexible/Self-paced,Foundational,2–4 weeks,International financial reporting standards; Bookkeeping; Financial Reporting,SK256;SK012;SK013,K02,"Business, Finance, and Office Administration",Coursera,MOOC Platform,88,Course/Certification,English,Online/Self-paced,Free/Paid,Generated - Review Needed,Auto-generated to expand prototype coverage; verify exact course/certification title and URL before final deployment.,https://www.coursera.org/search?query=International+financial+reporting+standards,International financial reporting standards; Bookkeeping; Financial Reporting,generated_mapped,Generated from Expanded_Kareerly_Skills_Reference_SK001_SK621 and linked by skill_ids.
LR-225,Career Readiness Course: Copywriting,"Prototype curated learning resource for Copywriting. Covers Copywriting, Content Writing, Proofreading and supports Kareerly skill-gap recommendations for Writing, Journalism, and Language. Verify the exact provider course before final release.",No formal experience required,Flexible/Self-paced,Beginner,4–6 weeks,Copywriting; Content Writing; Proofreading,SK035;SK034;SK036,K04,"Creative, Media, and Communications",Other Trusted Provider,Other,70,Course/Certification,English,Online/Self-paced,Review,Generated - Review Needed,Auto-generated to expand prototype coverage; verify exact course/certification title and URL before final deployment.,,Copywriting; Content Writing; Proofreading,generated_mapped,Generated from Expanded_Kareerly_Skills_Reference_SK001_SK621 and linked by skill_ids.
LR-226,Certificate Pathway: Proofreading,"Prototype curated learning resource for Proofreading. Covers Proofreading, Content Writing, Copywriting and supports Kareerly skill-gap recommendations for Writing, Journalism, and Language. Verify the exact provider course before final release.",Basic related experience recommended,Flexible/Self-paced,Intermediate,2–4 hours,Proofreading; Content Writing; Copywriting,SK036;SK034;SK035,K04,"Creative, Media, and Communications",Coursera,MOOC Platform,88,Course/Certification,English,Online/Self-paced,Free/Paid,Generated - Review Needed,Auto-generated to expand prototype coverage; verify exact course/certification title and URL before final deployment.,https://www.coursera.org/search?query=Proofreading,Proofreading; Content Writing; Copywriting,generated_mapped,Generated from Expanded_Kareerly_Skills_Reference_SK001_SK621 and linked by skill_ids.
LR-227,Foundations Course: Rewrite manuscripts,"Prototype curated learning resource for Rewrite manuscripts. Covers Rewrite manuscripts, Content Writing, Copywriting and supports Kareerly skill-gap recommendations for Writing, Journalism, and Language. Verify the exact provider course before final release.",No formal experience required,Flexible/Self-paced,Foundational,6–10 hours,Rewrite manuscripts; Content Writing; Copywriting,SK322;SK034;SK035,K04,"Creative, Media, and Communications",edX,MOOC Platform,88,Course/Certification,English,Online/Self-paced,Free/Paid,Generated - Review Needed,Auto-generated to expand prototype coverage; verify exact course/certification title and URL before final deployment.,https://www.edx.org/search?q=Rewrite+manuscripts,Rewrite manuscripts; Content Writing; Copywriting,generated_mapped,Generated from Expanded_Kareerly_Skills_Reference_SK001_SK621 and linked by skill_ids.
LR-228,Practical Skills Certificate: Accept feedback on artistic performance,"Prototype curated learning resource for Accept feedback on artistic performance. Covers Accept feedback on artistic performance, Creative Concept Development, Photography and supports Kareerly skill-gap recommendations for Creative and Performing Arts. Verify the exact provider course before final release.",No formal experience required,Flexible/Self-paced,Beginner,2–4 weeks,Accept feedback on artistic performance; Creative Concept Development; Photography,SK317;SK037;SK038,K04,"Creative, Media, and Communications",Udemy,Private Training Platform,75,Course/Certification,English,Online/Self-paced,Paid,Generated - Review Needed,Auto-generated to expand prototype coverage; verify exact course/certification title and URL before final deployment.,https://www.udemy.com/courses/search/?q=Accept+feedback+on+artistic+performance,Accept feedback on artistic performance; Creative Concept Development; Photography,generated_mapped,Generated from Expanded_Kareerly_Skills_Reference_SK001_SK621 and linked by skill_ids.
LR-229,Career Readiness Course: Video Editing,"Prototype curated learning resource for Video Editing. Covers Video Editing, Creative Concept Development, Photography and supports Kareerly skill-gap recommendations for Creative and Performing Arts. Verify the exact provider course before final release.",Basic related experience recommended,Flexible/Self-paced,Intermediate,4–6 weeks,Video Editing; Creative Concept Development; Photography,SK039;SK037;SK038,K04,"Creative, Media, and Communications",Other Trusted Provider,Other,70,Course/Certification,English,Online/Self-paced,Review,Generated - Review Needed,Auto-generated to expand prototype coverage; verify exact course/certification title and URL before final deployment.,,Video Editing; Creative Concept Development; Photography,generated_mapped,Generated from Expanded_Kareerly_Skills_Reference_SK001_SK621 and linked by skill_ids.
LR-230,Certificate Pathway: Design graphics,"Prototype curated learning resource for Design graphics. Covers Design graphics, Graphic Design, Multimedia Design and supports Kareerly skill-gap recommendations for Design, Multimedia, and Cultural Work. Verify the exact provider course before final release.",No formal experience required,Flexible/Self-paced,Foundational,2–4 hours,Design graphics; Graphic Design; Multimedia Design,SK334;SK040;SK041,K04,"Creative, Media, and Communications",Coursera,MOOC Platform,88,Course/Certification,English,Online/Self-paced,Free/Paid,Generated - Review Needed,Auto-generated to expand prototype coverage; verify exact course/certification title and URL before final deployment.,https://www.coursera.org/search?query=Design+graphics,Design graphics; Graphic Design; Multimedia Design,generated_mapped,Generated from Expanded_Kareerly_Skills_Reference_SK001_SK621 and linked by skill_ids.
LR-231,Foundations Course: Public relations,"Prototype curated learning resource for Public relations. Covers Public relations, Digital Marketing, Social Media Management and supports Kareerly skill-gap recommendations for Marketing and Public Relations. Verify the exact provider course before final release.",No formal experience required,Flexible/Self-paced,Beginner,6–10 hours,Public relations; Digital Marketing; Social Media Management,SK313;SK026;SK027,K03,"Sales, Marketing, and Customer Relations",IBM SkillsBuild,Industry Vendor,85,Course/Certification,English,Online/Self-paced,Free,Generated - Review Needed,Auto-generated to expand prototype coverage; verify exact course/certification title and URL before final deployment.,https://skillsbuild.org/,Public relations; Digital Marketing; Social Media Management,generated_mapped,Generated from Expanded_Kareerly_Skills_Reference_SK001_SK621 and linked by skill_ids.
LR-232,Practical Skills Certificate: UI Design,"Prototype curated learning resource for UI Design. Covers UI Design, Graphic Design, Multimedia Design and supports Kareerly skill-gap recommendations for Design, Multimedia, and Cultural Work. Verify the exact provider course before final release.",Basic related experience recommended,Flexible/Self-paced,Intermediate,2–4 weeks,UI Design; Graphic Design; Multimedia Design,SK042;SK040;SK041,K04,"Creative, Media, and Communications",Udemy,Private Training Platform,75,Course/Certification,English,Online/Self-paced,Paid,Generated - Review Needed,Auto-generated to expand prototype coverage; verify exact course/certification title and URL before final deployment.,https://www.udemy.com/courses/search/?q=UI+Design,UI Design; Graphic Design; Multimedia Design,generated_mapped,Generated from Expanded_Kareerly_Skills_Reference_SK001_SK621 and linked by skill_ids.
LR-233,Career Readiness Course: Teach design and applied arts principles,"Prototype curated learning resource for Teach design and applied arts principles. Covers Teach design and applied arts principles, Graphic Design, Multimedia Design and supports Kareerly skill-gap recommendations for Design, Multimedia, and Cultural Work. Verify the exact provider course before final release.",No formal experience required,Flexible/Self-paced,Foundational,4–6 weeks,Teach design and applied arts principles; Graphic Design; Multimedia Design,SK345;SK040;SK041,K04,"Creative, Media, and Communications",Other Trusted Provider,Other,70,Course/Certification,English,Online/Self-paced,Review,Generated - Review Needed,Auto-generated to expand prototype coverage; verify exact course/certification title and URL before final deployment.,,Teach design and applied arts principles; Graphic Design; Multimedia Design,generated_mapped,Generated from Expanded_Kareerly_Skills_Reference_SK001_SK621 and linked by skill_ids.
LR-234,Certificate Pathway: Photography,"Prototype curated learning resource for Photography. Covers Photography, Creative Concept Development, Video Editing and supports Kareerly skill-gap recommendations for Creative and Performing Arts. Verify the exact provider course before final release.",No formal experience required,Flexible/Self-paced,Beginner,2–4 hours,Photography; Creative Concept Development; Video Editing,SK038;SK037;SK039,K04,"Creative, Media, and Communications",Coursera,MOOC Platform,88,Course/Certification,English,Online/Self-paced,Free/Paid,Generated - Review Needed,Auto-generated to expand prototype coverage; verify exact course/certification title and URL before final deployment.,https://www.coursera.org/search?query=Photography,Photography; Creative Concept Development; Video Editing,generated_mapped,Generated from Expanded_Kareerly_Skills_Reference_SK001_SK621 and linked by skill_ids.
LR-235,Foundations Course: Graphics editor software,"Prototype curated learning resource for Graphics editor software. Covers Graphics editor software, Graphic Design, Multimedia Design and supports Kareerly skill-gap recommendations for Design, Multimedia, and Cultural Work. Verify the exact provider course before final release.",Basic related experience recommended,Flexible/Self-paced,Intermediate,6–10 hours,Graphics editor software; Graphic Design; Multimedia Design,SK325;SK040;SK041,K04,"Creative, Media, and Communications",edX,MOOC Platform,88,Course/Certification,English,Online/Self-paced,Free/Paid,Generated - Review Needed,Auto-generated to expand prototype coverage; verify exact course/certification title and URL before final deployment.,https://www.edx.org/search?q=Graphics+editor+software,Graphics editor software; Graphic Design; Multimedia Design,generated_mapped,Generated from Expanded_Kareerly_Skills_Reference_SK001_SK621 and linked by skill_ids.
LR-236,Practical Skills Certificate: Maintain lighting equipment,"Prototype curated learning resource for Maintain lighting equipment. Covers Maintain lighting equipment, Electrical Installation, Mechanical Maintenance and supports Kareerly skill-gap recommendations for Electrical, Electronics, and Mechanical Trades. Verify the exact provider course before final release.",No formal experience required,Flexible/Self-paced,Foundational,2–4 weeks,Maintain lighting equipment; Electrical Installation; Mechanical Maintenance,SK497;SK073;SK074,K07,"Engineering, Construction, and Skilled Trades",Coursera,MOOC Platform,88,Course/Certification,English,Online/Self-paced,Free/Paid,Generated - Review Needed,Auto-generated to expand prototype coverage; verify exact course/certification title and URL before final deployment.,https://www.coursera.org/search?query=Maintain+lighting+equipment,Maintain lighting equipment; Electrical Installation; Mechanical Maintenance,generated_mapped,Generated from Expanded_Kareerly_Skills_Reference_SK001_SK621 and linked by skill_ids.
LR-237,Career Readiness Course: Records Organization,"Prototype curated learning resource for Records Organization. Covers Records Organization, Library Assistance, Collection management software and supports Kareerly skill-gap recommendations for Libraries, Archives, and Curatorial Work. Verify the exact provider course before final release.",No formal experience required,Flexible/Self-paced,Beginner,4–6 weeks,Records Organization; Library Assistance; Collection management software,SK054;SK055;SK388,K05,"Education, Training, and Community Services",edX,MOOC Platform,88,Course/Certification,English,Online/Self-paced,Free/Paid,Generated - Review Needed,Auto-generated to expand prototype coverage; verify exact course/certification title and URL before final deployment.,https://www.edx.org/search?q=Records+Organization,Records Organization; Library Assistance; Collection management software,generated_mapped,Generated from Expanded_Kareerly_Skills_Reference_SK001_SK621 and linked by skill_ids.
LR-238,Certificate Pathway: Develop animations,"Prototype curated learning resource for Develop animations. Covers Develop animations, Graphic Design, Multimedia Design and supports Kareerly skill-gap recommendations for Design, Multimedia, and Cultural Work. Verify the exact provider course before final release.",Basic related experience recommended,Flexible/Self-paced,Intermediate,2–4 hours,Develop animations; Graphic Design; Multimedia Design,SK321;SK040;SK041,K04,"Creative, Media, and Communications",Coursera,MOOC Platform,88,Course/Certification,English,Online/Self-paced,Free/Paid,Generated - Review Needed,Auto-generated to expand prototype coverage; verify exact course/certification title and URL before final deployment.,https://www.coursera.org/search?query=Develop+animations,Develop animations; Graphic Design; Multimedia Design,generated_mapped,Generated from Expanded_Kareerly_Skills_Reference_SK001_SK621 and linked by skill_ids.
LR-239,Foundations Course: Set up broadcast equipment,"Prototype curated learning resource for Set up broadcast equipment. Covers Set up broadcast equipment, Audio Editing, Content Planning and supports Kareerly skill-gap recommendations for Broadcasting and Content Support. Verify the exact provider course before final release.",No formal experience required,Flexible/Self-paced,Foundational,6–10 hours,Set up broadcast equipment; Audio Editing; Content Planning,SK337;SK043;SK044,K04,"Creative, Media, and Communications",edX,MOOC Platform,88,Course/Certification,English,Online/Self-paced,Free/Paid,Generated - Review Needed,Auto-generated to expand prototype coverage; verify exact course/certification title and URL before final deployment.,https://www.edx.org/search?q=Set+up+broadcast+equipment,Set up broadcast equipment; Audio Editing; Content Planning,generated_mapped,Generated from Expanded_Kareerly_Skills_Reference_SK001_SK621 and linked by skill_ids.
LR-240,Practical Skills Certificate: Adapt designers’ work to the performance venue,"Prototype curated learning resource for Adapt designers’ work to the performance venue. Covers Adapt designers’ work to the performance venue, Creative Concept Development, Photography and supports Kareerly skill-gap recommendations for Creative and Performing Arts. Verify the exact provider course before final release.",No formal experience required,Flexible/Self-paced,Beginner,2–4 weeks,Adapt designers’ work to the performance venue; Creative Concept Development; Photography,SK348;SK037;SK038,K04,"Creative, Media, and Communications",Udemy,Private Training Platform,75,Course/Certification,English,Online/Self-paced,Paid,Generated - Review Needed,Auto-generated to expand prototype coverage; verify exact course/certification title and URL before final deployment.,https://www.udemy.com/courses/search/?q=Adapt+designers%E2%80%99+work+to+the+performance+venue,Adapt designers’ work to the performance venue; Creative Concept Development; Photography,generated_mapped,Generated from Expanded_Kareerly_Skills_Reference_SK001_SK621 and linked by skill_ids.
LR-241,Career Readiness Course: Information security strategy,"Prototype curated learning resource for Information security strategy. Covers Information security strategy, Technical Support, Database Management and supports Kareerly skill-gap recommendations for Networks, Databases, and IT Support. Verify the exact provider course before final release.",Basic related experience recommended,Flexible/Self-paced,Intermediate,4–6 weeks,Information security strategy; Technical Support; Database Management,SK149;SK007;SK008,K01,"Technology, Data, and Digital Systems",IBM SkillsBuild,Industry Vendor,85,Course/Certification,English,Online/Self-paced,Free,Generated - Review Needed,Auto-generated to expand prototype coverage; verify exact course/certification title and URL before final deployment.,https://skillsbuild.org/,Information security strategy; Technical Support; Database Management,generated_mapped,Generated from Expanded_Kareerly_Skills_Reference_SK001_SK621 and linked by skill_ids.
LR-242,Certificate Pathway: Audio Editing,"Prototype curated learning resource for Audio Editing. Covers Audio Editing, Content Planning, Set up broadcast equipment and supports Kareerly skill-gap recommendations for Broadcasting and Content Support. Verify the exact provider course before final release.",No formal experience required,Flexible/Self-paced,Foundational,2–4 hours,Audio Editing; Content Planning; Set up broadcast equipment,SK043;SK044;SK337,K04,"Creative, Media, and Communications",Coursera,MOOC Platform,88,Course/Certification,English,Online/Self-paced,Free/Paid,Generated - Review Needed,Auto-generated to expand prototype coverage; verify exact course/certification title and URL before final deployment.,https://www.coursera.org/search?query=Audio+Editing,Audio Editing; Content Planning; Set up broadcast equipment,generated_mapped,Generated from Expanded_Kareerly_Skills_Reference_SK001_SK621 and linked by skill_ids.
LR-243,Foundations Course: Social media marketing techniques,"Prototype curated learning resource for Social media marketing techniques. Covers Social media marketing techniques, Digital Marketing, Social Media Management and supports Kareerly skill-gap recommendations for Marketing and Public Relations. Verify the exact provider course before final release.",No formal experience required,Flexible/Self-paced,Beginner,6–10 hours,Social media marketing techniques; Digital Marketing; Social Media Management,SK268;SK026;SK027,K03,"Sales, Marketing, and Customer Relations",Other Trusted Provider,Other,70,Course/Certification,English,Online/Self-paced,Review,Generated - Review Needed,Auto-generated to expand prototype coverage; verify exact course/certification title and URL before final deployment.,,Social media marketing techniques; Digital Marketing; Social Media Management,generated_mapped,Generated from Expanded_Kareerly_Skills_Reference_SK001_SK621 and linked by skill_ids.
LR-244,Practical Skills Certificate: Psychological healthcare services,"Prototype curated learning resource for Psychological healthcare services. Covers Psychological healthcare services, Patient Assessment Support, Medical Terminology and supports Kareerly skill-gap recommendations for Medical and Clinical Professionals. Verify the exact provider course before final release.",Basic related experience recommended,Flexible/Self-paced,Intermediate,2–4 weeks,Psychological healthcare services; Patient Assessment Support; Medical Terminology,SK431;SK056;SK057,K06,"Healthcare, Caregiving, and Wellness",edX,MOOC Platform,88,Course/Certification,English,Online/Self-paced,Free/Paid,Generated - Review Needed,Auto-generated to expand prototype coverage; verify exact course/certification title and URL before final deployment.,https://www.edx.org/search?q=Psychological+healthcare+services,Psychological healthcare services; Patient Assessment Support; Medical Terminology,generated_mapped,Generated from Expanded_Kareerly_Skills_Reference_SK001_SK621 and linked by skill_ids.
LR-245,Career Readiness Course: Creative Concept Development,"Prototype curated learning resource for Creative Concept Development. Covers Creative Concept Development, Photography, Video Editing and supports Kareerly skill-gap recommendations for Creative and Performing Arts. Verify the exact provider course before final release.",No formal experience required,Flexible/Self-paced,Foundational,4–6 weeks,Creative Concept Development; Photography; Video Editing,SK037;SK038;SK039,K04,"Creative, Media, and Communications",Other Trusted Provider,Other,70,Course/Certification,English,Online/Self-paced,Review,Generated - Review Needed,Auto-generated to expand prototype coverage; verify exact course/certification title and URL before final deployment.,,Creative Concept Development; Photography; Video Editing,generated_mapped,Generated from Expanded_Kareerly_Skills_Reference_SK001_SK621 and linked by skill_ids.
LR-246,Certificate Pathway: Write job descriptions,"Prototype curated learning resource for Write job descriptions. Covers Write job descriptions, Content Writing, Copywriting and supports Kareerly skill-gap recommendations for Writing, Journalism, and Language. Verify the exact provider course before final release.",No formal experience required,Flexible/Self-paced,Beginner,2–4 hours,Write job descriptions; Content Writing; Copywriting,SK323;SK034;SK035,K04,"Creative, Media, and Communications",Coursera,MOOC Platform,88,Course/Certification,English,Online/Self-paced,Free/Paid,Generated - Review Needed,Auto-generated to expand prototype coverage; verify exact course/certification title and URL before final deployment.,https://www.coursera.org/search?query=Write+job+descriptions,Write job descriptions; Content Writing; Copywriting,generated_mapped,Generated from Expanded_Kareerly_Skills_Reference_SK001_SK621 and linked by skill_ids.
LR-247,Foundations Course: Translate requirements into visual design,"Prototype curated learning resource for Translate requirements into visual design. Covers Translate requirements into visual design, Graphic Design, Multimedia Design and supports Kareerly skill-gap recommendations for Design, Multimedia, and Cultural Work. Verify the exact provider course before final release.",Basic related experience recommended,Flexible/Self-paced,Intermediate,6–10 hours,Translate requirements into visual design; Graphic Design; Multimedia Design,SK330;SK040;SK041,K04,"Creative, Media, and Communications",edX,MOOC Platform,88,Course/Certification,English,Online/Self-paced,Free/Paid,Generated - Review Needed,Auto-generated to expand prototype coverage; verify exact course/certification title and URL before final deployment.,https://www.edx.org/search?q=Translate+requirements+into+visual+design,Translate requirements into visual design; Graphic Design; Multimedia Design,generated_mapped,Generated from Expanded_Kareerly_Skills_Reference_SK001_SK621 and linked by skill_ids.
LR-248,Practical Skills Certificate: Media planning,"Prototype curated learning resource for Media planning. Covers Media planning, Digital Marketing, Social Media Management and supports Kareerly skill-gap recommendations for Marketing and Public Relations. Verify the exact provider course before final release.",No formal experience required,Flexible/Self-paced,Foundational,2–4 weeks,Media planning; Digital Marketing; Social Media Management,SK278;SK026;SK027,K03,"Sales, Marketing, and Customer Relations",Other Trusted Provider,Other,70,Course/Certification,English,Online/Self-paced,Review,Generated - Review Needed,Auto-generated to expand prototype coverage; verify exact course/certification title and URL before final deployment.,,Media planning; Digital Marketing; Social Media Management,generated_mapped,Generated from Expanded_Kareerly_Skills_Reference_SK001_SK621 and linked by skill_ids.
LR-249,Career Readiness Course: Electrical Installation,"Prototype curated learning resource for Electrical Installation. Covers Electrical Installation, Mechanical Maintenance, Electronics Repair and supports Kareerly skill-gap recommendations for Electrical, Electronics, and Mechanical Trades. Verify the exact provider course before final release.",No formal experience required,Flexible/Self-paced,Beginner,4–6 weeks,Electrical Installation; Mechanical Maintenance; Electronics Repair,SK073;SK074;SK075,K07,"Engineering, Construction, and Skilled Trades",Other Trusted Provider,Other,70,Course/Certification,English,Online/Self-paced,Review,Generated - Review Needed,Auto-generated to expand prototype coverage; verify exact course/certification title and URL before final deployment.,,Electrical Installation; Mechanical Maintenance; Electronics Repair,generated_mapped,Generated from Expanded_Kareerly_Skills_Reference_SK001_SK621 and linked by skill_ids.
LR-250,Certificate Pathway: Web programming,"Prototype curated learning resource for Web programming. Covers Web programming, Python Programming, JavaScript Programming and supports Kareerly skill-gap recommendations for Software and Applications. Verify the exact provider course before final release.",Basic related experience recommended,Flexible/Self-paced,Intermediate,2–4 hours,Web programming; Python Programming; JavaScript Programming,SK124;SK001;SK002,K01,"Technology, Data, and Digital Systems",edX,MOOC Platform,88,Course/Certification,English,Online/Self-paced,Free/Paid,Generated - Review Needed,Auto-generated to expand prototype coverage; verify exact course/certification title and URL before final deployment.,https://www.edx.org/search?q=Web+programming,Web programming; Python Programming; JavaScript Programming,generated_mapped,Generated from Expanded_Kareerly_Skills_Reference_SK001_SK621 and linked by skill_ids.
LR-251,Foundations Course: Human Resource Support,"Prototype curated learning resource for Human Resource Support. Covers Human Resource Support, Recruitment Coordination, Business Communication and supports Kareerly skill-gap recommendations for Human Resources and Business Services. Verify the exact provider course before final release.",No formal experience required,Flexible/Self-paced,Foundational,6–10 hours,Human Resource Support; Recruitment Coordination; Business Communication,SK018;SK019;SK020,K02,"Business, Finance, and Office Administration",UPOU MODeL,University,92,Course/Certification,English,Online/Self-paced,Free,Generated - Review Needed,Auto-generated to expand prototype coverage; verify exact course/certification title and URL before final deployment.,https://model.upou.edu.ph/,Human Resource Support; Recruitment Coordination; Business Communication,generated_mapped,Generated from Expanded_Kareerly_Skills_Reference_SK001_SK621 and linked by skill_ids.
LR-252,Practical Skills Certificate: Purchasing Support,"Prototype curated learning resource for Purchasing Support. Covers Purchasing Support, Negotiation, Issue purchase orders and supports Kareerly skill-gap recommendations for Purchasing, Brokerage, and Commercial Support. Verify the exact provider course before final release.",No formal experience required,Flexible/Self-paced,Beginner,2–4 weeks,Purchasing Support; Negotiation; Issue purchase orders,SK033;SK032;SK304,K03,"Sales, Marketing, and Customer Relations",Udemy,Private Training Platform,75,Course/Certification,English,Online/Self-paced,Paid,Generated - Review Needed,Auto-generated to expand prototype coverage; verify exact course/certification title and URL before final deployment.,https://www.udemy.com/courses/search/?q=Purchasing+Support,Purchasing Support; Negotiation; Issue purchase orders,generated_mapped,Generated from Expanded_Kareerly_Skills_Reference_SK001_SK621 and linked by skill_ids.
LR-253,Career Readiness Course: Multimedia Design,"Prototype curated learning resource for Multimedia Design. Covers Multimedia Design, Graphic Design, UI Design and supports Kareerly skill-gap recommendations for Design, Multimedia, and Cultural Work. Verify the exact provider course before final release.",Basic related experience recommended,Flexible/Self-paced,Intermediate,4–6 weeks,Multimedia Design; Graphic Design; UI Design,SK041;SK040;SK042,K04,"Creative, Media, and Communications",Other Trusted Provider,Other,70,Course/Certification,English,Online/Self-paced,Review,Generated - Review Needed,Auto-generated to expand prototype coverage; verify exact course/certification title and URL before final deployment.,,Multimedia Design; Graphic Design; UI Design,generated_mapped,Generated from Expanded_Kareerly_Skills_Reference_SK001_SK621 and linked by skill_ids.
LR-254,Certificate Pathway: Lesson Planning,"Prototype curated learning resource for Lesson Planning. Covers Lesson Planning, Classroom Management, Student Assessment and supports Kareerly skill-gap recommendations for Teaching and Academic Support. Verify the exact provider course before final release.",No formal experience required,Flexible/Self-paced,Foundational,2–4 hours,Lesson Planning; Classroom Management; Student Assessment,SK045;SK046;SK047,K05,"Education, Training, and Community Services",TESDA,Government,95,Course/Certification,English,Online/Self-paced,Free,Generated - Review Needed,Auto-generated to expand prototype coverage; verify exact course/certification title and URL before final deployment.,https://e-tesda.gov.ph/,Lesson Planning; Classroom Management; Student Assessment,generated_mapped,Generated from Expanded_Kareerly_Skills_Reference_SK001_SK621 and linked by skill_ids.
LR-255,Foundations Course: Patient Assessment Support,"Prototype curated learning resource for Patient Assessment Support. Covers Patient Assessment Support, Medical Terminology, Clinical Documentation and supports Kareerly skill-gap recommendations for Medical and Clinical Professionals. Verify the exact provider course before final release.",No formal experience required,Flexible/Self-paced,Beginner,6–10 hours,Patient Assessment Support; Medical Terminology; Clinical Documentation,SK056;SK057;SK058,K06,"Healthcare, Caregiving, and Wellness",Coursera,MOOC Platform,88,Course/Certification,English,Online/Self-paced,Free/Paid,Generated - Review Needed,Auto-generated to expand prototype coverage; verify exact course/certification title and URL before final deployment.,https://www.coursera.org/search?query=Patient+Assessment+Support,Patient Assessment Support; Medical Terminology; Clinical Documentation,generated_mapped,Generated from Expanded_Kareerly_Skills_Reference_SK001_SK621 and linked by skill_ids.
LR-256,Practical Skills Certificate: CAD Operation,"Prototype curated learning resource for CAD Operation. Covers CAD Operation, Technical Drafting, Engineering Measurement and supports Kareerly skill-gap recommendations for Engineering and Architecture. Verify the exact provider course before final release.",Basic related experience recommended,Flexible/Self-paced,Intermediate,2–4 weeks,CAD Operation; Technical Drafting; Engineering Measurement,SK068;SK067;SK069,K07,"Engineering, Construction, and Skilled Trades",Coursera,MOOC Platform,88,Course/Certification,English,Online/Self-paced,Free/Paid,Generated - Review Needed,Auto-generated to expand prototype coverage; verify exact course/certification title and URL before final deployment.,https://www.coursera.org/search?query=CAD+Operation,CAD Operation; Technical Drafting; Engineering Measurement,generated_mapped,Generated from Expanded_Kareerly_Skills_Reference_SK001_SK621 and linked by skill_ids.
LR-257,Career Readiness Course: Front Desk Support,"Prototype curated learning resource for Front Desk Support. Covers Front Desk Support, Housekeeping, Guest Relations and supports Kareerly skill-gap recommendations for Hospitality and Accommodation. Verify the exact provider course before final release.",No formal experience required,Flexible/Self-paced,Foundational,4–6 weeks,Front Desk Support; Housekeeping; Guest Relations,SK078;SK079;SK080,K08,"Hospitality, Tourism, Food, and Personal Services",Other Trusted Provider,Other,70,Course/Certification,English,Online/Self-paced,Review,Generated - Review Needed,Auto-generated to expand prototype coverage; verify exact course/certification title and URL before final deployment.,,Front Desk Support; Housekeeping; Guest Relations,generated_mapped,Generated from Expanded_Kareerly_Skills_Reference_SK001_SK621 and linked by skill_ids.
LR-258,Certificate Pathway: Machine Operation,"Prototype curated learning resource for Machine Operation. Covers Machine Operation, Production Monitoring, Workplace Safety and supports Kareerly skill-gap recommendations for Manufacturing and Plant Operations. Verify the exact provider course before final release.",No formal experience required,Flexible/Self-paced,Beginner,2–4 hours,Machine Operation; Production Monitoring; Workplace Safety,SK089;SK090;SK091,K09,"Logistics, Manufacturing, and Operations",TESDA,Government,95,Course/Certification,English,Online/Self-paced,Free,Generated - Review Needed,Auto-generated to expand prototype coverage; verify exact course/certification title and URL before final deployment.,https://e-tesda.gov.ph/,Machine Operation; Production Monitoring; Workplace Safety,generated_mapped,Generated from Expanded_Kareerly_Skills_Reference_SK001_SK621 and linked by skill_ids.
LR-259,Foundations Course: Crop Production,"Prototype curated learning resource for Crop Production. Covers Crop Production, Horticulture, Pest Management and supports Kareerly skill-gap recommendations for Crop and Horticulture. Verify the exact provider course before final release.",Basic related experience recommended,Flexible/Self-paced,Intermediate,6–10 hours,Crop Production; Horticulture; Pest Management,SK100;SK101;SK102,K10,"Agriculture, Forestry, Fishery, and Environmental Work",Coursera,MOOC Platform,88,Course/Certification,English,Online/Self-paced,Free/Paid,Generated - Review Needed,Auto-generated to expand prototype coverage; verify exact course/certification title and URL before final deployment.,https://www.coursera.org/search?query=Crop+Production,Crop Production; Horticulture; Pest Management,generated_mapped,Generated from Expanded_Kareerly_Skills_Reference_SK001_SK621 and linked by skill_ids.
LR-260,Practical Skills Certificate: Government Service Support,"Prototype curated learning resource for Government Service Support. Covers Government Service Support, Regulatory Compliance, Public Records Management and supports Kareerly skill-gap recommendations for Government and Regulatory Services. Verify the exact provider course before final release.",No formal experience required,Flexible/Self-paced,Foundational,2–4 weeks,Government Service Support; Regulatory Compliance; Public Records Management,SK111;SK112;SK113,K11,"Public Service, Legal, and Protective Services",edX,MOOC Platform,88,Course/Certification,English,Online/Self-paced,Free/Paid,Generated - Review Needed,Auto-generated to expand prototype coverage; verify exact course/certification title and URL before final deployment.,https://www.edx.org/search?q=Government+Service+Support,Government Service Support; Regulatory Compliance; Public Records Management,generated_mapped,Generated from Expanded_Kareerly_Skills_Reference_SK001_SK621 and linked by skill_ids.
LR-261,Career Readiness Course: Statistics,"Prototype curated learning resource for Statistics. Covers Statistics, SQL, Data Analysis and supports Kareerly skill-gap recommendations for Data, Analytics, and Statistics. Verify the exact provider course before final release.",No formal experience required,Flexible/Self-paced,Beginner,4–6 weeks,Statistics; SQL; Data Analysis,SK127;SK004;SK005,K01,"Technology, Data, and Digital Systems",IBM SkillsBuild,Industry Vendor,85,Course/Certification,English,Online/Self-paced,Free,Generated - Review Needed,Auto-generated to expand prototype coverage; verify exact course/certification title and URL before final deployment.,https://skillsbuild.org/,Statistics; SQL; Data Analysis,generated_mapped,Generated from Expanded_Kareerly_Skills_Reference_SK001_SK621 and linked by skill_ids.
LR-262,Certificate Pathway: Perform clerical duties,"Prototype curated learning resource for Perform clerical duties. Covers Perform clerical duties, Office Administration, Document Management and supports Kareerly skill-gap recommendations for Office Administration and Clerical Support. Verify the exact provider course before final release.",Basic related experience recommended,Flexible/Self-paced,Intermediate,2–4 hours,Perform clerical duties; Office Administration; Document Management,SK202;SK015;SK016,K02,"Business, Finance, and Office Administration",Udemy,Private Training Platform,75,Course/Certification,English,Online/Self-paced,Paid,Generated - Review Needed,Auto-generated to expand prototype coverage; verify exact course/certification title and URL before final deployment.,https://www.udemy.com/courses/search/?q=Perform+clerical+duties,Perform clerical duties; Office Administration; Document Management,generated_mapped,Generated from Expanded_Kareerly_Skills_Reference_SK001_SK621 and linked by skill_ids.
LR-263,Foundations Course: Apply social media marketing,"Prototype curated learning resource for Apply social media marketing. Covers Apply social media marketing, Digital Marketing, Social Media Management and supports Kareerly skill-gap recommendations for Marketing and Public Relations. Verify the exact provider course before final release.",No formal experience required,Flexible/Self-paced,Foundational,6–10 hours,Apply social media marketing; Digital Marketing; Social Media Management,SK266;SK026;SK027,K03,"Sales, Marketing, and Customer Relations",Other Trusted Provider,Other,70,Course/Certification,English,Online/Self-paced,Review,Generated - Review Needed,Auto-generated to expand prototype coverage; verify exact course/certification title and URL before final deployment.,,Apply social media marketing; Digital Marketing; Social Media Management,generated_mapped,Generated from Expanded_Kareerly_Skills_Reference_SK001_SK621 and linked by skill_ids.
LR-264,Practical Skills Certificate: Compose music,"Prototype curated learning resource for Compose music. Covers Compose music, Creative Concept Development, Photography and supports Kareerly skill-gap recommendations for Creative and Performing Arts. Verify the exact provider course before final release.",No formal experience required,Flexible/Self-paced,Beginner,2–4 weeks,Compose music; Creative Concept Development; Photography,SK318;SK037;SK038,K04,"Creative, Media, and Communications",Udemy,Private Training Platform,75,Course/Certification,English,Online/Self-paced,Paid,Generated - Review Needed,Auto-generated to expand prototype coverage; verify exact course/certification title and URL before final deployment.,https://www.udemy.com/courses/search/?q=Compose+music,Compose music; Creative Concept Development; Photography,generated_mapped,Generated from Expanded_Kareerly_Skills_Reference_SK001_SK621 and linked by skill_ids.
LR-265,Career Readiness Course: Instructional Design,"Prototype curated learning resource for Instructional Design. Covers Instructional Design, Training Facilitation, Learning Evaluation and supports Kareerly skill-gap recommendations for Training and Instruction. Verify the exact provider course before final release.",Basic related experience recommended,Flexible/Self-paced,Intermediate,4–6 weeks,Instructional Design; Training Facilitation; Learning Evaluation,SK049;SK048;SK050,K05,"Education, Training, and Community Services",UPOU MODeL,University,92,Course/Certification,English,Online/Self-paced,Free,Generated - Review Needed,Auto-generated to expand prototype coverage; verify exact course/certification title and URL before final deployment.,https://model.upou.edu.ph/,Instructional Design; Training Facilitation; Learning Evaluation,generated_mapped,Generated from Expanded_Kareerly_Skills_Reference_SK001_SK621 and linked by skill_ids.
LR-266,Certificate Pathway: Medical Terminology,"Prototype curated learning resource for Medical Terminology. Covers Medical Terminology, Patient Assessment Support, Clinical Documentation and supports Kareerly skill-gap recommendations for Medical and Clinical Professionals. Verify the exact provider course before final release.",No formal experience required,Flexible/Self-paced,Foundational,2–4 hours,Medical Terminology; Patient Assessment Support; Clinical Documentation,SK057;SK056;SK058,K06,"Healthcare, Caregiving, and Wellness",TESDA,Government,95,Course/Certification,English,Online/Self-paced,Free,Generated - Review Needed,Auto-generated to expand prototype coverage; verify exact course/certification title and URL before final deployment.,https://e-tesda.gov.ph/,Medical Terminology; Patient Assessment Support; Clinical Documentation,generated_mapped,Generated from Expanded_Kareerly_Skills_Reference_SK001_SK621 and linked by skill_ids.
LR-267,Foundations Course: Engineering Measurement,"Prototype curated learning resource for Engineering Measurement. Covers Engineering Measurement, Technical Drafting, CAD Operation and supports Kareerly skill-gap recommendations for Engineering and Architecture. Verify the exact provider course before final release.",No formal experience required,Flexible/Self-paced,Beginner,6–10 hours,Engineering Measurement; Technical Drafting; CAD Operation,SK069;SK067;SK068,K07,"Engineering, Construction, and Skilled Trades",edX,MOOC Platform,88,Course/Certification,English,Online/Self-paced,Free/Paid,Generated - Review Needed,Auto-generated to expand prototype coverage; verify exact course/certification title and URL before final deployment.,https://www.edx.org/search?q=Engineering+Measurement,Engineering Measurement; Technical Drafting; CAD Operation,generated_mapped,Generated from Expanded_Kareerly_Skills_Reference_SK001_SK621 and linked by skill_ids.
LR-268,Practical Skills Certificate: Housekeeping,"Prototype curated learning resource for Housekeeping. Covers Housekeeping, Front Desk Support, Guest Relations and supports Kareerly skill-gap recommendations for Hospitality and Accommodation. Verify the exact provider course before final release.",Basic related experience recommended,Flexible/Self-paced,Intermediate,2–4 weeks,Housekeeping; Front Desk Support; Guest Relations,SK079;SK078;SK080,K08,"Hospitality, Tourism, Food, and Personal Services",UPOU MODeL,University,92,Course/Certification,English,Online/Self-paced,Free,Generated - Review Needed,Auto-generated to expand prototype coverage; verify exact course/certification title and URL before final deployment.,https://model.upou.edu.ph/,Housekeeping; Front Desk Support; Guest Relations,generated_mapped,Generated from Expanded_Kareerly_Skills_Reference_SK001_SK621 and linked by skill_ids.
LR-269,Career Readiness Course: Assembly Work,"Prototype curated learning resource for Assembly Work. Covers Assembly Work, Packaging, Quality Inspection and supports Kareerly skill-gap recommendations for Assembly and Production Support. Verify the exact provider course before final release.",No formal experience required,Flexible/Self-paced,Foundational,4–6 weeks,Assembly Work; Packaging; Quality Inspection,SK092;SK093;SK094,K09,"Logistics, Manufacturing, and Operations",Other Trusted Provider,Other,70,Course/Certification,English,Online/Self-paced,Review,Generated - Review Needed,Auto-generated to expand prototype coverage; verify exact course/certification title and URL before final deployment.,,Assembly Work; Packaging; Quality Inspection,generated_mapped,Generated from Expanded_Kareerly_Skills_Reference_SK001_SK621 and linked by skill_ids.
LR-270,Certificate Pathway: Horticulture,"Prototype curated learning resource for Horticulture. Covers Horticulture, Crop Production, Pest Management and supports Kareerly skill-gap recommendations for Crop and Horticulture. Verify the exact provider course before final release.",No formal experience required,Flexible/Self-paced,Beginner,2–4 hours,Horticulture; Crop Production; Pest Management,SK101;SK100;SK102,K10,"Agriculture, Forestry, Fishery, and Environmental Work",TESDA,Government,95,Course/Certification,English,Online/Self-paced,Free,Generated - Review Needed,Auto-generated to expand prototype coverage; verify exact course/certification title and URL before final deployment.,https://e-tesda.gov.ph/,Horticulture; Crop Production; Pest Management,generated_mapped,Generated from Expanded_Kareerly_Skills_Reference_SK001_SK621 and linked by skill_ids.
LR-271,Foundations Course: Public Records Management,"Prototype curated learning resource for Public Records Management. Covers Public Records Management, Government Service Support, Regulatory Compliance and supports Kareerly skill-gap recommendations for Government and Regulatory Services. Verify the exact provider course before final release.",Basic related experience recommended,Flexible/Self-paced,Intermediate,6–10 hours,Public Records Management; Government Service Support; Regulatory Compliance,SK113;SK111;SK112,K11,"Public Service, Legal, and Protective Services",Coursera,MOOC Platform,88,Course/Certification,English,Online/Self-paced,Free/Paid,Generated - Review Needed,Auto-generated to expand prototype coverage; verify exact course/certification title and URL before final deployment.,https://www.coursera.org/search?query=Public+Records+Management,Public Records Management; Government Service Support; Regulatory Compliance,generated_mapped,Generated from Expanded_Kareerly_Skills_Reference_SK001_SK621 and linked by skill_ids.
LR-272,Practical Skills Certificate: Use scripting programming,"Prototype curated learning resource for Use scripting programming. Covers Use scripting programming, Python Programming, JavaScript Programming and supports Kareerly skill-gap recommendations for Software and Applications. Verify the exact provider course before final release.",No formal experience required,Flexible/Self-paced,Foundational,2–4 weeks,Use scripting programming; Python Programming; JavaScript Programming,SK129;SK001;SK002,K01,"Technology, Data, and Digital Systems",Cisco Networking Academy,Industry Vendor,85,Course/Certification,English,Online/Self-paced,Free/Paid,Generated - Review Needed,Auto-generated to expand prototype coverage; verify exact course/certification title and URL before final deployment.,https://www.netacad.com/,Use scripting programming; Python Programming; JavaScript Programming,generated_mapped,Generated from Expanded_Kareerly_Skills_Reference_SK001_SK621 and linked by skill_ids.
LR-273,Career Readiness Course: Human resources department processes,"Prototype curated learning resource for Human resources department processes. Covers Human resources department processes, Human Resource Support, Recruitment Coordination and supports Kareerly skill-gap recommendations for Human Resources and Business Services. Verify the exact provider course before final release.",No formal experience required,Flexible/Self-paced,Beginner,4–6 weeks,Human resources department processes; Human Resource Support; Recruitment Coordination,SK204;SK018;SK019,K02,"Business, Finance, and Office Administration",Other Trusted Provider,Other,70,Course/Certification,English,Online/Self-paced,Review,Generated - Review Needed,Auto-generated to expand prototype coverage; verify exact course/certification title and URL before final deployment.,,Human resources department processes; Human Resource Support; Recruitment Coordination,generated_mapped,Generated from Expanded_Kareerly_Skills_Reference_SK001_SK621 and linked by skill_ids.
LR-274,Certificate Pathway: Analyse call centre activities,"Prototype curated learning resource for Analyse call centre activities. Covers Analyse call centre activities, Customer Service, Client Handling and supports Kareerly skill-gap recommendations for Customer Service and Client Information. Verify the exact provider course before final release.",Basic related experience recommended,Flexible/Self-paced,Intermediate,2–4 hours,Analyse call centre activities; Customer Service; Client Handling,SK267;SK029;SK030,K03,"Sales, Marketing, and Customer Relations",Coursera,MOOC Platform,88,Course/Certification,English,Online/Self-paced,Free/Paid,Generated - Review Needed,Auto-generated to expand prototype coverage; verify exact course/certification title and URL before final deployment.,https://www.coursera.org/search?query=Analyse+call+centre+activities,Analyse call centre activities; Customer Service; Client Handling,generated_mapped,Generated from Expanded_Kareerly_Skills_Reference_SK001_SK621 and linked by skill_ids.
LR-275,Foundations Course: Design music therapy termination plan,"Prototype curated learning resource for Design music therapy termination plan. Covers Design music therapy termination plan, Creative Concept Development, Photography and supports Kareerly skill-gap recommendations for Creative and Performing Arts. Verify the exact provider course before final release.",No formal experience required,Flexible/Self-paced,Foundational,6–10 hours,Design music therapy termination plan; Creative Concept Development; Photography,SK319;SK037;SK038,K04,"Creative, Media, and Communications",edX,MOOC Platform,88,Course/Certification,English,Online/Self-paced,Free/Paid,Generated - Review Needed,Auto-generated to expand prototype coverage; verify exact course/certification title and URL before final deployment.,https://www.edx.org/search?q=Design+music+therapy+termination+plan,Design music therapy termination plan; Creative Concept Development; Photography,generated_mapped,Generated from Expanded_Kareerly_Skills_Reference_SK001_SK621 and linked by skill_ids.
LR-276,Practical Skills Certificate: Learning Evaluation,"Prototype curated learning resource for Learning Evaluation. Covers Learning Evaluation, Training Facilitation, Instructional Design and supports Kareerly skill-gap recommendations for Training and Instruction. Verify the exact provider course before final release.",No formal experience required,Flexible/Self-paced,Beginner,2–4 weeks,Learning Evaluation; Training Facilitation; Instructional Design,SK050;SK048;SK049,K05,"Education, Training, and Community Services",Coursera,MOOC Platform,88,Course/Certification,English,Online/Self-paced,Free/Paid,Generated - Review Needed,Auto-generated to expand prototype coverage; verify exact course/certification title and URL before final deployment.,https://www.coursera.org/search?query=Learning+Evaluation,Learning Evaluation; Training Facilitation; Instructional Design,generated_mapped,Generated from Expanded_Kareerly_Skills_Reference_SK001_SK621 and linked by skill_ids.
LR-277,Career Readiness Course: Clinical Documentation,"Prototype curated learning resource for Clinical Documentation. Covers Clinical Documentation, Patient Assessment Support, Medical Terminology and supports Kareerly skill-gap recommendations for Medical and Clinical Professionals. Verify the exact provider course before final release.",Basic related experience recommended,Flexible/Self-paced,Intermediate,4–6 weeks,Clinical Documentation; Patient Assessment Support; Medical Terminology,SK058;SK056;SK057,K06,"Healthcare, Caregiving, and Wellness",Other Trusted Provider,Other,70,Course/Certification,English,Online/Self-paced,Review,Generated - Review Needed,Auto-generated to expand prototype coverage; verify exact course/certification title and URL before final deployment.,,Clinical Documentation; Patient Assessment Support; Medical Terminology,generated_mapped,Generated from Expanded_Kareerly_Skills_Reference_SK001_SK621 and linked by skill_ids.
LR-278,Certificate Pathway: Construction Safety,"Prototype curated learning resource for Construction Safety. Covers Construction Safety, Masonry, Carpentry and supports Kareerly skill-gap recommendations for Construction and Building Trades. Verify the exact provider course before final release.",No formal experience required,Flexible/Self-paced,Foundational,2–4 hours,Construction Safety; Masonry; Carpentry,SK070;SK071;SK072,K07,"Engineering, Construction, and Skilled Trades",TESDA,Government,95,Course/Certification,English,Online/Self-paced,Free,Generated - Review Needed,Auto-generated to expand prototype coverage; verify exact course/certification title and URL before final deployment.,https://e-tesda.gov.ph/,Construction Safety; Masonry; Carpentry,generated_mapped,Generated from Expanded_Kareerly_Skills_Reference_SK001_SK621 and linked by skill_ids.
LR-279,Foundations Course: Guest Relations,"Prototype curated learning resource for Guest Relations. Covers Guest Relations, Front Desk Support, Housekeeping and supports Kareerly skill-gap recommendations for Hospitality and Accommodation. Verify the exact provider course before final release.",No formal experience required,Flexible/Self-paced,Beginner,6–10 hours,Guest Relations; Front Desk Support; Housekeeping,SK080;SK078;SK079,K08,"Hospitality, Tourism, Food, and Personal Services",Coursera,MOOC Platform,88,Course/Certification,English,Online/Self-paced,Free/Paid,Generated - Review Needed,Auto-generated to expand prototype coverage; verify exact course/certification title and URL before final deployment.,https://www.coursera.org/search?query=Guest+Relations,Guest Relations; Front Desk Support; Housekeeping,generated_mapped,Generated from Expanded_Kareerly_Skills_Reference_SK001_SK621 and linked by skill_ids.
LR-280,Practical Skills Certificate: Packaging,"Prototype curated learning resource for Packaging. Covers Packaging, Assembly Work, Quality Inspection and supports Kareerly skill-gap recommendations for Assembly and Production Support. Verify the exact provider course before final release.",Basic related experience recommended,Flexible/Self-paced,Intermediate,2–4 weeks,Packaging; Assembly Work; Quality Inspection,SK093;SK092;SK094,K09,"Logistics, Manufacturing, and Operations",edX,MOOC Platform,88,Course/Certification,English,Online/Self-paced,Free/Paid,Generated - Review Needed,Auto-generated to expand prototype coverage; verify exact course/certification title and URL before final deployment.,https://www.edx.org/search?q=Packaging,Packaging; Assembly Work; Quality Inspection,generated_mapped,Generated from Expanded_Kareerly_Skills_Reference_SK001_SK621 and linked by skill_ids.
LR-281,Career Readiness Course: Pest Management,"Prototype curated learning resource for Pest Management. Covers Pest Management, Crop Production, Horticulture and supports Kareerly skill-gap recommendations for Crop and Horticulture. Verify the exact provider course before final release.",No formal experience required,Flexible/Self-paced,Foundational,4–6 weeks,Pest Management; Crop Production; Horticulture,SK102;SK100;SK101,K10,"Agriculture, Forestry, Fishery, and Environmental Work",Other Trusted Provider,Other,70,Course/Certification,English,Online/Self-paced,Review,Generated - Review Needed,Auto-generated to expand prototype coverage; verify exact course/certification title and URL before final deployment.,,Pest Management; Crop Production; Horticulture,generated_mapped,Generated from Expanded_Kareerly_Skills_Reference_SK001_SK621 and linked by skill_ids.
LR-282,Certificate Pathway: Legal Research Support,"Prototype curated learning resource for Legal Research Support. Covers Legal Research Support, Legal Documentation, Contract Review Support and supports Kareerly skill-gap recommendations for Legal Services. Verify the exact provider course before final release.",No formal experience required,Flexible/Self-paced,Beginner,2–4 hours,Legal Research Support; Legal Documentation; Contract Review Support,SK115;SK114;SK116,K11,"Public Service, Legal, and Protective Services",UPOU MODeL,University,92,Course/Certification,English,Online/Self-paced,Free,Generated - Review Needed,Auto-generated to expand prototype coverage; verify exact course/certification title and URL before final deployment.,https://model.upou.edu.ph/,Legal Research Support; Legal Documentation; Contract Review Support,generated_mapped,Generated from Expanded_Kareerly_Skills_Reference_SK001_SK621 and linked by skill_ids.
LR-283,Foundations Course: Python (computer programming),"Prototype curated learning resource for Python (computer programming). Covers Python (computer programming), Python Programming, JavaScript Programming and supports Kareerly skill-gap recommendations for Software and Applications. Verify the exact provider course before final release.",Basic related experience recommended,Flexible/Self-paced,Intermediate,6–10 hours,Python (computer programming); Python Programming; JavaScript Programming,SK134;SK001;SK002,K01,"Technology, Data, and Digital Systems",Udemy,Private Training Platform,75,Course/Certification,English,Online/Self-paced,Paid,Generated - Review Needed,Auto-generated to expand prototype coverage; verify exact course/certification title and URL before final deployment.,https://www.udemy.com/courses/search/?q=Python+%28computer+programming%29,Python (computer programming); Python Programming; JavaScript Programming,generated_mapped,Generated from Expanded_Kareerly_Skills_Reference_SK001_SK621 and linked by skill_ids.
LR-284,Practical Skills Certificate: Maintain administrative records in the veterinary office,"Prototype curated learning resource for Maintain administrative records in the veterinary office. Covers Maintain administrative records in the veterinary office, Office Administration, Document Management and supports Kareerly skill-gap recommendations for Office Administration and Clerical Support. Verify the exact provider course before final release.",No formal experience required,Flexible/Self-paced,Foundational,2–4 weeks,Maintain administrative records in the veterinary office; Office Administration; Document Management,SK205;SK015;SK016,K02,"Business, Finance, and Office Administration",Coursera,MOOC Platform,88,Course/Certification,English,Online/Self-paced,Free/Paid,Generated - Review Needed,Auto-generated to expand prototype coverage; verify exact course/certification title and URL before final deployment.,https://www.coursera.org/search?query=Maintain+administrative+records+in+the+veterinary+office,Maintain administrative records in the veterinary office; Office Administration; Document Management,generated_mapped,Generated from Expanded_Kareerly_Skills_Reference_SK001_SK621 and linked by skill_ids.
LR-285,Career Readiness Course: Plan event marketing for promotional campaigns,"Prototype curated learning resource for Plan event marketing for promotional campaigns. Covers Plan event marketing for promotional campaigns, Digital Marketing, Social Media Management and supports Kareerly skill-gap recommendations for Marketing and Public Relations. Verify the exact provider course before final release.",No formal experience required,Flexible/Self-paced,Beginner,4–6 weeks,Plan event marketing for promotional campaigns; Digital Marketing; Social Media Management,SK269;SK026;SK027,K03,"Sales, Marketing, and Customer Relations",edX,MOOC Platform,88,Course/Certification,English,Online/Self-paced,Free/Paid,Generated - Review Needed,Auto-generated to expand prototype coverage; verify exact course/certification title and URL before final deployment.,https://www.edx.org/search?q=Plan+event+marketing+for+promotional+campaigns,Plan event marketing for promotional campaigns; Digital Marketing; Social Media Management,generated_mapped,Generated from Expanded_Kareerly_Skills_Reference_SK001_SK621 and linked by skill_ids.
LR-286,Certificate Pathway: Develop artistic educational activities,"Prototype curated learning resource for Develop artistic educational activities. Covers Develop artistic educational activities, Creative Concept Development, Photography and supports Kareerly skill-gap recommendations for Creative and Performing Arts. Verify the exact provider course before final release.",Basic related experience recommended,Flexible/Self-paced,Intermediate,2–4 hours,Develop artistic educational activities; Creative Concept Development; Photography,SK320;SK037;SK038,K04,"Creative, Media, and Communications",Coursera,MOOC Platform,88,Course/Certification,English,Online/Self-paced,Free/Paid,Generated - Review Needed,Auto-generated to expand prototype coverage; verify exact course/certification title and URL before final deployment.,https://www.coursera.org/search?query=Develop+artistic+educational+activities,Develop artistic educational activities; Creative Concept Development; Photography,generated_mapped,Generated from Expanded_Kareerly_Skills_Reference_SK001_SK621 and linked by skill_ids.
LR-287,Foundations Course: Counselling Support,"Prototype curated learning resource for Counselling Support. Covers Counselling Support, Community Engagement, Case Documentation and supports Kareerly skill-gap recommendations for Social, Religious, and Community Work. Verify the exact provider course before final release.",No formal experience required,Flexible/Self-paced,Foundational,6–10 hours,Counselling Support; Community Engagement; Case Documentation,SK053;SK051;SK052,K05,"Education, Training, and Community Services",edX,MOOC Platform,88,Course/Certification,English,Online/Self-paced,Free/Paid,Generated - Review Needed,Auto-generated to expand prototype coverage; verify exact course/certification title and URL before final deployment.,https://www.edx.org/search?q=Counselling+Support,Counselling Support; Community Engagement; Case Documentation,generated_mapped,Generated from Expanded_Kareerly_Skills_Reference_SK001_SK621 and linked by skill_ids.
LR-288,Practical Skills Certificate: Caregiving,"Prototype curated learning resource for Caregiving. Covers Caregiving, Elderly Care, Basic Life Support and supports Kareerly skill-gap recommendations for Nursing, Midwifery, and Caregiving. Verify the exact provider course before final release.",No formal experience required,Flexible/Self-paced,Beginner,2–4 weeks,Caregiving; Elderly Care; Basic Life Support,SK059;SK060;SK061,K06,"Healthcare, Caregiving, and Wellness",edX,MOOC Platform,88,Course/Certification,English,Online/Self-paced,Free/Paid,Generated - Review Needed,Auto-generated to expand prototype coverage; verify exact course/certification title and URL before final deployment.,https://www.edx.org/search?q=Caregiving,Caregiving; Elderly Care; Basic Life Support,generated_mapped,Generated from Expanded_Kareerly_Skills_Reference_SK001_SK621 and linked by skill_ids.
LR-289,Career Readiness Course: Carpentry,"Prototype curated learning resource for Carpentry. Covers Carpentry, Construction Safety, Masonry and supports Kareerly skill-gap recommendations for Construction and Building Trades. Verify the exact provider course before final release.",Basic related experience recommended,Flexible/Self-paced,Intermediate,4–6 weeks,Carpentry; Construction Safety; Masonry,SK072;SK070;SK071,K07,"Engineering, Construction, and Skilled Trades",Other Trusted Provider,Other,70,Course/Certification,English,Online/Self-paced,Review,Generated - Review Needed,Auto-generated to expand prototype coverage; verify exact course/certification title and URL before final deployment.,,Carpentry; Construction Safety; Masonry,generated_mapped,Generated from Expanded_Kareerly_Skills_Reference_SK001_SK621 and linked by skill_ids.
LR-290,Certificate Pathway: Event Coordination,"Prototype curated learning resource for Event Coordination. Covers Event Coordination, Tourism Assistance, Reservation Management and supports Kareerly skill-gap recommendations for Travel, Tourism, and Events. Verify the exact provider course before final release.",No formal experience required,Flexible/Self-paced,Foundational,2–4 hours,Event Coordination; Tourism Assistance; Reservation Management,SK082;SK081;SK083,K08,"Hospitality, Tourism, Food, and Personal Services",TESDA,Government,95,Course/Certification,English,Online/Self-paced,Free,Generated - Review Needed,Auto-generated to expand prototype coverage; verify exact course/certification title and URL before final deployment.,https://e-tesda.gov.ph/,Event Coordination; Tourism Assistance; Reservation Management,generated_mapped,Generated from Expanded_Kareerly_Skills_Reference_SK001_SK621 and linked by skill_ids.
LR-291,Foundations Course: Quality Inspection,"Prototype curated learning resource for Quality Inspection. Covers Quality Inspection, Assembly Work, Packaging and supports Kareerly skill-gap recommendations for Assembly and Production Support. Verify the exact provider course before final release.",No formal experience required,Flexible/Self-paced,Beginner,6–10 hours,Quality Inspection; Assembly Work; Packaging,SK094;SK092;SK093,K09,"Logistics, Manufacturing, and Operations",Coursera,MOOC Platform,88,Course/Certification,English,Online/Self-paced,Free/Paid,Generated - Review Needed,Auto-generated to expand prototype coverage; verify exact course/certification title and URL before final deployment.,https://www.coursera.org/search?query=Quality+Inspection,Quality Inspection; Assembly Work; Packaging,generated_mapped,Generated from Expanded_Kareerly_Skills_Reference_SK001_SK621 and linked by skill_ids.
LR-292,Practical Skills Certificate: Livestock Production,"Prototype curated learning resource for Livestock Production. Covers Livestock Production, Animal Care, Dairy Production Support and supports Kareerly skill-gap recommendations for Livestock and Animal Production. Verify the exact provider course before final release.",Basic related experience recommended,Flexible/Self-paced,Intermediate,2–4 weeks,Livestock Production; Animal Care; Dairy Production Support,SK104;SK103;SK105,K10,"Agriculture, Forestry, Fishery, and Environmental Work",edX,MOOC Platform,88,Course/Certification,English,Online/Self-paced,Free/Paid,Generated - Review Needed,Auto-generated to expand prototype coverage; verify exact course/certification title and URL before final deployment.,https://www.edx.org/search?q=Livestock+Production,Livestock Production; Animal Care; Dairy Production Support,generated_mapped,Generated from Expanded_Kareerly_Skills_Reference_SK001_SK621 and linked by skill_ids.
LR-293,Career Readiness Course: Contract Review Support,"Prototype curated learning resource for Contract Review Support. Covers Contract Review Support, Legal Documentation, Legal Research Support and supports Kareerly skill-gap recommendations for Legal Services. Verify the exact provider course before final release.",No formal experience required,Flexible/Self-paced,Foundational,4–6 weeks,Contract Review Support; Legal Documentation; Legal Research Support,SK116;SK114;SK115,K11,"Public Service, Legal, and Protective Services",Other Trusted Provider,Other,70,Course/Certification,English,Online/Self-paced,Review,Generated - Review Needed,Auto-generated to expand prototype coverage; verify exact course/certification title and URL before final deployment.,,Contract Review Support; Legal Documentation; Legal Research Support,generated_mapped,Generated from Expanded_Kareerly_Skills_Reference_SK001_SK621 and linked by skill_ids.
LR-294,Certificate Pathway: JavaScript Framework,"Prototype curated learning resource for JavaScript Framework. Covers JavaScript Framework, Python Programming, JavaScript Programming and supports Kareerly skill-gap recommendations for Software and Applications. Verify the exact provider course before final release.",No formal experience required,Flexible/Self-paced,Beginner,2–4 hours,JavaScript Framework; Python Programming; JavaScript Programming,SK136;SK001;SK002,K01,"Technology, Data, and Digital Systems",Coursera,MOOC Platform,88,Course/Certification,English,Online/Self-paced,Free/Paid,Generated - Review Needed,Auto-generated to expand prototype coverage; verify exact course/certification title and URL before final deployment.,https://www.coursera.org/search?query=JavaScript+Framework,JavaScript Framework; Python Programming; JavaScript Programming,generated_mapped,Generated from Expanded_Kareerly_Skills_Reference_SK001_SK621 and linked by skill_ids.
LR-295,Foundations Course: Office equipment,"Prototype curated learning resource for Office equipment. Covers Office equipment, Office Administration, Document Management and supports Kareerly skill-gap recommendations for Office Administration and Clerical Support. Verify the exact provider course before final release.",Basic related experience recommended,Flexible/Self-paced,Intermediate,6–10 hours,Office equipment; Office Administration; Document Management,SK208;SK015;SK016,K02,"Business, Finance, and Office Administration",edX,MOOC Platform,88,Course/Certification,English,Online/Self-paced,Free/Paid,Generated - Review Needed,Auto-generated to expand prototype coverage; verify exact course/certification title and URL before final deployment.,https://www.edx.org/search?q=Office+equipment,Office equipment; Office Administration; Document Management,generated_mapped,Generated from Expanded_Kareerly_Skills_Reference_SK001_SK621 and linked by skill_ids.
LR-296,Practical Skills Certificate: Services marketing,"Prototype curated learning resource for Services marketing. Covers Services marketing, Digital Marketing, Social Media Management and supports Kareerly skill-gap recommendations for Marketing and Public Relations. Verify the exact provider course before final release.",No formal experience required,Flexible/Self-paced,Foundational,2–4 weeks,Services marketing; Digital Marketing; Social Media Management,SK270;SK026;SK027,K03,"Sales, Marketing, and Customer Relations",IBM SkillsBuild,Industry Vendor,85,Course/Certification,English,Online/Self-paced,Free,Generated - Review Needed,Auto-generated to expand prototype coverage; verify exact course/certification title and URL before final deployment.,https://skillsbuild.org/,Services marketing; Digital Marketing; Social Media Management,generated_mapped,Generated from Expanded_Kareerly_Skills_Reference_SK001_SK621 and linked by skill_ids.
LR-297,Career Readiness Course: Interpret prescriptions,"Prototype curated learning resource for Interpret prescriptions. Covers Interpret prescriptions, Content Writing, Copywriting and supports Kareerly skill-gap recommendations for Writing, Journalism, and Language. Verify the exact provider course before final release.",No formal experience required,Flexible/Self-paced,Beginner,4–6 weeks,Interpret prescriptions; Content Writing; Copywriting,SK324;SK034;SK035,K04,"Creative, Media, and Communications",Other Trusted Provider,Other,70,Course/Certification,English,Online/Self-paced,Review,Generated - Review Needed,Auto-generated to expand prototype coverage; verify exact course/certification title and URL before final deployment.,,Interpret prescriptions; Content Writing; Copywriting,generated_mapped,Generated from Expanded_Kareerly_Skills_Reference_SK001_SK621 and linked by skill_ids.
LR-298,Certificate Pathway: Library Assistance,"Prototype curated learning resource for Library Assistance. Covers Library Assistance, Records Organization, Collection management software and supports Kareerly skill-gap recommendations for Libraries, Archives, and Curatorial Work. Verify the exact provider course before final release.",Basic related experience recommended,Flexible/Self-paced,Intermediate,2–4 hours,Library Assistance; Records Organization; Collection management software,SK055;SK054;SK388,K05,"Education, Training, and Community Services",Other Trusted Provider,Other,70,Course/Certification,English,Online/Self-paced,Review,Generated - Review Needed,Auto-generated to expand prototype coverage; verify exact course/certification title and URL before final deployment.,,Library Assistance; Records Organization; Collection management software,generated_mapped,Generated from Expanded_Kareerly_Skills_Reference_SK001_SK621 and linked by skill_ids.
LR-299,Foundations Course: Elderly Care,"Prototype curated learning resource for Elderly Care. Covers Elderly Care, Caregiving, Basic Life Support and supports Kareerly skill-gap recommendations for Nursing, Midwifery, and Caregiving. Verify the exact provider course before final release.",No formal experience required,Flexible/Self-paced,Foundational,6–10 hours,Elderly Care; Caregiving; Basic Life Support,SK060;SK059;SK061,K06,"Healthcare, Caregiving, and Wellness",Coursera,MOOC Platform,88,Course/Certification,English,Online/Self-paced,Free/Paid,Generated - Review Needed,Auto-generated to expand prototype coverage; verify exact course/certification title and URL before final deployment.,https://www.coursera.org/search?query=Elderly+Care,Elderly Care; Caregiving; Basic Life Support,generated_mapped,Generated from Expanded_Kareerly_Skills_Reference_SK001_SK621 and linked by skill_ids.
LR-300,Practical Skills Certificate: Mechanical Maintenance,"Prototype curated learning resource for Mechanical Maintenance. Covers Mechanical Maintenance, Electrical Installation, Electronics Repair and supports Kareerly skill-gap recommendations for Electrical, Electronics, and Mechanical Trades. Verify the exact provider course before final release.",No formal experience required,Flexible/Self-paced,Beginner,2–4 weeks,Mechanical Maintenance; Electrical Installation; Electronics Repair,SK074;SK073;SK075,K07,"Engineering, Construction, and Skilled Trades",Coursera,MOOC Platform,88,Course/Certification,English,Online/Self-paced,Free/Paid,Generated - Review Needed,Auto-generated to expand prototype coverage; verify exact course/certification title and URL before final deployment.,https://www.coursera.org/search?query=Mechanical+Maintenance,Mechanical Maintenance; Electrical Installation; Electronics Repair,generated_mapped,Generated from Expanded_Kareerly_Skills_Reference_SK001_SK621 and linked by skill_ids.
LR-301,Career Readiness Course: Reservation Management,"Prototype curated learning resource for Reservation Management. Covers Reservation Management, Tourism Assistance, Event Coordination and supports Kareerly skill-gap recommendations for Travel, Tourism, and Events. Verify the exact provider course before final release.",Basic related experience recommended,Flexible/Self-paced,Intermediate,4–6 weeks,Reservation Management; Tourism Assistance; Event Coordination,SK083;SK081;SK082,K08,"Hospitality, Tourism, Food, and Personal Services",Other Trusted Provider,Other,70,Course/Certification,English,Online/Self-paced,Review,Generated - Review Needed,Auto-generated to expand prototype coverage; verify exact course/certification title and URL before final deployment.,,Reservation Management; Tourism Assistance; Event Coordination,generated_mapped,Generated from Expanded_Kareerly_Skills_Reference_SK001_SK621 and linked by skill_ids.
LR-302,Certificate Pathway: Driving Safety,"Prototype curated learning resource for Driving Safety. Covers Driving Safety, Delivery Coordination, Route Planning and supports Kareerly skill-gap recommendations for Transport, Driving, and Delivery. Verify the exact provider course before final release.",No formal experience required,Flexible/Self-paced,Foundational,2–4 hours,Driving Safety; Delivery Coordination; Route Planning,SK096;SK095;SK097,K09,"Logistics, Manufacturing, and Operations",TESDA,Government,95,Course/Certification,English,Online/Self-paced,Free,Generated - Review Needed,Auto-generated to expand prototype coverage; verify exact course/certification title and URL before final deployment.,https://e-tesda.gov.ph/,Driving Safety; Delivery Coordination; Route Planning,generated_mapped,Generated from Expanded_Kareerly_Skills_Reference_SK001_SK621 and linked by skill_ids.
LR-303,Foundations Course: Dairy Production Support,"Prototype curated learning resource for Dairy Production Support. Covers Dairy Production Support, Animal Care, Livestock Production and supports Kareerly skill-gap recommendations for Livestock and Animal Production. Verify the exact provider course before final release.",No formal experience required,Flexible/Self-paced,Beginner,6–10 hours,Dairy Production Support; Animal Care; Livestock Production,SK105;SK103;SK104,K10,"Agriculture, Forestry, Fishery, and Environmental Work",Coursera,MOOC Platform,88,Course/Certification,English,Online/Self-paced,Free/Paid,Generated - Review Needed,Auto-generated to expand prototype coverage; verify exact course/certification title and URL before final deployment.,https://www.coursera.org/search?query=Dairy+Production+Support,Dairy Production Support; Animal Care; Livestock Production,generated_mapped,Generated from Expanded_Kareerly_Skills_Reference_SK001_SK621 and linked by skill_ids.
LR-304,Practical Skills Certificate: Security Monitoring,"Prototype curated learning resource for Security Monitoring. Covers Security Monitoring, Emergency Response, Risk Reporting and supports Kareerly skill-gap recommendations for Protective and Security Services. Verify the exact provider course before final release.",Basic related experience recommended,Flexible/Self-paced,Intermediate,2–4 weeks,Security Monitoring; Emergency Response; Risk Reporting,SK117;SK118;SK119,K11,"Public Service, Legal, and Protective Services",edX,MOOC Platform,88,Course/Certification,English,Online/Self-paced,Free/Paid,Generated - Review Needed,Auto-generated to expand prototype coverage; verify exact course/certification title and URL before final deployment.,https://www.edx.org/search?q=Security+Monitoring,Security Monitoring; Emergency Response; Risk Reporting,generated_mapped,Generated from Expanded_Kareerly_Skills_Reference_SK001_SK621 and linked by skill_ids.
LR-305,Career Readiness Course: Develop software prototype,"Prototype curated learning resource for Develop software prototype. Covers Develop software prototype, Python Programming, JavaScript Programming and supports Kareerly skill-gap recommendations for Software and Applications. Verify the exact provider course before final release.",No formal experience required,Flexible/Self-paced,Foundational,4–6 weeks,Develop software prototype; Python Programming; JavaScript Programming,SK137;SK001;SK002,K01,"Technology, Data, and Digital Systems",edX,MOOC Platform,88,Course/Certification,English,Online/Self-paced,Free/Paid,Generated - Review Needed,Auto-generated to expand prototype coverage; verify exact course/certification title and URL before final deployment.,https://www.edx.org/search?q=Develop+software+prototype,Develop software prototype; Python Programming; JavaScript Programming,generated_mapped,Generated from Expanded_Kareerly_Skills_Reference_SK001_SK621 and linked by skill_ids.
LR-306,Certificate Pathway: ICT project management,"Prototype curated learning resource for ICT project management. Covers ICT project management, Project Coordination, Operations Support and supports Kareerly skill-gap recommendations for Management and Organizational Operations. Verify the exact provider course before final release.",No formal experience required,Flexible/Self-paced,Beginner,2–4 hours,ICT project management; Project Coordination; Operations Support,SK210;SK021;SK022,K02,"Business, Finance, and Office Administration",UPOU MODeL,University,92,Course/Certification,English,Online/Self-paced,Free,Generated - Review Needed,Auto-generated to expand prototype coverage; verify exact course/certification title and URL before final deployment.,https://model.upou.edu.ph/,ICT project management; Project Coordination; Operations Support,generated_mapped,Generated from Expanded_Kareerly_Skills_Reference_SK001_SK621 and linked by skill_ids.
LR-307,Foundations Course: Plan marketing campaigns,"Prototype curated learning resource for Plan marketing campaigns. Covers Plan marketing campaigns, Digital Marketing, Social Media Management and supports Kareerly skill-gap recommendations for Marketing and Public Relations. Verify the exact provider course before final release.",Basic related experience recommended,Flexible/Self-paced,Intermediate,6–10 hours,Plan marketing campaigns; Digital Marketing; Social Media Management,SK271;SK026;SK027,K03,"Sales, Marketing, and Customer Relations",Udemy,Private Training Platform,75,Course/Certification,English,Online/Self-paced,Paid,Generated - Review Needed,Auto-generated to expand prototype coverage; verify exact course/certification title and URL before final deployment.,https://www.udemy.com/courses/search/?q=Plan+marketing+campaigns,Plan marketing campaigns; Digital Marketing; Social Media Management,generated_mapped,Generated from Expanded_Kareerly_Skills_Reference_SK001_SK621 and linked by skill_ids.
LR-308,Practical Skills Certificate: Translate spoken language,"Prototype curated learning resource for Translate spoken language. Covers Translate spoken language, Content Writing, Copywriting and supports Kareerly skill-gap recommendations for Writing, Journalism, and Language. Verify the exact provider course before final release.",No formal experience required,Flexible/Self-paced,Foundational,2–4 weeks,Translate spoken language; Content Writing; Copywriting,SK326;SK034;SK035,K04,"Creative, Media, and Communications",Udemy,Private Training Platform,75,Course/Certification,English,Online/Self-paced,Paid,Generated - Review Needed,Auto-generated to expand prototype coverage; verify exact course/certification title and URL before final deployment.,https://www.udemy.com/courses/search/?q=Translate+spoken+language,Translate spoken language; Content Writing; Copywriting,generated_mapped,Generated from Expanded_Kareerly_Skills_Reference_SK001_SK621 and linked by skill_ids.
LR-309,Career Readiness Course: Teach in academic or vocational contexts,"Prototype curated learning resource for Teach in academic or vocational contexts. Covers Teach in academic or vocational contexts, Lesson Planning, Classroom Management and supports Kareerly skill-gap recommendations for Teaching and Academic Support. Verify the exact provider course before final release.",No formal experience required,Flexible/Self-paced,Beginner,4–6 weeks,Teach in academic or vocational contexts; Lesson Planning; Classroom Management,SK362;SK045;SK046,K05,"Education, Training, and Community Services",TESDA,Government,95,Course/Certification,English,Online/Self-paced,Free,Generated - Review Needed,Auto-generated to expand prototype coverage; verify exact course/certification title and URL before final deployment.,https://e-tesda.gov.ph/,Teach in academic or vocational contexts; Lesson Planning; Classroom Management,generated_mapped,Generated from Expanded_Kareerly_Skills_Reference_SK001_SK621 and linked by skill_ids.
LR-310,Certificate Pathway: Basic Life Support,"Prototype curated learning resource for Basic Life Support. Covers Basic Life Support, Caregiving, Elderly Care and supports Kareerly skill-gap recommendations for Nursing, Midwifery, and Caregiving. Verify the exact provider course before final release.",Basic related experience recommended,Flexible/Self-paced,Intermediate,2–4 hours,Basic Life Support; Caregiving; Elderly Care,SK061;SK059;SK060,K06,"Healthcare, Caregiving, and Wellness",TESDA,Government,95,Course/Certification,English,Online/Self-paced,Free,Generated - Review Needed,Auto-generated to expand prototype coverage; verify exact course/certification title and URL before final deployment.,https://e-tesda.gov.ph/,Basic Life Support; Caregiving; Elderly Care,generated_mapped,Generated from Expanded_Kareerly_Skills_Reference_SK001_SK621 and linked by skill_ids.
LR-311,Foundations Course: Electronics Repair,"Prototype curated learning resource for Electronics Repair. Covers Electronics Repair, Electrical Installation, Mechanical Maintenance and supports Kareerly skill-gap recommendations for Electrical, Electronics, and Mechanical Trades. Verify the exact provider course before final release.",No formal experience required,Flexible/Self-paced,Foundational,6–10 hours,Electronics Repair; Electrical Installation; Mechanical Maintenance,SK075;SK073;SK074,K07,"Engineering, Construction, and Skilled Trades",edX,MOOC Platform,88,Course/Certification,English,Online/Self-paced,Free/Paid,Generated - Review Needed,Auto-generated to expand prototype coverage; verify exact course/certification title and URL before final deployment.,https://www.edx.org/search?q=Electronics+Repair,Electronics Repair; Electrical Installation; Mechanical Maintenance,generated_mapped,Generated from Expanded_Kareerly_Skills_Reference_SK001_SK621 and linked by skill_ids.
LR-312,Practical Skills Certificate: Food Service,"Prototype curated learning resource for Food Service. Covers Food Service, Food Preparation, Food Safety and supports Kareerly skill-gap recommendations for Food Service and Culinary Work. Verify the exact provider course before final release.",No formal experience required,Flexible/Self-paced,Beginner,2–4 weeks,Food Service; Food Preparation; Food Safety,SK084;SK085;SK086,K08,"Hospitality, Tourism, Food, and Personal Services",UPOU MODeL,University,92,Course/Certification,English,Online/Self-paced,Free,Generated - Review Needed,Auto-generated to expand prototype coverage; verify exact course/certification title and URL before final deployment.,https://model.upou.edu.ph/,Food Service; Food Preparation; Food Safety,generated_mapped,Generated from Expanded_Kareerly_Skills_Reference_SK001_SK621 and linked by skill_ids.
LR-313,Career Readiness Course: Route Planning,"Prototype curated learning resource for Route Planning. Covers Route Planning, Delivery Coordination, Driving Safety and supports Kareerly skill-gap recommendations for Transport, Driving, and Delivery. Verify the exact provider course before final release.",Basic related experience recommended,Flexible/Self-paced,Intermediate,4–6 weeks,Route Planning; Delivery Coordination; Driving Safety,SK097;SK095;SK096,K09,"Logistics, Manufacturing, and Operations",Other Trusted Provider,Other,70,Course/Certification,English,Online/Self-paced,Review,Generated - Review Needed,Auto-generated to expand prototype coverage; verify exact course/certification title and URL before final deployment.,,Route Planning; Delivery Coordination; Driving Safety,generated_mapped,Generated from Expanded_Kareerly_Skills_Reference_SK001_SK621 and linked by skill_ids.
LR-314,Certificate Pathway: Environmental Conservation,"Prototype curated learning resource for Environmental Conservation. Covers Environmental Conservation, Tree Planting, Waste Management and supports Kareerly skill-gap recommendations for Forestry and Conservation. Verify the exact provider course before final release.",No formal experience required,Flexible/Self-paced,Foundational,2–4 hours,Environmental Conservation; Tree Planting; Waste Management,SK106;SK107;SK108,K10,"Agriculture, Forestry, Fishery, and Environmental Work",TESDA,Government,95,Course/Certification,English,Online/Self-paced,Free,Generated - Review Needed,Auto-generated to expand prototype coverage; verify exact course/certification title and URL before final deployment.,https://e-tesda.gov.ph/,Environmental Conservation; Tree Planting; Waste Management,generated_mapped,Generated from Expanded_Kareerly_Skills_Reference_SK001_SK621 and linked by skill_ids.
LR-315,Foundations Course: Emergency Response,"Prototype curated learning resource for Emergency Response. Covers Emergency Response, Security Monitoring, Risk Reporting and supports Kareerly skill-gap recommendations for Protective and Security Services. Verify the exact provider course before final release.",No formal experience required,Flexible/Self-paced,Beginner,6–10 hours,Emergency Response; Security Monitoring; Risk Reporting,SK118;SK117;SK119,K11,"Public Service, Legal, and Protective Services",Coursera,MOOC Platform,88,Course/Certification,English,Online/Self-paced,Free/Paid,Generated - Review Needed,Auto-generated to expand prototype coverage; verify exact course/certification title and URL before final deployment.,https://www.coursera.org/search?query=Emergency+Response,Emergency Response; Security Monitoring; Risk Reporting,generated_mapped,Generated from Expanded_Kareerly_Skills_Reference_SK001_SK621 and linked by skill_ids.
LR-316,Practical Skills Certificate: Statistical analysis system software,"Prototype curated learning resource for Statistical analysis system software. Covers Statistical analysis system software, SQL, Data Analysis and supports Kareerly skill-gap recommendations for Data, Analytics, and Statistics. Verify the exact provider course before final release.",Basic related experience recommended,Flexible/Self-paced,Intermediate,2–4 weeks,Statistical analysis system software; SQL; Data Analysis,SK138;SK004;SK005,K01,"Technology, Data, and Digital Systems",IBM SkillsBuild,Industry Vendor,85,Course/Certification,English,Online/Self-paced,Free,Generated - Review Needed,Auto-generated to expand prototype coverage; verify exact course/certification title and URL before final deployment.,https://skillsbuild.org/,Statistical analysis system software; SQL; Data Analysis,generated_mapped,Generated from Expanded_Kareerly_Skills_Reference_SK001_SK621 and linked by skill_ids.
LR-317,Career Readiness Course: Lean project management,"Prototype curated learning resource for Lean project management. Covers Lean project management, Project Coordination, Operations Support and supports Kareerly skill-gap recommendations for Management and Organizational Operations. Verify the exact provider course before final release.",No formal experience required,Flexible/Self-paced,Foundational,4–6 weeks,Lean project management; Project Coordination; Operations Support,SK211;SK021;SK022,K02,"Business, Finance, and Office Administration",Udemy,Private Training Platform,75,Course/Certification,English,Online/Self-paced,Paid,Generated - Review Needed,Auto-generated to expand prototype coverage; verify exact course/certification title and URL before final deployment.,https://www.udemy.com/courses/search/?q=Lean+project+management,Lean project management; Project Coordination; Operations Support,generated_mapped,Generated from Expanded_Kareerly_Skills_Reference_SK001_SK621 and linked by skill_ids.
LR-318,Certificate Pathway: Channel marketing,"Prototype curated learning resource for Channel marketing. Covers Channel marketing, Digital Marketing, Social Media Management and supports Kareerly skill-gap recommendations for Marketing and Public Relations. Verify the exact provider course before final release.",No formal experience required,Flexible/Self-paced,Beginner,2–4 hours,Channel marketing; Digital Marketing; Social Media Management,SK274;SK026;SK027,K03,"Sales, Marketing, and Customer Relations",Other Trusted Provider,Other,70,Course/Certification,English,Online/Self-paced,Review,Generated - Review Needed,Auto-generated to expand prototype coverage; verify exact course/certification title and URL before final deployment.,,Channel marketing; Digital Marketing; Social Media Management,generated_mapped,Generated from Expanded_Kareerly_Skills_Reference_SK001_SK621 and linked by skill_ids.
LR-319,Foundations Course: Translate foreign language,"Prototype curated learning resource for Translate foreign language. Covers Translate foreign language, Content Writing, Copywriting and supports Kareerly skill-gap recommendations for Writing, Journalism, and Language. Verify the exact provider course before final release.",Basic related experience recommended,Flexible/Self-paced,Intermediate,6–10 hours,Translate foreign language; Content Writing; Copywriting,SK327;SK034;SK035,K04,"Creative, Media, and Communications",edX,MOOC Platform,88,Course/Certification,English,Online/Self-paced,Free/Paid,Generated - Review Needed,Auto-generated to expand prototype coverage; verify exact course/certification title and URL before final deployment.,https://www.edx.org/search?q=Translate+foreign+language,Translate foreign language; Content Writing; Copywriting,generated_mapped,Generated from Expanded_Kareerly_Skills_Reference_SK001_SK621 and linked by skill_ids.
LR-320,Practical Skills Certificate: Refer service users to community resources,"Prototype curated learning resource for Refer service users to community resources. Covers Refer service users to community resources, Community Engagement, Case Documentation and supports Kareerly skill-gap recommendations for Social, Religious, and Community Work. Verify the exact provider course before final release.",No formal experience required,Flexible/Self-paced,Foundational,2–4 weeks,Refer service users to community resources; Community Engagement; Case Documentation,SK363;SK051;SK052,K05,"Education, Training, and Community Services",UPOU MODeL,University,92,Course/Certification,English,Online/Self-paced,Free,Generated - Review Needed,Auto-generated to expand prototype coverage; verify exact course/certification title and URL before final deployment.,https://model.upou.edu.ph/,Refer service users to community resources; Community Engagement; Case Documentation,generated_mapped,Generated from Expanded_Kareerly_Skills_Reference_SK001_SK621 and linked by skill_ids.
LR-321,Career Readiness Course: Medication Assistance,"Prototype curated learning resource for Medication Assistance. Covers Medication Assistance, Laboratory Safety, Pharmacy Support and supports Kareerly skill-gap recommendations for Pharmacy, Laboratory, and Health Support. Verify the exact provider course before final release.",No formal experience required,Flexible/Self-paced,Beginner,4–6 weeks,Medication Assistance; Laboratory Safety; Pharmacy Support,SK062;SK063;SK064,K06,"Healthcare, Caregiving, and Wellness",Other Trusted Provider,Other,70,Course/Certification,English,Online/Self-paced,Review,Generated - Review Needed,Auto-generated to expand prototype coverage; verify exact course/certification title and URL before final deployment.,,Medication Assistance; Laboratory Safety; Pharmacy Support,generated_mapped,Generated from Expanded_Kareerly_Skills_Reference_SK001_SK621 and linked by skill_ids.
LR-322,Certificate Pathway: Quality Control,"Prototype curated learning resource for Quality Control. Covers Quality Control, Surveying Support, Blueprints and supports Kareerly skill-gap recommendations for Technical Drafting, Surveying, and Control. Verify the exact provider course before final release.",Basic related experience recommended,Flexible/Self-paced,Intermediate,2–4 hours,Quality Control; Surveying Support; Blueprints,SK076;SK077;SK454,K07,"Engineering, Construction, and Skilled Trades",TESDA,Government,95,Course/Certification,English,Online/Self-paced,Free,Generated - Review Needed,Auto-generated to expand prototype coverage; verify exact course/certification title and URL before final deployment.,https://e-tesda.gov.ph/,Quality Control; Surveying Support; Blueprints,generated_mapped,Generated from Expanded_Kareerly_Skills_Reference_SK001_SK621 and linked by skill_ids.
LR-323,Foundations Course: Food Preparation,"Prototype curated learning resource for Food Preparation. Covers Food Preparation, Food Service, Food Safety and supports Kareerly skill-gap recommendations for Food Service and Culinary Work. Verify the exact provider course before final release.",No formal experience required,Flexible/Self-paced,Foundational,6–10 hours,Food Preparation; Food Service; Food Safety,SK085;SK084;SK086,K08,"Hospitality, Tourism, Food, and Personal Services",Coursera,MOOC Platform,88,Course/Certification,English,Online/Self-paced,Free/Paid,Generated - Review Needed,Auto-generated to expand prototype coverage; verify exact course/certification title and URL before final deployment.,https://www.coursera.org/search?query=Food+Preparation,Food Preparation; Food Service; Food Safety,generated_mapped,Generated from Expanded_Kareerly_Skills_Reference_SK001_SK621 and linked by skill_ids.
LR-324,Practical Skills Certificate: Warehouse Operations,"Prototype curated learning resource for Warehouse Operations. Covers Warehouse Operations, Inventory Management, Analyse supply chain trends and supports Kareerly skill-gap recommendations for Warehouse, Inventory, and Distribution. Verify the exact provider course before final release.",No formal experience required,Flexible/Self-paced,Beginner,2–4 weeks,Warehouse Operations; Inventory Management; Analyse supply chain trends,SK099;SK098;SK544,K09,"Logistics, Manufacturing, and Operations",edX,MOOC Platform,88,Course/Certification,English,Online/Self-paced,Free/Paid,Generated - Review Needed,Auto-generated to expand prototype coverage; verify exact course/certification title and URL before final deployment.,https://www.edx.org/search?q=Warehouse+Operations,Warehouse Operations; Inventory Management; Analyse supply chain trends,generated_mapped,Generated from Expanded_Kareerly_Skills_Reference_SK001_SK621 and linked by skill_ids.
LR-325,Career Readiness Course: Tree Planting,"Prototype curated learning resource for Tree Planting. Covers Tree Planting, Environmental Conservation, Waste Management and supports Kareerly skill-gap recommendations for Forestry and Conservation. Verify the exact provider course before final release.",Basic related experience recommended,Flexible/Self-paced,Intermediate,4–6 weeks,Tree Planting; Environmental Conservation; Waste Management,SK107;SK106;SK108,K10,"Agriculture, Forestry, Fishery, and Environmental Work",Other Trusted Provider,Other,70,Course/Certification,English,Online/Self-paced,Review,Generated - Review Needed,Auto-generated to expand prototype coverage; verify exact course/certification title and URL before final deployment.,,Tree Planting; Environmental Conservation; Waste Management,generated_mapped,Generated from Expanded_Kareerly_Skills_Reference_SK001_SK621 and linked by skill_ids.
LR-326,Certificate Pathway: Leadership Support,"Prototype curated learning resource for Leadership Support. Covers Leadership Support, Policy Support, Make recommendation on nutrition to public policy makers and supports Kareerly skill-gap recommendations for Policy, Leadership, and Public Administration. Verify the exact provider course before final release.",No formal experience required,Flexible/Self-paced,Foundational,2–4 hours,Leadership Support; Policy Support; Make recommendation on nutrition to public policy makers,SK121;SK120;SK607,K11,"Public Service, Legal, and Protective Services",UPOU MODeL,University,92,Course/Certification,English,Online/Self-paced,Free,Generated - Review Needed,Auto-generated to expand prototype coverage; verify exact course/certification title and URL before final deployment.,https://model.upou.edu.ph/,Leadership Support; Policy Support; Make recommendation on nutrition to public policy makers,generated_mapped,Generated from Expanded_Kareerly_Skills_Reference_SK001_SK621 and linked by skill_ids.
LR-327,Foundations Course: COBOL,"Prototype curated learning resource for COBOL. Covers COBOL, Python Programming, JavaScript Programming and supports Kareerly skill-gap recommendations for Software and Applications. Verify the exact provider course before final release.",No formal experience required,Flexible/Self-paced,Beginner,6–10 hours,COBOL; Python Programming; JavaScript Programming,SK140;SK001;SK002,K01,"Technology, Data, and Digital Systems",Cisco Networking Academy,Industry Vendor,85,Course/Certification,English,Online/Self-paced,Free/Paid,Generated - Review Needed,Auto-generated to expand prototype coverage; verify exact course/certification title and URL before final deployment.,https://www.netacad.com/,COBOL; Python Programming; JavaScript Programming,generated_mapped,Generated from Expanded_Kareerly_Skills_Reference_SK001_SK621 and linked by skill_ids.
LR-328,Practical Skills Certificate: Set up office equipment,"Prototype curated learning resource for Set up office equipment. Covers Set up office equipment, Office Administration, Document Management and supports Kareerly skill-gap recommendations for Office Administration and Clerical Support. Verify the exact provider course before final release.",Basic related experience recommended,Flexible/Self-paced,Intermediate,2–4 weeks,Set up office equipment; Office Administration; Document Management,SK212;SK015;SK016,K02,"Business, Finance, and Office Administration",Other Trusted Provider,Other,70,Course/Certification,English,Online/Self-paced,Review,Generated - Review Needed,Auto-generated to expand prototype coverage; verify exact course/certification title and URL before final deployment.,,Set up office equipment; Office Administration; Document Management,generated_mapped,Generated from Expanded_Kareerly_Skills_Reference_SK001_SK621 and linked by skill_ids.
LR-329,Career Readiness Course: Advise on public relations,"Prototype curated learning resource for Advise on public relations. Covers Advise on public relations, Digital Marketing, Social Media Management and supports Kareerly skill-gap recommendations for Marketing and Public Relations. Verify the exact provider course before final release.",No formal experience required,Flexible/Self-paced,Foundational,4–6 weeks,Advise on public relations; Digital Marketing; Social Media Management,SK275;SK026;SK027,K03,"Sales, Marketing, and Customer Relations",Coursera,MOOC Platform,88,Course/Certification,English,Online/Self-paced,Free/Paid,Generated - Review Needed,Auto-generated to expand prototype coverage; verify exact course/certification title and URL before final deployment.,https://www.coursera.org/search?query=Advise+on+public+relations,Advise on public relations; Digital Marketing; Social Media Management,generated_mapped,Generated from Expanded_Kareerly_Skills_Reference_SK001_SK621 and linked by skill_ids.
LR-330,Certificate Pathway: Express yourself creatively,"Prototype curated learning resource for Express yourself creatively. Covers Express yourself creatively, Creative Concept Development, Photography and supports Kareerly skill-gap recommendations for Creative and Performing Arts. Verify the exact provider course before final release.",No formal experience required,Flexible/Self-paced,Beginner,2–4 hours,Express yourself creatively; Creative Concept Development; Photography,SK328;SK037;SK038,K04,"Creative, Media, and Communications",Coursera,MOOC Platform,88,Course/Certification,English,Online/Self-paced,Free/Paid,Generated - Review Needed,Auto-generated to expand prototype coverage; verify exact course/certification title and URL before final deployment.,https://www.coursera.org/search?query=Express+yourself+creatively,Express yourself creatively; Creative Concept Development; Photography,generated_mapped,Generated from Expanded_Kareerly_Skills_Reference_SK001_SK621 and linked by skill_ids.
LR-331,Foundations Course: Adult education,"Prototype curated learning resource for Adult education. Covers Adult education, Lesson Planning, Classroom Management and supports Kareerly skill-gap recommendations for Teaching and Academic Support. Verify the exact provider course before final release.",Basic related experience recommended,Flexible/Self-paced,Intermediate,6–10 hours,Adult education; Lesson Planning; Classroom Management,SK364;SK045;SK046,K05,"Education, Training, and Community Services",Coursera,MOOC Platform,88,Course/Certification,English,Online/Self-paced,Free/Paid,Generated - Review Needed,Auto-generated to expand prototype coverage; verify exact course/certification title and URL before final deployment.,https://www.coursera.org/search?query=Adult+education,Adult education; Lesson Planning; Classroom Management,generated_mapped,Generated from Expanded_Kareerly_Skills_Reference_SK001_SK621 and linked by skill_ids.
LR-332,Practical Skills Certificate: Laboratory Safety,"Prototype curated learning resource for Laboratory Safety. Covers Laboratory Safety, Medication Assistance, Pharmacy Support and supports Kareerly skill-gap recommendations for Pharmacy, Laboratory, and Health Support. Verify the exact provider course before final release.",No formal experience required,Flexible/Self-paced,Foundational,2–4 weeks,Laboratory Safety; Medication Assistance; Pharmacy Support,SK063;SK062;SK064,K06,"Healthcare, Caregiving, and Wellness",edX,MOOC Platform,88,Course/Certification,English,Online/Self-paced,Free/Paid,Generated - Review Needed,Auto-generated to expand prototype coverage; verify exact course/certification title and URL before final deployment.,https://www.edx.org/search?q=Laboratory+Safety,Laboratory Safety; Medication Assistance; Pharmacy Support,generated_mapped,Generated from Expanded_Kareerly_Skills_Reference_SK001_SK621 and linked by skill_ids.
LR-333,Career Readiness Course: Surveying Support,"Prototype curated learning resource for Surveying Support. Covers Surveying Support, Quality Control, Blueprints and supports Kareerly skill-gap recommendations for Technical Drafting, Surveying, and Control. Verify the exact provider course before final release.",No formal experience required,Flexible/Self-paced,Beginner,4–6 weeks,Surveying Support; Quality Control; Blueprints,SK077;SK076;SK454,K07,"Engineering, Construction, and Skilled Trades",Other Trusted Provider,Other,70,Course/Certification,English,Online/Self-paced,Review,Generated - Review Needed,Auto-generated to expand prototype coverage; verify exact course/certification title and URL before final deployment.,,Surveying Support; Quality Control; Blueprints,generated_mapped,Generated from Expanded_Kareerly_Skills_Reference_SK001_SK621 and linked by skill_ids.
