job_id,category_id,job_category,job_subcategory,job_title,job_description,required_skills_comma_separated,required_skill_ids,mapped_required_skill_names,nice_to_have_skills_optional,nice_to_have_skill_ids,mapped_nice_to_have_skill_names,skill_gap_reliability,skill_id_mapping_status,skill_id_mapping_notes,experience_level_required,location,work_type,salary_range_monthly_php,external_job_link_optional,source_dataset,job_text_for_matching
JOB-001,K01,"Technology, Data, and Digital Systems","Software and Applications
Data, Analytics, and Statistics
Networks, Databases, and IT Support
Telecommunications and Digital Infrastructure",DIGITAL ANALYTICS ENGINEER,"Our Digital Experience Platform is looking for Digital Analytics Engineer  will support data governance, quality, and analytics enablement across the organization. This role is responsible for transforming business and operational requirements into reliable, scalable data models and analytics solutions. It ensures the accuracy, consistency, and trustworthiness of product and behavioral data, enabling stakeholders to make informed, data-driven decisions. The position identifies data gaps, validates data integrity, and collaborates with cross-functional teams to improve data pipelines, maintain analytical assets, and ensure alignment with business goals and best practices.

What you'll do
Design and implement scalable analytics solutions that address business and operational needs across markets.
Own changes end-to-end, including development, testing, deployment, and production validation.
Build reliable and maintainable data solutions following best practices that enable reuse and scalability.
Continuously improve data assets through incremental enhancements, refactoring, and workflow optimization.
Collaborate with Product, QA, and Engineering teams to clarify requirements and validate assumptions early.
Communicate progress, risks, and trade-offs effectively to ensure alignment with stakeholders.
Deliver accurate, well-documented, and trustworthy data outputs while prioritizing system reliability and simplicity.","Analytics Solutions Design, Scalable Analytics, Full Lifecycle Development (End-to-End), Testing, Deployment, Production Validation, Data Engineering, Software Best Practices, Code Refactoring, Workflow Optimization, Cross-functional Collaboration, Requirement Gathering, Stakeholder Communication, Risk Management, Documentation, System Reliability, Product Analytics, Digital Analytics, Behavioral Data Analysis, Event-Based Measurement, Tag Management Systems, In-Product Instrumentation, SQL, JavaScript, Data Validation, Troubleshooting, Data Quality Assurance, Data Reconciliation, Debugging Tools",SK004;SK003;SK159;SK130;SK020;SK119;SK052;SK139;SK005;SK002;SK007;SK123;SK190,SQL; Web Development; SAS language; Data science; Business Communication; Risk Reporting; Case Documentation; Establish an Information Security Management System; Data Analysis; JavaScript Programming; Technical Support; Data mining; ICT debugging tools,"A/B Testing, Experimentation Frameworks, Data Warehousing, ETL/ELT Pipeline Development, Python, dbt (Data Build Tool), Mixpanel, Amplitude, Google Analytics 4 (GA4), Google Tag Manager (GTM), Segment (CDP), CI/CD (Continuous Integration/Continuous Deployment), Git, Version Control, Data Modeling, Cloud Computing (AWS/GCP/Azure), BI Tooling (Tableau/Looker), Data Governance, Automated Testing, Performance Optimization",SK157;SK195;SK003;SK001;SK004;SK011;SK006;SK005,MATLAB; Data security principles; Web Development; Python Programming; SQL; Cloud Computing; Data Visualization; Data Analysis,high,mapped,unmapped_required_terms=Deployment | Production Validation | Software Best Practices | Code Refactoring | Workflow Optimization | Cross-functional Collaboration | Requirement Gathering | Event-Based Measurement | In-Product Instrumentation; unmapped_nice_terms=B Testing | Experimentation Frameworks | ETL | dbt (Data Build Tool) | Mixpanel | Amplitude | Google Tag Manager (GTM) | Segment (CDP) | CI | CD (Continuous Integration,Mid Level,Manila,Hybrid,₱50000–₱80000/month,https://ph.jobstreet.com/job/91993003,Kareerly_Job_DB,"digital analytics engineer our digital experience platform is looking for digital analytics engineer will support data governance, quality, and analytics enablement across the organization. this role is responsible for transforming business and operational requirements into reliable, scalable data models and analytics solutions. it ensures the accuracy, consistency, and trustworthiness of product and behavioral data, enabling stakeholders to make informed, data-driven decisions. the position identifies data gaps, validates data integrity, and collaborates with cross-functional teams to improve data pipelines, maintain analytical assets, and ensure alignment with business goals and best practices. what you'll do design and implement scalable analytics solutions that address business and operational needs across markets. own changes end-to-end, including development, testing, deployment, and production validation. build reliable and maintainable data solutions following best practices that enable reuse and scalability. continuously improve data assets through incremental enhancements, refactoring, and workflow optimization. collaborate with product, qa, and engineering teams to clarify requirements and validate assumptions early. communicate progress, risks, and trade-offs effectively to ensure alignment with stakeholders. deliver accurate, well-documented, and trustworthy data outputs while prioritizing system reliability and simplicity. analytics solutions design, scalable analytics, full lifecycle development (end-to-end), testing, deployment, production validation, data engineering, software best practices, code refactoring, workflow optimization, cross-functional collaboration, requirement gathering, stakeholder communication, risk management, documentation, system reliability, product analytics, digital analytics, behavioral data analysis, event-based measurement, tag management systems, in-product instrumentation, sql, javascript, data validation, troubleshooting, data quality assurance, data reconciliation, debugging tools a/b testing, experimentation frameworks, data warehousing, etl/elt pipeline development, python, dbt (data build tool), mixpanel, amplitude, google analytics 4 (ga4), google tag manager (gtm), segment (cdp), ci/cd (continuous integration/continuous deployment), git, version control, data modeling, cloud computing (aws/gcp/azure), bi tooling (tableau/looker), data governance, automated testing, performance optimization technology, data, and digital systems software and applications data, analytics, and statistics networks, databases, and it support telecommunications and digital infrastructure manila hybrid sql; web development; sas language; data science; business communication; risk reporting; case documentation; establish an information security management system; data analysis; javascript programming; technical support; data mining; ict debugging tools; matlab; data security principles; web development; python programming; sql; cloud computing; data visualization; data analysis"
JOB-002,K01,"Technology, Data, and Digital Systems","Software and Applications
Data, Analytics, and Statistics
Networks, Databases, and IT Support
Telecommunications and Digital Infrastructure",Accounting Assistant,"Assist with bookkeeping, invoice checking, and financial reporting.","Bookkeeping, Excel, Financial Reporting",SK012;SK005;SK013;SK001;SK002;SK003,Bookkeeping; Data Analysis; Financial Reporting; Python Programming; JavaScript Programming; Web Development,QuickBooks,SK012,Bookkeeping,high,mapped_with_category_fallback,category fallback skills added to ensure skill-gap computation,Entry Level,Laguna,Onsite,"₱30,000–₱50,000/month",https://philjobnet.gov.ph/,Kareerly_Job_DB,"accounting assistant assist with bookkeeping, invoice checking, and financial reporting. bookkeeping, excel, financial reporting quickbooks technology, data, and digital systems software and applications data, analytics, and statistics networks, databases, and it support telecommunications and digital infrastructure laguna onsite bookkeeping; data analysis; financial reporting; python programming; javascript programming; web development; bookkeeping"
JOB-003,K01,"Technology, Data, and Digital Systems","Software and Applications
Data, Analytics, and Statistics
Networks, Databases, and IT Support
Telecommunications and Digital Infrastructure",Customer Service Representative,"Handle client inquiries through phone, email, and chat support.","Customer Service, English Communication, Client Handling",SK029;SK031;SK030;SK264,Customer Service; English Communication; Client Handling; Execute email marketing,CRM Tools,,,medium,mapped,unmapped_nice_terms=CRM Tools,Entry Level,Quezon City,Onsite,"₱30,000–₱50,000/month",,Kareerly_Job_DB,"customer service representative handle client inquiries through phone, email, and chat support. customer service, english communication, client handling crm tools technology, data, and digital systems software and applications data, analytics, and statistics networks, databases, and it support telecommunications and digital infrastructure quezon city onsite customer service; english communication; client handling; execute email marketing"
JOB-004,K01,"Technology, Data, and Digital Systems","Software and Applications
Data, Analytics, and Statistics
Networks, Databases, and IT Support
Telecommunications and Digital Infrastructure",IT Operation Analyst,"The role will work closely with the Service Management Team to ensure incidents and requests are properly managed in the ITSM tool (Halo), service data is accurate, and outputs contribute to monthly and quarterly reporting, trend analysis, and service improvement activities.     What you’ll do (duties and responsibilities)

Act as the first point of contact for incidents and service requests in the NOC
Manage tickets in the ITSM tool (Halo), ensuring accurate logging, categorization, prioritization, and SLA adherence
Monitor ticket progress, provide updates, and ensure timely resolution and escalation when needed
Support incident coordination and escalation , including Major Incident process activities (notifications, bridge setup, stakeholder comms)
Liaise with NOC engineers to ensure proper ticket assignment and resolution tracking
Support Service Delivery Managers with service reporting, trend analysis, and SLA performance tracking
Ensure ITSM data quality and documentation accuracy across all tickets
Assist in identifying recurring issues and service improvement opportunities","Experience using an ITSM tool (Halo preferred)
At least 6 months experience in a IT Operation, Service Desk or IT support role
Understanding of incident management and SLA-driven environments
Experience with Microsoft 365 applications (Outlook, Excel, PowerPoint)
Strong attention to detail, especially around data accuracy and documentation
Interest in ITSM, reporting, and service improvement",SK191;SK169;SK005;SK122;SK154;SK013;SK139;SK131;SK126;SK166,Implement a firewall; Database management systems; Data Analysis; Perform data mining; Analyse large-scale data in healthcare; Financial Reporting; Establish an Information Security Management System; Analyse big data; Apply statistical analysis techniques; Manage system security,ITIL Foundation certification,,,high,mapped,unmapped_required_terms=Experience using an ITSM tool (Halo preferred) | Service Desk or IT support role | Experience with Microsoft 365 applications (Outlook | PowerPoint) | Strong attention to detail | and service improvement; unmapped_nice_terms=ITIL Foundation certification,Entry Level,United Kingdom,Remote,"₱30,000–₱50,000/month",https://ph.indeed.com/viewjob?jk=96e3042faa4b65fb&from=appshareandroid,Kareerly_Job_DB,"it operation analyst the role will work closely with the service management team to ensure incidents and requests are properly managed in the itsm tool (halo), service data is accurate, and outputs contribute to monthly and quarterly reporting, trend analysis, and service improvement activities. what you’ll do (duties and responsibilities) act as the first point of contact for incidents and service requests in the noc manage tickets in the itsm tool (halo), ensuring accurate logging, categorization, prioritization, and sla adherence monitor ticket progress, provide updates, and ensure timely resolution and escalation when needed support incident coordination and escalation , including major incident process activities (notifications, bridge setup, stakeholder comms) liaise with noc engineers to ensure proper ticket assignment and resolution tracking support service delivery managers with service reporting, trend analysis, and sla performance tracking ensure itsm data quality and documentation accuracy across all tickets assist in identifying recurring issues and service improvement opportunities experience using an itsm tool (halo preferred) at least 6 months experience in a it operation, service desk or it support role understanding of incident management and sla-driven environments experience with microsoft 365 applications (outlook, excel, powerpoint) strong attention to detail, especially around data accuracy and documentation interest in itsm, reporting, and service improvement itil foundation certification technology, data, and digital systems software and applications data, analytics, and statistics networks, databases, and it support telecommunications and digital infrastructure united kingdom remote implement a firewall; database management systems; data analysis; perform data mining; analyse large-scale data in healthcare; financial reporting; establish an information security management system; analyse big data; apply statistical analysis techniques; manage system security"
JOB-005,K01,"Technology, Data, and Digital Systems","Software and Applications
Data, Analytics, and Statistics
Networks, Databases, and IT Support
Telecommunications and Digital Infrastructure",IT Support Engineer,"The Level 2 IT Support Engineer provides advanced technical support to clients by resolving escalated issues, managing cloud and Microsoft environments, and supporting security and infrastructure operations. This role requires strong technical expertise, excellent communication skills, and the ability to work independently while collaborating within the team and interacting with clients in a customer-facing capacity.","Proven experience in a Level 2 IT Support Help Desk role preferably within an MSP environment, Strong hands-on experience with Active Directory AD Hosted Exchange Microsoft 365 administration and security, Basic networking knowledge, Clear and concise English communication skills both written and verbal, Customer-facing experience supporting diverse clients, Ability to work independently prioritize tasks and manage multiple tickets effectively, Experience using MS Teams for team collaboration and client communication, Strong troubleshooting skills across Windows environments and common business applications",SK007;SK128;SK031;SK020;SK012;SK005;SK154,Technical Support; ICT security legislation; English Communication; Business Communication; Bookkeeping; Data Analysis; Analyse large-scale data in healthcare,,,,high,mapped,unmapped_required_terms=Basic networking knowledge | Customer-facing experience supporting diverse clients | Ability to work independently prioritize tasks and manage multiple tickets effectively,Mid Level,Quezon City,Hybrid,"₱30,000–₱50,000/month",https://ph.indeed.com/q-digital-technology-solutions-expert-jobs.html?vjk=35ff66f5f4bd0ffb,Kareerly_Job_DB,"it support engineer the level 2 it support engineer provides advanced technical support to clients by resolving escalated issues, managing cloud and microsoft environments, and supporting security and infrastructure operations. this role requires strong technical expertise, excellent communication skills, and the ability to work independently while collaborating within the team and interacting with clients in a customer-facing capacity. proven experience in a level 2 it support help desk role preferably within an msp environment, strong hands-on experience with active directory ad hosted exchange microsoft 365 administration and security, basic networking knowledge, clear and concise english communication skills both written and verbal, customer-facing experience supporting diverse clients, ability to work independently prioritize tasks and manage multiple tickets effectively, experience using ms teams for team collaboration and client communication, strong troubleshooting skills across windows environments and common business applications technology, data, and digital systems software and applications data, analytics, and statistics networks, databases, and it support telecommunications and digital infrastructure quezon city hybrid technical support; ict security legislation; english communication; business communication; bookkeeping; data analysis; analyse large-scale data in healthcare"
JOB-006,K01,"Technology, Data, and Digital Systems","Software and Applications
Data, Analytics, and Statistics
Networks, Databases, and IT Support
Telecommunications and Digital Infrastructure",Digital Solutions Analyst,"The DX Expert is responsible for driving digital transformation initiatives by leveraging low‑code/no‑code platforms, particularly Microsoft Power Platform, to improve business processes, enhance system functionality, and deliver data‑driven insights. This role combines technical expertise, business acumen, and stakeholder management to design, implement, and optimize scalable digital solutions aligned with organizational goals. Lead continuous improvement initiatives to enhance business system functionality, Define system configurations across end-to-end business processes and maintain documentation, Design and develop scalable solutions using Power Platform (Power Apps, Power Automate, Power BI, Dataverse), Integrate solutions with data sources such as SharePoint, Microsoft 365, and other enterprise systems, Ensure solutions are secure, reliable, and aligned with organizational standards, Stay updated on platform features, best practices, and innovations, Provide data-driven recommendations for process improvements, Promote data quality and ensure alignment with downstream processes, Maintain strict data confidentiality and safeguarding practices, Educate stakeholders on adherence to GBS standards and its impact on business success, Define, track, and communicate operational performance metrics, Drive issue resolution and manage stakeholder conflicts effectively, Build strong relationships with stakeholders, internal customers, and cross-functional teams, Gather insights by probing stakeholders effectively, Challenge ideas constructively to drive better outcomes, Influence stakeholders to adopt recommended solutions, Facilitate collaboration to gain alignment and commitment, Gather and analyze requirements, Assign responsibilities to junior analysts and guide execution, Collaborate with cross-functional teams on projects and enhancements, Review deliverables for accuracy prior to deployment, Ensure successful handover to end-users, Align training programs with organizational strategy, Design and deliver customized training sessions for diverse user groups, Develop coaching plans to address skill gaps within teams, Promote citizen development by mentoring non-technical users","Bachelor’s degree in Industrial Engineering Information Technology Business or related field, Experience in Power Platform (Power Apps, Power Automate, Power BI, Dataverse), Strong analytical and problem-solving skills, Experience in process improvement automation or digital transformation initiatives",SK001;SK006;SK125;SK095;SK012;SK040;SK005;SK122;SK146;SK444,Python Programming; Data Visualization; Cyber attack counter-measures; Delivery Coordination; Bookkeeping; Graphic Design; Data Analysis; Perform data mining; ICT security standards; Comply with quality standards related to healthcare practice,,,,high,mapped,unmapped_required_terms=Experience in Power Platform (Power Apps | Power Automate | Dataverse) | Strong analytical and problem-solving skills,Mid Level,Cebu City,Onsite,₱30000–₱50000/month,https://ph.indeed.com/q-digital-technology-solutions-expert-jobs.html?vjk=7cbe34f634762391,Kareerly_Job_DB,"digital solutions analyst the dx expert is responsible for driving digital transformation initiatives by leveraging low‑code/no‑code platforms, particularly microsoft power platform, to improve business processes, enhance system functionality, and deliver data‑driven insights. this role combines technical expertise, business acumen, and stakeholder management to design, implement, and optimize scalable digital solutions aligned with organizational goals. lead continuous improvement initiatives to enhance business system functionality, define system configurations across end-to-end business processes and maintain documentation, design and develop scalable solutions using power platform (power apps, power automate, power bi, dataverse), integrate solutions with data sources such as sharepoint, microsoft 365, and other enterprise systems, ensure solutions are secure, reliable, and aligned with organizational standards, stay updated on platform features, best practices, and innovations, provide data-driven recommendations for process improvements, promote data quality and ensure alignment with downstream processes, maintain strict data confidentiality and safeguarding practices, educate stakeholders on adherence to gbs standards and its impact on business success, define, track, and communicate operational performance metrics, drive issue resolution and manage stakeholder conflicts effectively, build strong relationships with stakeholders, internal customers, and cross-functional teams, gather insights by probing stakeholders effectively, challenge ideas constructively to drive better outcomes, influence stakeholders to adopt recommended solutions, facilitate collaboration to gain alignment and commitment, gather and analyze requirements, assign responsibilities to junior analysts and guide execution, collaborate with cross-functional teams on projects and enhancements, review deliverables for accuracy prior to deployment, ensure successful handover to end-users, align training programs with organizational strategy, design and deliver customized training sessions for diverse user groups, develop coaching plans to address skill gaps within teams, promote citizen development by mentoring non-technical users bachelor’s degree in industrial engineering information technology business or related field, experience in power platform (power apps, power automate, power bi, dataverse), strong analytical and problem-solving skills, experience in process improvement automation or digital transformation initiatives technology, data, and digital systems software and applications data, analytics, and statistics networks, databases, and it support telecommunications and digital infrastructure cebu city onsite python programming; data visualization; cyber attack counter-measures; delivery coordination; bookkeeping; graphic design; data analysis; perform data mining; ict security standards; comply with quality standards related to healthcare practice"
JOB-007,K01,"Technology, Data, and Digital Systems","Software and Applications
Data, Analytics, and Statistics
Networks, Databases, and IT Support
Telecommunications and Digital Infrastructure","Senior Analyst, IT Applications","As the global leader in high-speed connectivity, Ciena is committed to a people-first approach. Our teams enjoy a culture focused on prioritizing a flexible work environment that empowers individual growth, well-being, and belonging. We’re a technology company that leads with our humanity—driving our business priorities alongside meaningful social, community, and societal impact.

As a senior member of Ciena’s collaboration technology team, this role strengthens the digital workplace by ensuring reliable, scalable, and secure Microsoft 365 services. It drives operational excellence across enterprise collaboration tools and plays a key role in enabling seamless communication, global teamwork, and efficient productivity across the organization. This role sits at the center of how employees collaborate every day. You’ll shape how Collaboration services are governed, secured, and evolved at enterprise scale, with great influence over platform direction","10+ years overall IT experience including 6-8+ years of deep hands-on Microsoft 365 ownership in a large enterprise environment, Deep hands-on expertise with Microsoft Teams including Teams Rooms Teams Phone and large-scale meeting solutions, Strong knowledge of SharePoint Online architecture governance and site management, Experience using Datadog or similar tools to monitor collaboration services, Demonstrated delivery of technical projects from design through implementation, Solid understanding of Entra ID security controls and compliance capabilities (including DLP retention and eDiscovery), Experience working within an ITIL-based service environment such as ServiceNow",SK135;SK154;SK169;SK190;SK040;SK128;SK621;SK001;SK046;SK125,Integrated development environment software; Analyse large-scale data in healthcare; Database management systems; ICT debugging tools; Graphic Design; ICT security legislation; Adhere to health well-being and safety; Python Programming; Classroom Management; Cyber attack counter-measures,"Exposure to Microsoft Copilot AI feature readiness and governance considerations within Microsoft 365 environments, PowerShell automation experience for Microsoft 365 administration, Background in large-scale Microsoft Teams or SharePoint migrations, Microsoft certifications such as MS-102 MS-700 PL-100 or PL-300, Experience supporting global or highly distributed enterprise environments, Familiarity with integrating collaboration platforms with network AV or voice systems, Exposure to governance frameworks that extend across cloud collaboration tools, Ability to influence platform strategy through data-driven insights",SK154;SK169;SK190;SK149,Analyse large-scale data in healthcare; Database management systems; ICT debugging tools; Information security strategy,high,mapped,unmapped_nice_terms=Exposure to Microsoft Copilot AI feature readiness and governance considerations within Microsoft 365 environments | PowerShell automation experience for Microsoft 365 administration | Microsoft certifications such as MS-102 MS-700 PL-100 or PL-300 | Experience supporting global or highly distributed enterprise environments,Senior,United States of America,Remote,₱80000+/month,https://ph.indeed.com/q-digital-technology-solutions-expert-jobs.html?vjk=d0ef9f0c372bcdbd,Kareerly_Job_DB,"senior analyst, it applications as the global leader in high-speed connectivity, ciena is committed to a people-first approach. our teams enjoy a culture focused on prioritizing a flexible work environment that empowers individual growth, well-being, and belonging. we’re a technology company that leads with our humanity—driving our business priorities alongside meaningful social, community, and societal impact. as a senior member of ciena’s collaboration technology team, this role strengthens the digital workplace by ensuring reliable, scalable, and secure microsoft 365 services. it drives operational excellence across enterprise collaboration tools and plays a key role in enabling seamless communication, global teamwork, and efficient productivity across the organization. this role sits at the center of how employees collaborate every day. you’ll shape how collaboration services are governed, secured, and evolved at enterprise scale, with great influence over platform direction 10+ years overall it experience including 6-8+ years of deep hands-on microsoft 365 ownership in a large enterprise environment, deep hands-on expertise with microsoft teams including teams rooms teams phone and large-scale meeting solutions, strong knowledge of sharepoint online architecture governance and site management, experience using datadog or similar tools to monitor collaboration services, demonstrated delivery of technical projects from design through implementation, solid understanding of entra id security controls and compliance capabilities (including dlp retention and ediscovery), experience working within an itil-based service environment such as servicenow exposure to microsoft copilot ai feature readiness and governance considerations within microsoft 365 environments, powershell automation experience for microsoft 365 administration, background in large-scale microsoft teams or sharepoint migrations, microsoft certifications such as ms-102 ms-700 pl-100 or pl-300, experience supporting global or highly distributed enterprise environments, familiarity with integrating collaboration platforms with network av or voice systems, exposure to governance frameworks that extend across cloud collaboration tools, ability to influence platform strategy through data-driven insights technology, data, and digital systems software and applications data, analytics, and statistics networks, databases, and it support telecommunications and digital infrastructure united states of america remote integrated development environment software; analyse large-scale data in healthcare; database management systems; ict debugging tools; graphic design; ict security legislation; adhere to health well-being and safety; python programming; classroom management; cyber attack counter-measures; analyse large-scale data in healthcare; database management systems; ict debugging tools; information security strategy"
JOB-008,K01,"Technology, Data, and Digital Systems","Software and Applications
Data, Analytics, and Statistics
Networks, Databases, and IT Support
Telecommunications and Digital Infrastructure",Information Systems Audit Specialist,"Support audit planning by identifying system and application risks
Develop and execute audit programs for applications, ERP systems, and ITGC
Perform system walkthroughs and evaluate control design and operating effectiveness
Test ITGC controls including access management, change management, and IT operations
Apply data analytics to validate data integrity and system processing accuracy
Identify control gaps, root causes, and audit findings
Document audit work papers and prepare audit reports
Present audit results and discuss findings with stakeholders
Monitor implementation of audit recommendations and agreed action plans
Recommend improvements to system controls, processes, and automation opportunities
Review system implementations and enhancements from a control and risk perspective","IT Audit, Audit Planning, Risk Identification, System Risk Assessment, Application Risk Assessment, Audit Program Development, ERP Audit, ITGC Testing, System Walkthroughs, Control Design Evaluation, Control Operating Effectiveness, Access Management Controls, Change Management Controls, IT Operations Controls, Data Analytics, Data Integrity Validation, Control Gap Analysis, Root Cause Analysis, Audit Findings, Audit Work Papers, Audit Reporting, Stakeholder Presentation, Audit Recommendations Monitoring, Process Improvement, Automation Opportunities, System Implementation Review, IT Controls Review",SK187;SK139;SK003;SK040;SK005;SK178;SK007;SK132;SK169;SK004,Audit techniques; Establish an Information Security Management System; Web Development; Graphic Design; Data Analysis; Review meteorological forecast data; Technical Support; Develop code exploits; Database management systems; SQL,,,,high,mapped,unmapped_required_terms=Audit Planning | Risk Identification | Application Risk Assessment | ITGC Testing | Control Operating Effectiveness | IT Operations Controls | Root Cause Analysis | Audit Findings | Audit Work Papers | Audit Reporting | Stakeholder Presentation | Process Improvement | Automation Opportunities,Mid Level,Makati City,Onsite,₱30000–₱50000/month,https://ph.jobstreet.com/job/92254419?type=standard&ref=search-standalone#sol=c0554274b6eeef40430eb7b3cebb84df0bf7572e,Kareerly_Job_DB,"information systems audit specialist support audit planning by identifying system and application risks develop and execute audit programs for applications, erp systems, and itgc perform system walkthroughs and evaluate control design and operating effectiveness test itgc controls including access management, change management, and it operations apply data analytics to validate data integrity and system processing accuracy identify control gaps, root causes, and audit findings document audit work papers and prepare audit reports present audit results and discuss findings with stakeholders monitor implementation of audit recommendations and agreed action plans recommend improvements to system controls, processes, and automation opportunities review system implementations and enhancements from a control and risk perspective it audit, audit planning, risk identification, system risk assessment, application risk assessment, audit program development, erp audit, itgc testing, system walkthroughs, control design evaluation, control operating effectiveness, access management controls, change management controls, it operations controls, data analytics, data integrity validation, control gap analysis, root cause analysis, audit findings, audit work papers, audit reporting, stakeholder presentation, audit recommendations monitoring, process improvement, automation opportunities, system implementation review, it controls review technology, data, and digital systems software and applications data, analytics, and statistics networks, databases, and it support telecommunications and digital infrastructure makati city onsite audit techniques; establish an information security management system; web development; graphic design; data analysis; review meteorological forecast data; technical support; develop code exploits; database management systems; sql"
JOB-009,K01,"Technology, Data, and Digital Systems","Software and Applications
Data, Analytics, and Statistics
Networks, Databases, and IT Support
Telecommunications and Digital Infrastructure", Software Developer,"Design, develop, and maintain web and mobile
applications. Write clean, scalable code and
collaborate with cross-functional teams to deliver
full-cycle software solutions aligned with business
needs.","Python / JavaScript / Java, REST APIs,
Git, Agile/Scrum, SQL",SK001;SK002;SK133;SK003;SK213;SK004;SK040;SK012;SK103,Python Programming; JavaScript Programming; Java (computer programming); Web Development; Agile project management; SQL; Graphic Design; Bookkeeping; Animal Care,"AWS / Azure / GCP, Docker,
TypeScript, React / Node.js",SK011;SK002,Cloud Computing; JavaScript Programming,high,mapped,unmapped_nice_terms=Docker | React | Node.js,Mid Level,"BGC, Taguig City",Hybrid,₱50000–₱80000/month,https://ph.jobstreet.com/software-developer-jobs/in-Taguig-City-Metro-Manila,Kareerly_Job_DB,"software developer design, develop, and maintain web and mobile applications. write clean, scalable code and collaborate with cross-functional teams to deliver full-cycle software solutions aligned with business needs. python / javascript / java, rest apis, git, agile/scrum, sql aws / azure / gcp, docker, typescript, react / node.js technology, data, and digital systems software and applications data, analytics, and statistics networks, databases, and it support telecommunications and digital infrastructure bgc, taguig city hybrid python programming; javascript programming; java (computer programming); web development; agile project management; sql; graphic design; bookkeeping; animal care; cloud computing; javascript programming"
JOB-010,K01,"Technology, Data, and Digital Systems","Software and Applications
Data, Analytics, and Statistics
Networks, Databases, and IT Support
Telecommunications and Digital Infrastructure",Data Analyst,"Collect, clean, and analyze large datasets to
uncover trends and actionable insights. Build
dashboards and reports to support business
decision-making across departments.","SQL, Excel / Google Sheets, Power BI /
Tableau, Data Cleaning, Statistical
Analysis",SK004;SK005;SK006;SK126;SK071;SK012,SQL; Data Analysis; Data Visualization; Apply statistical analysis techniques; Masonry; Bookkeeping,"Python (Pandas/NumPy),
Looker, A/B Testing, Google
Analytics",SK001;SK006;SK157;SK005;SK004,Python Programming; Data Visualization; MATLAB; Data Analysis; SQL,high,mapped,unmapped_nice_terms=NumPy) | B Testing,Mid Level,"Makati City, Metro Manila",Hybrid,₱30000–₱50000/month,https://www.kalibrr.com/home/te/Data-Analyst/l/Makati,Kareerly_Job_DB,"data analyst collect, clean, and analyze large datasets to uncover trends and actionable insights. build dashboards and reports to support business decision-making across departments. sql, excel / google sheets, power bi / tableau, data cleaning, statistical analysis python (pandas/numpy), looker, a/b testing, google analytics technology, data, and digital systems software and applications data, analytics, and statistics networks, databases, and it support telecommunications and digital infrastructure makati city, metro manila hybrid sql; data analysis; data visualization; apply statistical analysis techniques; masonry; bookkeeping; python programming; data visualization; matlab; data analysis; sql"
JOB-011,K01,"Technology, Data, and Digital Systems","Software and Applications
Data, Analytics, and Statistics
Networks, Databases, and IT Support
Telecommunications and Digital Infrastructure",IT Support Specialist,"Provide first- and second-level technical support for
hardware, software, and network issues. Manage
ticketing systems, troubleshoot user problems, and
maintain IT asset inventory.","Help Desk Support, Windows / macOS,
Network Troubleshooting, Active
Directory, Ticketing Systems",SK007;SK009;SK352;SK492;SK001;SK169;SK146;SK098,Technical Support; Network Administration; Computer graphics; Computer engineering; Python Programming; Database management systems; ICT security standards; Inventory Management,"ITIL Certification, Microsoft
365 Admin, VPN / Remote
Tools",SK005;SK129,Data Analysis; Use scripting programming,high,mapped,unmapped_required_terms=Windows | macOS | Directory | Ticketing Systems; unmapped_nice_terms=ITIL Certification | 365 Admin | VPN | Remote,Entry Level,"Quezon City, Metro Manila",Onsite,₱30000–₱50000/month,https://ph.jobstreet.com/it-support-specialist-jobs/in-Quezon-City-Metro-Manila,Kareerly_Job_DB,"it support specialist provide first- and second-level technical support for hardware, software, and network issues. manage ticketing systems, troubleshoot user problems, and maintain it asset inventory. help desk support, windows / macos, network troubleshooting, active directory, ticketing systems itil certification, microsoft 365 admin, vpn / remote tools technology, data, and digital systems software and applications data, analytics, and statistics networks, databases, and it support telecommunications and digital infrastructure quezon city, metro manila onsite technical support; network administration; computer graphics; computer engineering; python programming; database management systems; ict security standards; inventory management; data analysis; use scripting programming"
JOB-012,K01,"Technology, Data, and Digital Systems","Software and Applications
Data, Analytics, and Statistics
Networks, Databases, and IT Support
Telecommunications and Digital Infrastructure",Cybersecurity Analyst ,"Monitor systems for security threats, conduct
vulnerability assessments, and implement controls
to protect organizational data and infrastructure
from cyber risks. ","SIEM Tools, Vulnerability Assessment,
Incident Response, Network Security,
Risk Analysis",SK010;SK047;SK122;SK125,Cybersecurity Awareness; Student Assessment; Perform data mining; Cyber attack counter-measures,"CISSP / CompTIA Security+,
Ethical Hacking, Penetration
Testing, ISO 27001",SK159,SAS language,medium,mapped,unmapped_required_terms=SIEM Tools | Vulnerability Assessment | Incident Response | Risk Analysis; unmapped_nice_terms=CISSP | CompTIA Security+ | Ethical Hacking | Penetration | ISO 27001,Mid Level,"Ortigas, Pasig City ",Hybrid,₱50000–₱80000/month,https://www.linkedin.com/jobs/cybersecurity-analyst-jobs-pasig-city-metro-manila,Kareerly_Job_DB,"cybersecurity analyst monitor systems for security threats, conduct vulnerability assessments, and implement controls to protect organizational data and infrastructure from cyber risks. siem tools, vulnerability assessment, incident response, network security, risk analysis cissp / comptia security+, ethical hacking, penetration testing, iso 27001 technology, data, and digital systems software and applications data, analytics, and statistics networks, databases, and it support telecommunications and digital infrastructure ortigas, pasig city hybrid cybersecurity awareness; student assessment; perform data mining; cyber attack counter-measures; sas language"
JOB-013,K01,"Technology, Data, and Digital Systems","Software and Applications
Data, Analytics, and Statistics
Networks, Databases, and IT Support
Telecommunications and Digital Infrastructure","Business Intelligence
Developer","Build and maintain BI solutions including data
warehouses, ETL pipelines, and interactive
dashboards. Translate business requirements into
scalable reporting infrastructure.","SQL, ETL Processes, Power BI / Tableau,
Data Warehousing, Data Modeling",SK004;SK006;SK195;SK122;SK098;SK012,SQL; Data Visualization; Data security principles; Perform data mining; Inventory Management; Bookkeeping,"dbt, Snowflake / BigQuery,
Python, DAX / M Language",SK001,Python Programming,high,mapped,unmapped_required_terms=ETL Processes; unmapped_nice_terms=dbt | Snowflake | BigQuery | DAX | M Language,Mid Level,"Mandaluyong City, Metro
Manila",Hybrid,₱50000–₱80000/month,https://www.kalibrr.com/home/te/Business-Intelligence-Developer/l/Mandaluyong,Kareerly_Job_DB,"business intelligence developer build and maintain bi solutions including data warehouses, etl pipelines, and interactive dashboards. translate business requirements into scalable reporting infrastructure. sql, etl processes, power bi / tableau, data warehousing, data modeling dbt, snowflake / bigquery, python, dax / m language technology, data, and digital systems software and applications data, analytics, and statistics networks, databases, and it support telecommunications and digital infrastructure mandaluyong city, metro manila hybrid sql; data visualization; data security principles; perform data mining; inventory management; bookkeeping; python programming"
JOB-014,K01,"Technology, Data, and Digital Systems","Software and Applications
Data, Analytics, and Statistics
Networks, Databases, and IT Support
Telecommunications and Digital Infrastructure",Systems Administrator ,"Manage and maintain servers, cloud infrastructure,
and enterprise systems. Ensure high availability,
perform backups, and oversee patch management
and access controls.","Linux / Windows Server, Virtualization
(VMware/Hyper-V), Cloud Admin
(AWS/Azure), Networking, Backup &
Recovery",SK011;SK166;SK147;SK001;SK002;SK003,Cloud Computing; Manage system security; Ensure information security; Python Programming; JavaScript Programming; Web Development,"Terraform, Kubernetes, ITIL,
CompTIA Server+, Scripting
(Bash/PowerShell)",SK129,Use scripting programming,high,mapped_with_category_fallback,unmapped_required_terms=Linux | Windows Server | Virtualization | (VMware | Hyper-V) | Cloud Admin | Networking | Backup & | Recovery; unmapped_nice_terms=Terraform | Kubernetes | ITIL | CompTIA Server+ | (Bash | PowerShell); category fallback skills added to ensure skill-gap computation,Mid Level,"Cebu City, Cebu",Hybrid,₱30000–₱50000/month,https://ph.jobstreet.com/systems-administrator-jobs/in-Cebu-City,Kareerly_Job_DB,"systems administrator manage and maintain servers, cloud infrastructure, and enterprise systems. ensure high availability, perform backups, and oversee patch management and access controls. linux / windows server, virtualization (vmware/hyper-v), cloud admin (aws/azure), networking, backup & recovery terraform, kubernetes, itil, comptia server+, scripting (bash/powershell) technology, data, and digital systems software and applications data, analytics, and statistics networks, databases, and it support telecommunications and digital infrastructure cebu city, cebu hybrid cloud computing; manage system security; ensure information security; python programming; javascript programming; web development; use scripting programming"
JOB-015,K01,"Technology, Data, and Digital Systems","Software and Applications
Data, Analytics, and Statistics
Networks, Databases, and IT Support
Telecommunications and Digital Infrastructure",Digital Project Manager,"Plan, execute, and deliver digital and technology
projects on time and within budget. Coordinate
cross-functional teams, manage stakeholder
expectations, and track milestones using agile and
waterfall methodologies.","Project Management, Agile / Scrum,
Stakeholder Management, Risk
Management, JIRA / Confluence",SK021;SK213;SK020;SK008;SK125;SK048;SK001;SK332,Project Coordination; Agile project management; Business Communication; Database Management; Cyber attack counter-measures; Training Facilitation; Python Programming; Identify requirements of the work in the artistic performance,"PMP / PRINCE2
Certification, Software
Development Background,
Change Management",SK216;SK001;SK139,Prince2 project management; Python Programming; Establish an Information Security Management System,high,mapped,unmapped_required_terms=Risk | JIRA | Confluence; unmapped_nice_terms=PMP | Certification | Development Background,Mid Level,"BGC, Taguig City",Hybrid,₱50000–₱80000/month,https://www.linkedin.com/jobs/digital-project-manager-jobs-taguig-city-metro-manila,Kareerly_Job_DB,"digital project manager plan, execute, and deliver digital and technology projects on time and within budget. coordinate cross-functional teams, manage stakeholder expectations, and track milestones using agile and waterfall methodologies. project management, agile / scrum, stakeholder management, risk management, jira / confluence pmp / prince2 certification, software development background, change management technology, data, and digital systems software and applications data, analytics, and statistics networks, databases, and it support telecommunications and digital infrastructure bgc, taguig city hybrid project coordination; agile project management; business communication; database management; cyber attack counter-measures; training facilitation; python programming; identify requirements of the work in the artistic performance; prince2 project management; python programming; establish an information security management system"
JOB-016,K02,"Business, Finance, and Office Administration","Finance, Accounting, and Bookkeeping
Office Administration and Clerical Support
Human Resources and Business Services
Management and Organizational Operations",Financial Analyst ,"Analyze financial data, prepare variance reports,
and deliver insights to support strategic decisions. Monitor budgets, cash flows, and KPIs across business units.","Financial Modeling, MS Excel, Data
Analysis, Budgeting & Forecasting,
Financial Reporting",SK013;SK005;SK001;SK259;SK254;SK235;SK012,Financial Reporting; Data Analysis; Python Programming; Economics; Manage financial and material resources; Handle cash flow; Bookkeeping,"SAP/Oracle ERP, Power BI,
CFA Level 1",SK006,Data Visualization,high,mapped,unmapped_nice_terms=SAP | Oracle ERP | CFA Level 1,Mid Level,"Makati City, Metro Manila",Hybrid,₱30000–₱50000/month,https://ph.jobstreet.com/financial-analyst-jobs/in-Makati-City-Metro-Manila,Kareerly_Job_DB,"financial analyst analyze financial data, prepare variance reports, and deliver insights to support strategic decisions. monitor budgets, cash flows, and kpis across business units. financial modeling, ms excel, data analysis, budgeting & forecasting, financial reporting sap/oracle erp, power bi, cfa level 1 business, finance, and office administration finance, accounting, and bookkeeping office administration and clerical support human resources and business services management and organizational operations makati city, metro manila hybrid financial reporting; data analysis; python programming; economics; manage financial and material resources; handle cash flow; bookkeeping; data visualization"
JOB-017,K02,"Business, Finance, and Office Administration","Finance, Accounting, and Bookkeeping
Office Administration and Clerical Support
Human Resources and Business Services
Management and Organizational Operations",Administrative Officer,"Oversee day-to-day office operations including scheduling, document management, procurement coordination, and executive support.","Office Management, MS Office Suite,
Calendar Management, Record Keeping,
Communication",SK015;SK016;SK020;SK209;SK254,Office Administration; Document Management; Business Communication; Sell office equipment; Manage financial and material resources,"Google Workspace, Project
Tools, Notarial Knowledge",SK021;SK129,Project Coordination; Use scripting programming,high,mapped,unmapped_required_terms=Calendar Management; unmapped_nice_terms=Google Workspace | Notarial Knowledge,Junior,"Quezon City, Metro Manila",Onsite,₱20000–₱30000/month,https://www.kalibrr.com/home/te/Administrative-Officer/l/Quezon-City,Kareerly_Job_DB,"administrative officer oversee day-to-day office operations including scheduling, document management, procurement coordination, and executive support. office management, ms office suite, calendar management, record keeping, communication google workspace, project tools, notarial knowledge business, finance, and office administration finance, accounting, and bookkeeping office administration and clerical support human resources and business services management and organizational operations quezon city, metro manila onsite office administration; document management; business communication; sell office equipment; manage financial and material resources; project coordination; use scripting programming"
JOB-018,K02,"Business, Finance, and Office Administration","Finance, Accounting, and Bookkeeping
Office Administration and Clerical Support
Human Resources and Business Services
Management and Organizational Operations",Accounting Associate,"Handle AP/AR, bank reconciliations, and monthly
closing. Support BIR tax compliance and audit
preparation under Philippine GAAP.","AP/AR, Bank Reconciliation, BIR
Compliance, QuickBooks/Xero, Philippine
GAAP",SK012;SK112;SK013;SK254,Bookkeeping; Regulatory Compliance; Financial Reporting; Manage financial and material resources,"CPA License, SAP
Financials, IFRS",SK259;SK013,Economics; Financial Reporting,medium,mapped,unmapped_required_terms=AP | AR | BIR | GAAP; unmapped_nice_terms=CPA License | SAP,Entry Level,"Pasig City, Metro Manila",Remote,₱20000–₱30000/month,https://www.linkedin.com/jobs/accounting-associate-jobs-pasig-city-metro-manila,Kareerly_Job_DB,"accounting associate handle ap/ar, bank reconciliations, and monthly closing. support bir tax compliance and audit preparation under philippine gaap. ap/ar, bank reconciliation, bir compliance, quickbooks/xero, philippine gaap cpa license, sap financials, ifrs business, finance, and office administration finance, accounting, and bookkeeping office administration and clerical support human resources and business services management and organizational operations pasig city, metro manila remote bookkeeping; regulatory compliance; financial reporting; manage financial and material resources; economics; financial reporting"
JOB-019,K02,"Business, Finance, and Office Administration","Finance, Accounting, and Bookkeeping
Office Administration and Clerical Support
Human Resources and Business Services
Management and Organizational Operations",Business Development Manager,"Identify growth opportunities, forge partnerships,
and lead revenue expansion. Own proposals and
contract negotiations for new market entry.","B2B Strategy, Market Research, Contract
Negotiation, CRM, Stakeholder
Management",SK028;SK001;SK032;SK276;SK607;SK008;SK012,Market Research; Python Programming; Negotiation; Customer relationship management; Make recommendation on nutrition to public policy makers; Database Management; Bookkeeping,"MBA, FMCG/Tech Network,
P&L; Management",SK008,Database Management,high,mapped,unmapped_required_terms=B2B Strategy; unmapped_nice_terms=MBA | FMCG | Tech Network | P&L,Senior,"BGC, Taguig City",Hybrid,₱80000+/month,https://ph.jobstreet.com/business-development-manager-jobs/in-Taguig-City-Metro-Manila,Kareerly_Job_DB,"business development manager identify growth opportunities, forge partnerships, and lead revenue expansion. own proposals and contract negotiations for new market entry. b2b strategy, market research, contract negotiation, crm, stakeholder management mba, fmcg/tech network, p&l; management business, finance, and office administration finance, accounting, and bookkeeping office administration and clerical support human resources and business services management and organizational operations bgc, taguig city hybrid market research; python programming; negotiation; customer relationship management; make recommendation on nutrition to public policy makers; database management; bookkeeping; database management"
JOB-020,K02,"Business, Finance, and Office Administration","Finance, Accounting, and Bookkeeping
Office Administration and Clerical Support
Human Resources and Business Services
Management and Organizational Operations",Payroll Specialist,"Process end-to-end payroll for 200+ staff with
accuracy and timeliness. Ensure full compliance
with SSS, PhilHealth, Pag-IBIG, and BIR
regulations.","Payroll Processing,
SSS/PhilHealth/Pag-IBIG, BIR
Annualization, HRIS, Attention to Detail",SK014;SK258;SK254;SK012,Payroll Processing; Support social service users to manage their financial affairs; Manage financial and material resources; Bookkeeping,"GreatDay/PayrollHero, Labor
Law, CHRP",SK062,Medication Assistance,medium,mapped,unmapped_required_terms=SSS | PhilHealth | Pag-IBIG | BIR | Annualization | HRIS; unmapped_nice_terms=GreatDay | PayrollHero | Law | CHRP,Mid Level,"Cebu City, Cebu",Remote,₱20000–₱30000/month,https://www.kalibrr.com/home/te/Payroll-Specialist/l/Cebu-City,Kareerly_Job_DB,"payroll specialist process end-to-end payroll for 200+ staff with accuracy and timeliness. ensure full compliance with sss, philhealth, pag-ibig, and bir regulations. payroll processing, sss/philhealth/pag-ibig, bir annualization, hris, attention to detail greatday/payrollhero, labor law, chrp business, finance, and office administration finance, accounting, and bookkeeping office administration and clerical support human resources and business services management and organizational operations cebu city, cebu remote payroll processing; support social service users to manage their financial affairs; manage financial and material resources; bookkeeping; medication assistance"
JOB-021,K02,"Business, Finance, and Office Administration","Finance, Accounting, and Bookkeeping
Office Administration and Clerical Support
Human Resources and Business Services
Management and Organizational Operations",Internal Auditor,"Conduct risk-based audits of financial and
operational processes. Report findings and
recommend controls to improve governance and
compliance.","Audit Methodology, Risk Assessment,
Internal Controls, MS Excel, Report
Writing",SK005;SK013;SK034;SK047;SK112,Data Analysis; Financial Reporting; Content Writing; Student Assessment; Regulatory Compliance,"CPA/CIA Certification, SAP
Audit, Data Analytics",SK163;SK005,Execute ICT audits; Data Analysis,high,mapped,unmapped_required_terms=Audit Methodology | Risk Assessment | Internal Controls; unmapped_nice_terms=CPA | CIA Certification | SAP,Mid Level,"Mandaluyong City, Metro
Manila",Hybrid,"₱30,000–₱50,000/month",https://www.linkedin.com/jobs/internal-auditor-jobs-mandaluyong-city-metro-manila,Kareerly_Job_DB,"internal auditor conduct risk-based audits of financial and operational processes. report findings and recommend controls to improve governance and compliance. audit methodology, risk assessment, internal controls, ms excel, report writing cpa/cia certification, sap audit, data analytics business, finance, and office administration finance, accounting, and bookkeeping office administration and clerical support human resources and business services management and organizational operations mandaluyong city, metro manila hybrid data analysis; financial reporting; content writing; student assessment; regulatory compliance; execute ict audits; data analysis"
JOB-022,K02,"Business, Finance, and Office Administration","Finance, Accounting, and Bookkeeping
Office Administration and Clerical Support
Human Resources and Business Services
Management and Organizational Operations",Tax Specialist,"Prepare and file BIR returns (VAT, CIT, EWT),
manage tax assessments, and ensure accurate
statutory compliance. Liaise with BIR examiners
during audits.","BIR Tax Filing, VAT/CIT/EWT, Tax
Compliance, MS Excel, Philippine Tax
Law",SK112;SK005;SK233;SK258;SK254,Regulatory Compliance; Data Analysis; Prepare financial statements; Support social service users to manage their financial affairs; Manage financial and material resources,"CPA License, Transfer
Pricing, IFRS",SK013,Financial Reporting,high,mapped,unmapped_required_terms=BIR Tax Filing | VAT | CIT | EWT | Tax | Philippine Tax | Law; unmapped_nice_terms=CPA License | Transfer | Pricing,Mid Level,"Makati City, Metro Manila",Onsite,"₱30,000–₱50,000/month",https://ph.jobstreet.com/tax-specialist-jobs/in-Makati-City-Metro-Manila,Kareerly_Job_DB,"tax specialist prepare and file bir returns (vat, cit, ewt), manage tax assessments, and ensure accurate statutory compliance. liaise with bir examiners during audits. bir tax filing, vat/cit/ewt, tax compliance, ms excel, philippine tax law cpa license, transfer pricing, ifrs business, finance, and office administration finance, accounting, and bookkeeping office administration and clerical support human resources and business services management and organizational operations makati city, metro manila onsite regulatory compliance; data analysis; prepare financial statements; support social service users to manage their financial affairs; manage financial and material resources; financial reporting"
JOB-023,K02,"Business, Finance, and Office Administration","Finance, Accounting, and Bookkeeping
Office Administration and Clerical Support
Human Resources and Business Services
Management and Organizational Operations",Treasury Analyst,"Manage daily cash positioning, bank relationships,
and liquidity forecasting. Assist in FX hedging and
optimizing working capital for the organization","Cash Management, Liquidity Forecasting,
FX Hedging, Banking Relations, MS Excel",SK244;SK013;SK259;SK005;SK203,Management systems standards; Financial Reporting; Economics; Data Analysis; Manage human resources,"Bloomberg Terminal, CTP
Certification, ERP Treasury
Module",,,high,mapped,unmapped_required_terms=FX Hedging; unmapped_nice_terms=Bloomberg Terminal | CTP | Certification | ERP Treasury | Module,Mid Level,"BGC, Taguig City",Onsite,₱30000–₱50000/month,https://www.kalibrr.com/home/te/Treasury-Analyst/l/Taguig,Kareerly_Job_DB,"treasury analyst manage daily cash positioning, bank relationships, and liquidity forecasting. assist in fx hedging and optimizing working capital for the organization cash management, liquidity forecasting, fx hedging, banking relations, ms excel bloomberg terminal, ctp certification, erp treasury module business, finance, and office administration finance, accounting, and bookkeeping office administration and clerical support human resources and business services management and organizational operations bgc, taguig city onsite management systems standards; financial reporting; economics; data analysis; manage human resources"
JOB-024,K02,"Business, Finance, and Office Administration","Finance, Accounting, and Bookkeeping
Office Administration and Clerical Support
Human Resources and Business Services
Management and Organizational Operations",Operations Manager,"Lead end-to-end operational processes, drive
efficiency improvements, and manage
cross-functional teams to meet SLA targets and
business objective","Operations Management, Process
Improvement, Team Leadership, KPI
Tracking, Problem Solving",SK206;SK014;SK120;SK022;SK016;SK027;SK012,Operations management; Payroll Processing; Policy Support; Operations Support; Document Management; Social Media Management; Bookkeeping,"Six Sigma/Lean, ERP
Systems, PMP Certification",SK211;SK001,Lean project management; Python Programming,high,mapped,unmapped_required_terms=Improvement | KPI | Tracking | Problem Solving; unmapped_nice_terms=ERP | PMP Certification,Senior,"Alabang, Muntinlupa",Hybrid,₱30000–₱50000/month,https://www.linkedin.com/jobs/operations-manager-jobs-muntinlupa-metro-manila,Kareerly_Job_DB,"operations manager lead end-to-end operational processes, drive efficiency improvements, and manage cross-functional teams to meet sla targets and business objective operations management, process improvement, team leadership, kpi tracking, problem solving six sigma/lean, erp systems, pmp certification business, finance, and office administration finance, accounting, and bookkeeping office administration and clerical support human resources and business services management and organizational operations alabang, muntinlupa hybrid operations management; payroll processing; policy support; operations support; document management; social media management; bookkeeping; lean project management; python programming"
JOB-025,K02,"Business, Finance, and Office Administration","Finance, Accounting, and Bookkeeping
Office Administration and Clerical Support
Human Resources and Business Services
Management and Organizational Operations",Executive Assistant,"Provide high-level administrative support to C-suite
executives including complex scheduling, travel
management, board meeting coordination, and
confidential correspondence.","Executive Support, Calendar & Travel
Management, MS Office, Communication,
Discretion",SK207;SK081;SK008;SK015;SK020;SK251;SK235,Support implementation of quality management systems; Tourism Assistance; Database Management; Office Administration; Business Communication; Provide financial product information; Handle cash flow,"Board Secretariat
Experience, Notarial
Background, Fluent English",SK232,Hire human resources,high,mapped,unmapped_required_terms=Discretion; unmapped_nice_terms=Board Secretariat | Notarial | Background | Fluent English,Mid Level,"Makati City, Metro Manila",Hybrid,₱30000–₱50000/month,https://ph.jobstreet.com/executive-assistant-jobs/in-Makati-City-Metro-Manila,Kareerly_Job_DB,"executive assistant provide high-level administrative support to c-suite executives including complex scheduling, travel management, board meeting coordination, and confidential correspondence. executive support, calendar & travel management, ms office, communication, discretion board secretariat experience, notarial background, fluent english business, finance, and office administration finance, accounting, and bookkeeping office administration and clerical support human resources and business services management and organizational operations makati city, metro manila hybrid support implementation of quality management systems; tourism assistance; database management; office administration; business communication; provide financial product information; handle cash flow; hire human resources"
JOB-026,K02,"Business, Finance, and Office Administration","Finance, Accounting, and Bookkeeping
Office Administration and Clerical Support
Human Resources and Business Services
Management and Organizational Operations",Compliance Officer,"Monitor and enforce adherence to regulatory
requirements (SEC, BSP, PSE). Develop
compliance programs, conduct training, and prepare
regulatory reports.","Regulatory Compliance, Risk
Management, Report Writing, SEC/BSP
Regulations, Auditing",SK112;SK008;SK034;SK012;SK254;SK234;SK046,Regulatory Compliance; Database Management; Content Writing; Bookkeeping; Manage financial and material resources; Develop organisational policies; Classroom Management,"JD/Law Background, CAMS
Certification, AML
Knowledge",SK025,Product Knowledge,high,mapped,unmapped_required_terms=Risk | SEC | BSP | Auditing; unmapped_nice_terms=JD | Law Background | CAMS | Certification | AML,Senior,"Ortigas, Pasig City",Remote,₱80000+/month,https://www.linkedin.com/jobs/compliance-officer-jobs-pasig-city-metro-manila,Kareerly_Job_DB,"compliance officer monitor and enforce adherence to regulatory requirements (sec, bsp, pse). develop compliance programs, conduct training, and prepare regulatory reports. regulatory compliance, risk management, report writing, sec/bsp regulations, auditing jd/law background, cams certification, aml knowledge business, finance, and office administration finance, accounting, and bookkeeping office administration and clerical support human resources and business services management and organizational operations ortigas, pasig city remote regulatory compliance; database management; content writing; bookkeeping; manage financial and material resources; develop organisational policies; classroom management; product knowledge"
JOB-027,K02,"Business, Finance, and Office Administration","Finance, Accounting, and Bookkeeping
Office Administration and Clerical Support
Human Resources and Business Services
Management and Organizational Operations",Budget Analyst,"Assist in annual budget preparation, monitor
departmental spending against budgets, and
prepare variance analysis reports for senior
management.","Budget Preparation, Variance Analysis,
MS Excel, Financial Reporting, Cost
Analysis",SK005;SK013;SK246;SK017;SK235;SK008,Data Analysis; Financial Reporting; Prepare airport annual budget; Data Encoding; Handle cash flow; Database Management,"SAP BPC, Power BI, CPA
License",SK006;SK580,Data Visualization; Driver's license structure,high,mapped,unmapped_required_terms=Budget Preparation | Variance Analysis | Cost; unmapped_nice_terms=SAP BPC | CPA,Junior,"Quezon City, Metro Manila ",Hybrid,₱30000–₱50000/month,https://www.kalibrr.com/home/te/Budget-Analyst/l/Quezon-City,Kareerly_Job_DB,"budget analyst assist in annual budget preparation, monitor departmental spending against budgets, and prepare variance analysis reports for senior management. budget preparation, variance analysis, ms excel, financial reporting, cost analysis sap bpc, power bi, cpa license business, finance, and office administration finance, accounting, and bookkeeping office administration and clerical support human resources and business services management and organizational operations quezon city, metro manila hybrid data analysis; financial reporting; prepare airport annual budget; data encoding; handle cash flow; database management; data visualization; driver's license structure"
JOB-028,K02,"Business, Finance, and Office Administration","Finance, Accounting, and Bookkeeping
Office Administration and Clerical Support
Human Resources and Business Services
Management and Organizational Operations",Procurement Officer,"Source and evaluate suppliers, negotiate contracts,
and manage purchase orders to ensure timely
delivery of goods and services within budget.","Supplier Sourcing, Contract Negotiation,
Purchase Order Management, ERP, Cost
Reduction",SK032;SK246;SK012;SK013;SK014;SK015,Negotiation; Prepare airport annual budget; Bookkeeping; Financial Reporting; Payroll Processing; Office Administration,"CIPS Certification, SAP MM,
Supplier Relationship
Management",SK008,Database Management,high,mapped_with_category_fallback,unmapped_required_terms=Supplier Sourcing | Purchase Order Management | ERP | Cost | Reduction; unmapped_nice_terms=CIPS Certification | SAP MM | Supplier Relationship; category fallback skills added to ensure skill-gap computation,Mid Level,"Caloocan City, Metro Manila ",Remote,₱30000–₱50000/month,https://ph.jobstreet.com/procurement-officer-jobs/in-Caloocan-City-Metro-Manila,Kareerly_Job_DB,"procurement officer source and evaluate suppliers, negotiate contracts, and manage purchase orders to ensure timely delivery of goods and services within budget. supplier sourcing, contract negotiation, purchase order management, erp, cost reduction cips certification, sap mm, supplier relationship management business, finance, and office administration finance, accounting, and bookkeeping office administration and clerical support human resources and business services management and organizational operations caloocan city, metro manila remote negotiation; prepare airport annual budget; bookkeeping; financial reporting; payroll processing; office administration; database management"
JOB-029,K02,"Business, Finance, and Office Administration","Finance, Accounting, and Bookkeeping
Office Administration and Clerical Support
Human Resources and Business Services
Management and Organizational Operations",Risk Analyst,"Identify, assess, and monitor operational and
financial risks. Develop risk mitigation frameworks
and provide analysis to support enterprise risk
management","Risk Assessment, Data Analysis, Risk
Modeling, Report Writing, MS Excel",SK005;SK013;SK034;SK249;SK047;SK233;SK008,Data Analysis; Financial Reporting; Content Writing; Identify necessary human resources; Student Assessment; Prepare financial statements; Database Management,"FRM/PRM Certification,
Python/R, Credit Risk
Background",SK001,Python Programming,high,mapped,unmapped_required_terms=Risk Assessment | Risk; unmapped_nice_terms=FRM | PRM Certification | R | Credit Risk | Background,Mid Level,"Makati City, Metro Manila",Hybrid,"₱30,000–₱50,000/month",https://www.linkedin.com/jobs/risk-analyst-jobs-makati-city-metro-manila,Kareerly_Job_DB,"risk analyst identify, assess, and monitor operational and financial risks. develop risk mitigation frameworks and provide analysis to support enterprise risk management risk assessment, data analysis, risk modeling, report writing, ms excel frm/prm certification, python/r, credit risk background business, finance, and office administration finance, accounting, and bookkeeping office administration and clerical support human resources and business services management and organizational operations makati city, metro manila hybrid data analysis; financial reporting; content writing; identify necessary human resources; student assessment; prepare financial statements; database management; python programming"
JOB-030,K02,"Business, Finance, and Office Administration","Finance, Accounting, and Bookkeeping
Office Administration and Clerical Support
Human Resources and Business Services
Management and Organizational Operations",Corporate Secretary,"Maintain corporate books, prepare board
resolutions, handle SEC filings, and ensure
compliance with the Revised Corporation Code and
other statutory requirements.","Corporate Governance, SEC Filing, Board
Documentation, Philippine Corporation
Code, Legal Drafting",SK052;SK114;SK254;SK012;SK013;SK014,Case Documentation; Legal Documentation; Manage financial and material resources; Bookkeeping; Financial Reporting; Payroll Processing,"Bar Passers Preferred,
Notary Public, AMLA
Compliance",SK112,Regulatory Compliance,high,mapped_with_category_fallback,unmapped_required_terms=Corporate Governance | SEC Filing | Board | Philippine Corporation | Code; unmapped_nice_terms=Bar Passers Preferred | Notary Public | AMLA; category fallback skills added to ensure skill-gap computation,Mid Level,"Makati City, Metro Manila",Remote,₱50000–₱80000/month,https://www.kalibrr.com/home/te/Corporate-Secretary/l/Makati,Kareerly_Job_DB,"corporate secretary maintain corporate books, prepare board resolutions, handle sec filings, and ensure compliance with the revised corporation code and other statutory requirements. corporate governance, sec filing, board documentation, philippine corporation code, legal drafting bar passers preferred, notary public, amla compliance business, finance, and office administration finance, accounting, and bookkeeping office administration and clerical support human resources and business services management and organizational operations makati city, metro manila remote case documentation; legal documentation; manage financial and material resources; bookkeeping; financial reporting; payroll processing; regulatory compliance"
JOB-031,K03,"Sales, Marketing, and Customer Relations","Sales and Retail
Marketing and Public Relations
Customer Service and Client Information
Purchasing, Brokerage, and Commercial Support","Digital Marketing
Specialist","Plan and execute campaigns across paid and
organic channels. Manage SEO/SEM, email
marketing, and social ads to drive traffic and
qualified leads.","Google Ads, Meta Ads Manager,
SEO/SEM, Email Marketing, Google
Analytics 4",SK026;SK264;SK005;SK004;SK263;SK023;SK051,Digital Marketing; Execute email marketing; Data Analysis; SQL; Plan digital marketing; Sales Techniques; Community Engagement,"HubSpot Certification,
Programmatic Ads, A/B
Testing",SK159,SAS language,high,mapped,unmapped_required_terms=Meta Ads Manager; unmapped_nice_terms=HubSpot Certification | Programmatic Ads | A | B,Mid Level,"Ortigas, Pasig City",Hybrid,₱30000–₱50000/month,https://www.linkedin.com/jobs/digital-marketing-specialist-jobs-pasig-city-metro-manila,Kareerly_Job_DB,"digital marketing specialist plan and execute campaigns across paid and organic channels. manage seo/sem, email marketing, and social ads to drive traffic and qualified leads. google ads, meta ads manager, seo/sem, email marketing, google analytics 4 hubspot certification, programmatic ads, a/b testing sales, marketing, and customer relations sales and retail marketing and public relations customer service and client information purchasing, brokerage, and commercial support ortigas, pasig city hybrid digital marketing; execute email marketing; data analysis; sql; plan digital marketing; sales techniques; community engagement; sas language"
JOB-032,K03,"Sales, Marketing, and Customer Relations","Sales and Retail
Marketing and Public Relations
Customer Service and Client Information
Purchasing, Brokerage, and Commercial Support",Sales Executive,"Acquire new corporate clients through prospecting
and presentations. Manage the full B2B sales cycle
from lead generation to contract close.","Prospecting, Sales Presentations, CRM
(Salesforce/HubSpot), Negotiation, Target
Achievement",SK023;SK276;SK032;SK044,Sales Techniques; Customer relationship management; Negotiation; Content Planning,"SaaS Sales, SPIN Selling,
Tagalog & English",SK023,Sales Techniques,medium,mapped,unmapped_required_terms=Prospecting | HubSpot) | Achievement; unmapped_nice_terms=SPIN Selling | Tagalog & English,Junior,"Davao City, Davao del Sur",Onsite,₱20000–₱30000/month,https://ph.jobstreet.com/sales-executive-jobs/in-Davao-City,Kareerly_Job_DB,"sales executive acquire new corporate clients through prospecting and presentations. manage the full b2b sales cycle from lead generation to contract close. prospecting, sales presentations, crm (salesforce/hubspot), negotiation, target achievement saas sales, spin selling, tagalog & english sales, marketing, and customer relations sales and retail marketing and public relations customer service and client information purchasing, brokerage, and commercial support davao city, davao del sur onsite sales techniques; customer relationship management; negotiation; content planning; sales techniques"
JOB-033,K03,"Sales, Marketing, and Customer Relations","Sales and Retail
Marketing and Public Relations
Customer Service and Client Information
Purchasing, Brokerage, and Commercial Support","Customer Success
Manager","Own post-sale relationships for key accounts,
driving adoption, renewals, and upsells. Serve as
primary advocate ensuring client satisfaction and
long-term retention","Account Management, Onboarding,
Customer Retention, Problem Solving,
CRM Tools",SK276;SK095;SK293;SK023;SK024;SK025,Customer relationship management; Delivery Coordination; Ensure client orientation; Sales Techniques; Retail Operations; Product Knowledge,"SaaS Background,
NPS/CSAT, Gainsight",,,high,mapped_with_category_fallback,unmapped_required_terms=Account Management | Onboarding | Problem Solving | CRM Tools; unmapped_nice_terms=SaaS Background | NPS | CSAT | Gainsight; category fallback skills added to ensure skill-gap computation,Mid Level,"BGC, Taguig City",Hybrid,₱50000–₱80000/month,https://www.linkedin.com/jobs/customer-success-manager-jobs-taguig-city-metro-manila,Kareerly_Job_DB,"customer success manager own post-sale relationships for key accounts, driving adoption, renewals, and upsells. serve as primary advocate ensuring client satisfaction and long-term retention account management, onboarding, customer retention, problem solving, crm tools saas background, nps/csat, gainsight sales, marketing, and customer relations sales and retail marketing and public relations customer service and client information purchasing, brokerage, and commercial support bgc, taguig city hybrid customer relationship management; delivery coordination; ensure client orientation; sales techniques; retail operations; product knowledge"
JOB-034,K03,"Sales, Marketing, and Customer Relations","Sales and Retail
Marketing and Public Relations
Customer Service and Client Information
Purchasing, Brokerage, and Commercial Support","Brand & Marketing
Manage","Lead brand strategy and go-to-market execution.
Collaborate with creative, sales, and product teams
to ensure consistent messaging across all
touchpoints.","Brand Strategy, Integrated Campaigns,
Budget Management, Market Research,
Team Leadership",SK040;SK028;SK120;SK023;SK034,Graphic Design; Market Research; Policy Support; Sales Techniques; Content Writing,"FMCG / Retail Background,
ATL & BTL, MBA",SK024,Retail Operations,high,mapped,unmapped_required_terms=Integrated Campaigns | Budget Management; unmapped_nice_terms=FMCG | ATL & BTL | MBA,Senior,"Mandaluyong City, Metro
Manila",Hybrid,₱50000–₱80000/month,https://www.kalibrr.com/home/te/Brand-Marketing-Manager/l/Mandaluyong,Kareerly_Job_DB,"brand & marketing manage lead brand strategy and go-to-market execution. collaborate with creative, sales, and product teams to ensure consistent messaging across all touchpoints. brand strategy, integrated campaigns, budget management, market research, team leadership fmcg / retail background, atl & btl, mba sales, marketing, and customer relations sales and retail marketing and public relations customer service and client information purchasing, brokerage, and commercial support mandaluyong city, metro manila hybrid graphic design; market research; policy support; sales techniques; content writing; retail operations"
JOB-035,K03,"Sales, Marketing, and Customer Relations","Sales and Retail
Marketing and Public Relations
Customer Service and Client Information
Purchasing, Brokerage, and Commercial Support","Customer Service
Representative","Handle inbound inquiries via phone, chat, and email
for a PH e-commerce brand. Resolve concerns,
process returns, and maintain high CSAT scores.
Communication, Customer Handling,
Zendesk/Freshdesk, Problem Resolution,","Communication, Customer Handling,
Zendesk / Freshdesk, Problem
Resolution, Typing",SK020;SK276;SK430;SK027;SK029;SK314;SK264;SK299,Business Communication; Customer relationship management; Undertake healthcare examination; Social Media Management; Customer Service; Handle complaints; Execute email marketing; Establish an ICT customer support process,"E-commerce Background,
Shopify, AI Chat Tools",,,high,mapped,unmapped_required_terms=Zendesk | Freshdesk | Typing; unmapped_nice_terms=E-commerce Background | Shopify | AI Chat Tools,Entry Level,"Iloilo City, Iloilo",Remote,₱20000–₱30000/month,https://ph.jobstreet.com/customer-service-representative-jobs/in-Iloilo-City,Kareerly_Job_DB,"customer service representative handle inbound inquiries via phone, chat, and email for a ph e-commerce brand. resolve concerns, process returns, and maintain high csat scores. communication, customer handling, zendesk/freshdesk, problem resolution, communication, customer handling, zendesk / freshdesk, problem resolution, typing e-commerce background, shopify, ai chat tools sales, marketing, and customer relations sales and retail marketing and public relations customer service and client information purchasing, brokerage, and commercial support iloilo city, iloilo remote business communication; customer relationship management; undertake healthcare examination; social media management; customer service; handle complaints; execute email marketing; establish an ict customer support process"
JOB-036,K03,"Sales, Marketing, and Customer Relations","Sales and Retail
Marketing and Public Relations
Customer Service and Client Information
Purchasing, Brokerage, and Commercial Support",Account Executive,"Manage a portfolio of mid-market clients, grow
revenue through upselling, and act as the first line of
contact for renewals and escalations.","Account Management, Upselling,
Relationship Building, CRM, Forecasting",SK276;SK013;SK296;SK273,Customer relationship management; Financial Reporting; Manage guest support services; Build a strategic marketing plan for destination management,"B2B Software Sales,
Salesforce, Consultative
Selling",SK023;SK276;SK053,Sales Techniques; Customer relationship management; Counselling Support,medium,mapped,unmapped_required_terms=Account Management | Upselling | Relationship Building; unmapped_nice_terms=Consultative,Mid Level,"Cebu City, Cebu",Hybrid,₱30000–₱50000/month,https://www.linkedin.com/jobs/account-executive-jobs-cebu-city,Kareerly_Job_DB,"account executive manage a portfolio of mid-market clients, grow revenue through upselling, and act as the first line of contact for renewals and escalations. account management, upselling, relationship building, crm, forecasting b2b software sales, salesforce, consultative selling sales, marketing, and customer relations sales and retail marketing and public relations customer service and client information purchasing, brokerage, and commercial support cebu city, cebu hybrid customer relationship management; financial reporting; manage guest support services; build a strategic marketing plan for destination management; sales techniques; customer relationship management; counselling support"
JOB-037,K03,"Sales, Marketing, and Customer Relations","Sales and Retail
Marketing and Public Relations
Customer Service and Client Information
Purchasing, Brokerage, and Commercial Support",SEO Specialist,"Drive organic traffic growth through on-page,
off-page, and technical SEO strategies. Conduct
keyword research, link-building campaigns, and
performance audits","On-page/Off-page SEO, Technical SEO,
Ahrefs / SEMrush, Keyword Research,
Google Search Console",SK047;SK272;SK262;SK030,Student Assessment; Perform market research in footwear; Plan social media marketing campaigns; Client Handling,"Content Marketing, Schema
Markup, WordPress",SK023;SK454;SK124,Sales Techniques; Blueprints; Web programming,medium,mapped,unmapped_required_terms=On-page | Off-page SEO | Technical SEO | Ahrefs | SEMrush | Keyword Research | Google Search Console; unmapped_nice_terms=WordPress,Mid Level,Remote (Philippines),Remote,₱20000–₱30000/month,https://www.kalibrr.com/home/te/SEO-Specialist,Kareerly_Job_DB,"seo specialist drive organic traffic growth through on-page, off-page, and technical seo strategies. conduct keyword research, link-building campaigns, and performance audits on-page/off-page seo, technical seo, ahrefs / semrush, keyword research, google search console content marketing, schema markup, wordpress sales, marketing, and customer relations sales and retail marketing and public relations customer service and client information purchasing, brokerage, and commercial support remote (philippines) remote student assessment; perform market research in footwear; plan social media marketing campaigns; client handling; sales techniques; blueprints; web programming"
JOB-038,K03,"Sales, Marketing, and Customer Relations","Sales and Retail
Marketing and Public Relations
Customer Service and Client Information
Purchasing, Brokerage, and Commercial Support","Email Marketing
Specialist","Design, write, and execute email campaigns and
automated sequences. Manage list segmentation,
A/B testing, and deliverability optimization.","Klaviyo / Mailchimp, Email Copywriting,
Segmentation, A/B Testing, HTML Email
Marketing Automation,",SK034;SK023;SK264;SK040;SK296,Content Writing; Sales Techniques; Execute email marketing; Graphic Design; Manage guest support services,"Marketing Automation,
HubSpot, E-commerce
Background",SK023,Sales Techniques,high,mapped,unmapped_required_terms=Klaviyo | Mailchimp | Segmentation | A | B Testing | HTML Email; unmapped_nice_terms=HubSpot | E-commerce | Background,Junior,"Quezon City, Metro Manila",Hybrid,₱20000–₱30000/month,https://www.linkedin.com/jobs/email-marketing-specialist-jobs-quezon-city-metro-manila,Kareerly_Job_DB,"email marketing specialist design, write, and execute email campaigns and automated sequences. manage list segmentation, a/b testing, and deliverability optimization. klaviyo / mailchimp, email copywriting, segmentation, a/b testing, html email marketing automation, marketing automation, hubspot, e-commerce background sales, marketing, and customer relations sales and retail marketing and public relations customer service and client information purchasing, brokerage, and commercial support quezon city, metro manila hybrid content writing; sales techniques; execute email marketing; graphic design; manage guest support services; sales techniques"
JOB-039,K03,"Sales, Marketing, and Customer Relations","Sales and Retail
Marketing and Public Relations
Customer Service and Client Information
Purchasing, Brokerage, and Commercial Support",Trade Marketing Officer,"Develop and execute in-store activations, trade
promotions, and channel strategies to drive sell-out
across organized and traditional trade channels.","Trade Marketing, Channel Management,
Promotions Planning, POSM
Coordination, Sales Analytics",SK023;SK019;SK004;SK067;SK302,Sales Techniques; Recruitment Coordination; SQL; Technical Drafting; Sales argumentation,"FMCG Background, Nielsen /
IRI Data, Shopper Marketing",SK023,Sales Techniques,high,mapped,unmapped_required_terms=Channel Management | Promotions Planning | POSM; unmapped_nice_terms=FMCG Background | Nielsen | IRI Data,Mid Level,"Pasig City, Metro Manila ",Onsite,₱30000–₱50000/month,https://ph.jobstreet.com/trade-marketing-jobs/in-Pasig-City-Metro-Manila,Kareerly_Job_DB,"trade marketing officer develop and execute in-store activations, trade promotions, and channel strategies to drive sell-out across organized and traditional trade channels. trade marketing, channel management, promotions planning, posm coordination, sales analytics fmcg background, nielsen / iri data, shopper marketing sales, marketing, and customer relations sales and retail marketing and public relations customer service and client information purchasing, brokerage, and commercial support pasig city, metro manila onsite sales techniques; recruitment coordination; sql; technical drafting; sales argumentation; sales techniques"
JOB-040,K03,"Sales, Marketing, and Customer Relations","Sales and Retail
Marketing and Public Relations
Customer Service and Client Information
Purchasing, Brokerage, and Commercial Support",Sales Manager,"Lead a team of 8-12 sales reps to achieve quarterly
revenue targets. Coach team performance, manage
key accounts, and align sales strategy with
business goals.","Sales Leadership, Team Coaching,
Forecasting, Key Account Management,
CRM",SK023;SK013;SK276;SK008;SK012,Sales Techniques; Financial Reporting; Customer relationship management; Database Management; Bookkeeping,"SaaS or FMCG Background,
P&L; Ownership, Sales Ops",SK023,Sales Techniques,high,mapped,unmapped_required_terms=Team Coaching | Key Account Management; unmapped_nice_terms=SaaS or FMCG Background | P&L | Ownership,Senior,"Makati City, Metro Manila",Hybrid,₱80000+/month,https://www.linkedin.com/jobs/sales-manager-jobs-makati-city-metro-manila,Kareerly_Job_DB,"sales manager lead a team of 8-12 sales reps to achieve quarterly revenue targets. coach team performance, manage key accounts, and align sales strategy with business goals. sales leadership, team coaching, forecasting, key account management, crm saas or fmcg background, p&l; ownership, sales ops sales, marketing, and customer relations sales and retail marketing and public relations customer service and client information purchasing, brokerage, and commercial support makati city, metro manila hybrid sales techniques; financial reporting; customer relationship management; database management; bookkeeping; sales techniques"
JOB-041,K03,"Sales, Marketing, and Customer Relations","Sales and Retail
Marketing and Public Relations
Customer Service and Client Information
Purchasing, Brokerage, and Commercial Support","Product Marketing
Manager","Define positioning, messaging, and go-to-market
strategy for new product launches. Partner with
product, sales, and design teams to drive adoption
and awareness.","Product Positioning, GTM Strategy,
Competitive Analysis, Content Creation,
Cross-functional Collaboration",SK034;SK023;SK265;SK024;SK040,Content Writing; Sales Techniques; Content marketing strategy; Retail Operations; Graphic Design,"B2B SaaS, UX Research,
SQL Basics",,,high,mapped,unmapped_required_terms=Product Positioning | GTM Strategy | Competitive Analysis | Cross-functional Collaboration; unmapped_nice_terms=B2B SaaS | UX Research | SQL Basics,Senior,"BGC, Taguig City",Hybrid,₱50000–₱80000/month,https://www.kalibrr.com/home/te/Product-Marketing-Manager/l/Taguig,Kareerly_Job_DB,"product marketing manager define positioning, messaging, and go-to-market strategy for new product launches. partner with product, sales, and design teams to drive adoption and awareness. product positioning, gtm strategy, competitive analysis, content creation, cross-functional collaboration b2b saas, ux research, sql basics sales, marketing, and customer relations sales and retail marketing and public relations customer service and client information purchasing, brokerage, and commercial support bgc, taguig city hybrid content writing; sales techniques; content marketing strategy; retail operations; graphic design"
JOB-042,K03,"Sales, Marketing, and Customer Relations","Sales and Retail
Marketing and Public Relations
Customer Service and Client Information
Purchasing, Brokerage, and Commercial Support",CRM Specialist,"Configure, manage, and optimize CRM platforms to
support sales and marketing workflows. Maintain
data quality, build reports, and train end-users.","Salesforce / HubSpot CRM, Data
Hygiene, Workflow Automation, Reporting
& Dashboards, Training",SK276;SK001;SK091;SK013;SK046;SK008;SK023;SK005;SK285,Customer relationship management; Python Programming; Workplace Safety; Financial Reporting; Classroom Management; Database Management; Sales Techniques; Data Analysis; Prepare market research reports,"Marketing Automation, SQL,
API Integration Basics",SK023;SK004,Sales Techniques; SQL,high,mapped,unmapped_required_terms=HubSpot CRM | Workflow Automation | & Dashboards; unmapped_nice_terms=API Integration Basics,Mid Level,"Mandaluyong City, Metro
Manila",Hybrid,₱30000–₱50000/month,https://www.linkedin.com/jobs/crm-specialist-jobs-mandaluyong-city-metro-manila,Kareerly_Job_DB,"crm specialist configure, manage, and optimize crm platforms to support sales and marketing workflows. maintain data quality, build reports, and train end-users. salesforce / hubspot crm, data hygiene, workflow automation, reporting & dashboards, training marketing automation, sql, api integration basics sales, marketing, and customer relations sales and retail marketing and public relations customer service and client information purchasing, brokerage, and commercial support mandaluyong city, metro manila hybrid customer relationship management; python programming; workplace safety; financial reporting; classroom management; database management; sales techniques; data analysis; prepare market research reports; sales techniques; sql"
JOB-043,K03,"Sales, Marketing, and Customer Relations","Sales and Retail
Marketing and Public Relations
Customer Service and Client Information
Purchasing, Brokerage, and Commercial Support","Market Research
Analyst","Design and execute consumer research studies,
analyze market trends, and synthesize insights to
inform product, pricing, and campaign strategies.","Quantitative & Qualitative Research,
SPSS / STATA, Survey Design, Data
Visualization, Report Writing",SK028;SK040;SK001;SK006;SK034;SK272,Market Research; Graphic Design; Python Programming; Data Visualization; Content Writing; Perform market research in footwear,"Nielsen / Kantar Background,
Focus Group Moderation,
Python / R",SK001,Python Programming,high,mapped,unmapped_required_terms=SPSS | STATA; unmapped_nice_terms=Nielsen | Kantar Background | Focus Group Moderation | R,Mid Level,"Ortigas, Pasig City",Hybrid,₱30000–₱50000/month,https://ph.jobstreet.com/market-research-analyst-jobs/in-Pasig-City-Metro-Manila,Kareerly_Job_DB,"market research analyst design and execute consumer research studies, analyze market trends, and synthesize insights to inform product, pricing, and campaign strategies. quantitative & qualitative research, spss / stata, survey design, data visualization, report writing nielsen / kantar background, focus group moderation, python / r sales, marketing, and customer relations sales and retail marketing and public relations customer service and client information purchasing, brokerage, and commercial support ortigas, pasig city hybrid market research; graphic design; python programming; data visualization; content writing; perform market research in footwear; python programming"
JOB-044,K03,"Sales, Marketing, and Customer Relations","Sales and Retail
Marketing and Public Relations
Customer Service and Client Information
Purchasing, Brokerage, and Commercial Support", E-commerce Specialist,"Manage product listings, inventory syncing, and
promotions across Lazada, Shopee, and the
brand's D2C site. Optimize conversion rates and
track performance metrics.","Shopee / Lazada Seller Center, Product
Listing Optimization, Inventory
Management, Promotions Planning,
Analytics",SK024;SK098;SK008;SK004;SK296;SK030;SK435,Retail Operations; Inventory Management; Database Management; SQL; Manage guest support services; Client Handling; Provide anti-cancer medical treatment,"Shopify, Meta Shopping Ads,
Logistics Operations",SK553,Supply chain management,high,mapped,unmapped_required_terms=Shopee | Lazada Seller Center | Listing Optimization | Promotions Planning; unmapped_nice_terms=Shopify | Meta Shopping Ads,Junior,"Pasig City, Metro Manila ",Hybrid,₱20000–₱30000/month,https://www.linkedin.com/jobs/e-commerce-specialist-jobs-pasig-city-metro-manila,Kareerly_Job_DB,"e-commerce specialist manage product listings, inventory syncing, and promotions across lazada, shopee, and the brand's d2c site. optimize conversion rates and track performance metrics. shopee / lazada seller center, product listing optimization, inventory management, promotions planning, analytics shopify, meta shopping ads, logistics operations sales, marketing, and customer relations sales and retail marketing and public relations customer service and client information purchasing, brokerage, and commercial support pasig city, metro manila hybrid retail operations; inventory management; database management; sql; manage guest support services; client handling; provide anti-cancer medical treatment; supply chain management"
JOB-045,K03,"Sales, Marketing, and Customer Relations","Sales and Retail
Marketing and Public Relations
Customer Service and Client Information
Purchasing, Brokerage, and Commercial Support","Influencer Marketing
Coordinator","Identify, onboard, and manage influencer
partnerships across TikTok, Instagram, and
YouTube. Track campaign deliverables, negotiate
rates, and measure ROI.","Influencer Sourcing, Campaign
Coordination, Contract Management,
Analytics, Communication",SK262;SK019;SK004;SK020;SK023;SK030;SK032;SK090,Plan social media marketing campaigns; Recruitment Coordination; SQL; Business Communication; Sales Techniques; Client Handling; Negotiation; Production Monitoring,"Affiliates / Affiliate Platforms,
Video Content Knowledge,
Network in PH Creator
Space",SK272;SK069,Perform market research in footwear; Engineering Measurement,high,mapped,unmapped_required_terms=Influencer Sourcing | Contract Management; unmapped_nice_terms=Affiliates | Affiliate Platforms | Video Content Knowledge,Junior,"Makati City, Metro Manila",Hybrid,₱20000–₱30000/month,https://www.kalibrr.com/home/te/Influencer-Marketing-Coordinator/l/Makati,Kareerly_Job_DB,"influencer marketing coordinator identify, onboard, and manage influencer partnerships across tiktok, instagram, and youtube. track campaign deliverables, negotiate rates, and measure roi. influencer sourcing, campaign coordination, contract management, analytics, communication affiliates / affiliate platforms, video content knowledge, network in ph creator space sales, marketing, and customer relations sales and retail marketing and public relations customer service and client information purchasing, brokerage, and commercial support makati city, metro manila hybrid plan social media marketing campaigns; recruitment coordination; sql; business communication; sales techniques; client handling; negotiation; production monitoring; perform market research in footwear; engineering measurement"
JOB-046,K04,"Creative, Media, and Communications","Writing, Journalism, and Language
Creative and Performing Arts
Design, Multimedia, and Cultural Work
Broadcasting and Content Support",Graphic Designer,"Create compelling visuals for digital and print
campaigns - social media assets, marketing
collaterals, and brand identity materials aligned with
guidelines.","Adobe Photoshop, Adobe Illustrator,
Canva, Layout & Typography, Brand
Identity Design",SK040;SK283;SK034;SK023;SK256,Graphic Design; Brand marketing techniques; Content Writing; Sales Techniques; International financial reporting standards,"After Effects, UI/UX Basics,
Photography",SK042;SK038,UI Design; Photography,high,mapped,unmapped_nice_terms=After Effects | UX Basics,Junior,"Cebu City, Cebu",Hybrid,₱20000–₱30000/month,https://www.linkedin.com/jobs/graphic-designer-jobs-cebu-city,Kareerly_Job_DB,"graphic designer create compelling visuals for digital and print campaigns - social media assets, marketing collaterals, and brand identity materials aligned with guidelines. adobe photoshop, adobe illustrator, canva, layout & typography, brand identity design after effects, ui/ux basics, photography creative, media, and communications writing, journalism, and language creative and performing arts design, multimedia, and cultural work broadcasting and content support cebu city, cebu hybrid graphic design; brand marketing techniques; content writing; sales techniques; international financial reporting standards; ui design; photography"
JOB-047,K04,"Creative, Media, and Communications","Writing, Journalism, and Language
Creative and Performing Arts
Design, Multimedia, and Cultural Work
Broadcasting and Content Support","Content Writer /
Copywriter","Produce SEO-optimized blog articles, web copy, ad
scripts, and social content. Adapt tone and voice to
multiple client brand guidelines.","SEO Writing, Copywriting, Research,
Content Strategy, Grammarly /
Hemingway",SK034;SK035;SK028;SK036;SK322;SK051,Content Writing; Copywriting; Market Research; Proofreading; Rewrite manuscripts; Community Engagement,"WordPress CMS, Surfer
SEO / Ahrefs, Script Writing",SK026;SK034,Digital Marketing; Content Writing,high,mapped,unmapped_required_terms=Content Strategy | Grammarly | Hemingway; unmapped_nice_terms=WordPress CMS | Surfer | Ahrefs,Entry Level,Remote (Philippines),Remote,₱20000–₱30000/month,https://www.kalibrr.com/home/te/Content-Writer,Kareerly_Job_DB,"content writer / copywriter produce seo-optimized blog articles, web copy, ad scripts, and social content. adapt tone and voice to multiple client brand guidelines. seo writing, copywriting, research, content strategy, grammarly / hemingway wordpress cms, surfer seo / ahrefs, script writing creative, media, and communications writing, journalism, and language creative and performing arts design, multimedia, and cultural work broadcasting and content support remote (philippines) remote content writing; copywriting; market research; proofreading; rewrite manuscripts; community engagement; digital marketing; content writing"
JOB-048,K04,"Creative, Media, and Communications","Writing, Journalism, and Language
Creative and Performing Arts
Design, Multimedia, and Cultural Work
Broadcasting and Content Support",Social Media Manager,"Manage brand presence across Facebook,
Instagram, TikTok, and LinkedIn. Plan content
calendars, engage communities, and report on
growth metrics.","Content Planning, Community
Management, Meta Business Suite,
TikTok for Business, Analytics",SK044;SK046;SK008;SK012;SK004;SK034;SK317,Content Planning; Classroom Management; Database Management; Bookkeeping; SQL; Content Writing; Accept feedback on artistic performance,"Paid Social Ads, CapCut /
Premiere, Influencer
Coordination",SK051;SK019,Community Engagement; Recruitment Coordination,high,mapped,unmapped_nice_terms=CapCut | Premiere | Influencer,Mid Level,"Makati City, Metro Manila",Hybrid,₱20000–₱30000/month,https://www.linkedin.com/jobs/social-media-manager-jobs-makati-city-metro-manila,Kareerly_Job_DB,"social media manager manage brand presence across facebook, instagram, tiktok, and linkedin. plan content calendars, engage communities, and report on growth metrics. content planning, community management, meta business suite, tiktok for business, analytics paid social ads, capcut / premiere, influencer coordination creative, media, and communications writing, journalism, and language creative and performing arts design, multimedia, and cultural work broadcasting and content support makati city, metro manila hybrid content planning; classroom management; database management; bookkeeping; sql; content writing; accept feedback on artistic performance; community engagement; recruitment coordination"
JOB-049,K04,"Creative, Media, and Communications","Writing, Journalism, and Language
Creative and Performing Arts
Design, Multimedia, and Cultural Work
Broadcasting and Content Support",Video Editor,"Edit short-form and long-form video for YouTube,
TikTok, and brand campaigns. Deliver
broadcast-quality work with motion graphics, color
grading, and audio design.","Adobe Premiere Pro, DaVinci Resolve,
After Effects, Color Grading, Audio Mixing",SK039;SK334;SK040;SK034;SK035;SK036,Video Editing; Design graphics; Graphic Design; Content Writing; Copywriting; Proofreading,"Blender 3D, Drone Footage,
YouTube SEO",,,high,mapped_with_category_fallback,unmapped_required_terms=Adobe Premiere Pro | DaVinci Resolve | After Effects | Color Grading | Audio Mixing; unmapped_nice_terms=Blender 3D | Drone Footage | YouTube SEO; category fallback skills added to ensure skill-gap computation,Mid Level,"Quezon City, Metro Manila ",Hybrid,₱30000–₱50000/month,https://ph.jobstreet.com/video-editor-jobs/in-Quezon-City-Metro-Manila,Kareerly_Job_DB,"video editor edit short-form and long-form video for youtube, tiktok, and brand campaigns. deliver broadcast-quality work with motion graphics, color grading, and audio design. adobe premiere pro, davinci resolve, after effects, color grading, audio mixing blender 3d, drone footage, youtube seo creative, media, and communications writing, journalism, and language creative and performing arts design, multimedia, and cultural work broadcasting and content support quezon city, metro manila hybrid video editing; design graphics; graphic design; content writing; copywriting; proofreading"
JOB-050,K04,"Creative, Media, and Communications","Writing, Journalism, and Language
Creative and Performing Arts
Design, Multimedia, and Cultural Work
Broadcasting and Content Support","PR & Communications
Specialist","Execute public relations strategies, manage media
relations, and craft press materials. Support crisis
communications and build brand reputation.","Media Relations, Press Release Writing,
Crisis Comms, Stakeholder Engagement,
Brand Messaging",SK034;SK313;SK023;SK020,Content Writing; Public relations; Sales Techniques; Business Communication,"Cision / Meltwater, Influencer
PR, Events Management",SK281;SK313,Marketing management; Public relations,medium,mapped,unmapped_required_terms=Crisis Comms | Stakeholder Engagement | Brand Messaging; unmapped_nice_terms=Meltwater | Influencer | Events Management,Mid Level,"Alabang, Muntinlupa City ",Hybrid,₱20000–₱30000/month,https://ph.jobstreet.com/video-editor-jobs/in-Quezon-City-Metro-Manila,Kareerly_Job_DB,"pr & communications specialist execute public relations strategies, manage media relations, and craft press materials. support crisis communications and build brand reputation. media relations, press release writing, crisis comms, stakeholder engagement, brand messaging cision / meltwater, influencer pr, events management creative, media, and communications writing, journalism, and language creative and performing arts design, multimedia, and cultural work broadcasting and content support alabang, muntinlupa city hybrid content writing; public relations; sales techniques; business communication; marketing management; public relations"
JOB-051,K04,"Creative, Media, and Communications","Writing, Journalism, and Language
Creative and Performing Arts
Design, Multimedia, and Cultural Work
Broadcasting and Content Support",UI/UX Designer,"Design intuitive user interfaces and seamless digital
experiences. Conduct user research, build
wireframes, prototypes, and collaborate with
developers to ship polished products.","Figma, User Research, Wireframing &
Prototyping, Usability Testing, Design
Systems",SK042;SK040;SK001;SK047;SK003;SK345,UI Design; Graphic Design; Python Programming; Student Assessment; Web Development; Teach design and applied arts principles,"Framer / Webflow,
HTML/CSS Basics,
Mobile-first Design",SK003;SK040,Web Development; Graphic Design,high,mapped,unmapped_required_terms=User Research | Wireframing & | Prototyping | Usability Testing; unmapped_nice_terms=Framer | Webflow | CSS Basics,Mid Level,"BGC, Taguig City",Hybrid,₱50000–₱80000/month,https://www.linkedin.com/jobs/pr-and-communications-specialist-jobs-muntinlupa-metro-manila,Kareerly_Job_DB,"ui/ux designer design intuitive user interfaces and seamless digital experiences. conduct user research, build wireframes, prototypes, and collaborate with developers to ship polished products. figma, user research, wireframing & prototyping, usability testing, design systems framer / webflow, html/css basics, mobile-first design creative, media, and communications writing, journalism, and language creative and performing arts design, multimedia, and cultural work broadcasting and content support bgc, taguig city hybrid ui design; graphic design; python programming; student assessment; web development; teach design and applied arts principles; web development; graphic design"
JOB-052,K04,"Creative, Media, and Communications","Writing, Journalism, and Language
Creative and Performing Arts
Design, Multimedia, and Cultural Work
Broadcasting and Content Support",Photographer,"Capture high-quality product, event, and lifestyle
photos for marketing campaigns. Handle
post-processing and maintain organized asset
libraries.","Studio & On-location Photography, Adobe
Lightroom, Photoshop Retouching,
Lighting, Art Direction",SK038;SK325;SK040;SK497;SK081;SK345;SK023;SK054,Photography; Graphics editor software; Graphic Design; Maintain lighting equipment; Tourism Assistance; Teach design and applied arts principles; Sales Techniques; Records Organization,"Drone Photography, Video
Production, Food/Fashion
Photography",SK038;SK039;SK024;SK078;SK467,Photography; Video Editing; Retail Operations; Front Desk Support; Make technical drawings of fashion pieces,high,mapped,unmapped_required_terms=Lightroom | Art Direction,Junior,"Pasig City, Metro Manila ",Onsite,₱50000–₱80000/month,https://www.kalibrr.com/home/te/UI-UX-Designer/l/Taguig,Kareerly_Job_DB,"photographer capture high-quality product, event, and lifestyle photos for marketing campaigns. handle post-processing and maintain organized asset libraries. studio & on-location photography, adobe lightroom, photoshop retouching, lighting, art direction drone photography, video production, food/fashion photography creative, media, and communications writing, journalism, and language creative and performing arts design, multimedia, and cultural work broadcasting and content support pasig city, metro manila onsite photography; graphics editor software; graphic design; maintain lighting equipment; tourism assistance; teach design and applied arts principles; sales techniques; records organization; photography; video editing; retail operations; front desk support; make technical drawings of fashion pieces"
JOB-053,K04,"Creative, Media, and Communications","Writing, Journalism, and Language
Creative and Performing Arts
Design, Multimedia, and Cultural Work
Broadcasting and Content Support",Motion Graphics Artist,"Create 2D/3D animations and motion graphics for
social media, explainer videos, and broadcast
campaigns. Work closely with creative directors to
bring concepts to life.","Adobe After Effects, Cinema 4D / Blender,
Motion Design, Storyboarding,
Compositing",SK040;SK321;SK027;SK337;SK034;SK348,Graphic Design; Develop animations; Social Media Management; Set up broadcast equipment; Content Writing; Adapt designers’ work to the performance venue,"3D Rendering, Character
Animation, Premiere Pro",SK431;SK321,Psychological healthcare services; Develop animations,high,mapped,unmapped_required_terms=Adobe After Effects | Cinema 4D | Blender | Storyboarding | Compositing; unmapped_nice_terms=3D Rendering | Premiere Pro,Mid Level,"Quezon City, Metro Manila",Hybrid,₱20000–₱30000/month,https://www.linkedin.com/jobs/photographer-jobs-pasig-city-metro-manila,Kareerly_Job_DB,"motion graphics artist create 2d/3d animations and motion graphics for social media, explainer videos, and broadcast campaigns. work closely with creative directors to bring concepts to life. adobe after effects, cinema 4d / blender, motion design, storyboarding, compositing 3d rendering, character animation, premiere pro creative, media, and communications writing, journalism, and language creative and performing arts design, multimedia, and cultural work broadcasting and content support quezon city, metro manila hybrid graphic design; develop animations; social media management; set up broadcast equipment; content writing; adapt designers’ work to the performance venue; psychological healthcare services; develop animations"
JOB-054,K04,"Creative, Media, and Communications","Writing, Journalism, and Language
Creative and Performing Arts
Design, Multimedia, and Cultural Work
Broadcasting and Content Support",Creative Director,"Lead the creative vision for brand campaigns, digital
content, and marketing materials. Mentor designers
and writers while collaborating with clients and
stakeholders.","Creative Leadership, Art Direction, Brand
Strategy, Campaign Ideation, Team
Management",SK034;SK283;SK149;SK008;SK125;SK016;SK023,Content Writing; Brand marketing techniques; Information security strategy; Database Management; Cyber attack counter-measures; Document Management; Sales Techniques,"Advertising Agency
Background, Pitching &
Presentation, Budget
Management",SK308;SK006;SK242;SK008,Liaise with advertising agencies; Data Visualization; Control financial resources; Database Management,high,mapped,unmapped_required_terms=Art Direction | Campaign Ideation | Team; unmapped_nice_terms=Background | Pitching &,Senior,"Makati City, Metro Manila",Hybrid,₱30000–₱50000/month,https://ph.jobstreet.com/motion-graphics-artist-jobs/in-Quezon-City-Metro-Manila,Kareerly_Job_DB,"creative director lead the creative vision for brand campaigns, digital content, and marketing materials. mentor designers and writers while collaborating with clients and stakeholders. creative leadership, art direction, brand strategy, campaign ideation, team management advertising agency background, pitching & presentation, budget management creative, media, and communications writing, journalism, and language creative and performing arts design, multimedia, and cultural work broadcasting and content support makati city, metro manila hybrid content writing; brand marketing techniques; information security strategy; database management; cyber attack counter-measures; document management; sales techniques; liaise with advertising agencies; data visualization; control financial resources; database management"
JOB-055,K04,"Creative, Media, and Communications","Writing, Journalism, and Language
Creative and Performing Arts
Design, Multimedia, and Cultural Work
Broadcasting and Content Support",Podcast Producer,"Plan, record, edit, and publish podcast episodes.
Manage show scheduling, guest coordination, audio
post-production, and distribution across streaming
platforms.","Audio Editing (Audacity / Adobe Audition),
Show Planning, RSS Distribution, Guest
Coordination, Storytelling",SK043;SK030;SK019;SK034;SK039;SK325;SK098;SK268,Audio Editing; Client Handling; Recruitment Coordination; Content Writing; Video Editing; Graphics editor software; Inventory Management; Social media marketing techniques,"Spotify for Podcasters, Script
Writing, Video Podcast
Production",SK349;SK002;SK034;SK024,Write prescriptions for medication in dentistry; JavaScript Programming; Content Writing; Retail Operations,high,mapped,unmapped_required_terms=Adobe Audition) | Show Planning | RSS Distribution; unmapped_nice_terms=Video Podcast,Junior,Remote (Philippines),Remote,₱80000+/month,https://www.linkedin.com/jobs/creative-director-jobs-makati-city-metro-manila,Kareerly_Job_DB,"podcast producer plan, record, edit, and publish podcast episodes. manage show scheduling, guest coordination, audio post-production, and distribution across streaming platforms. audio editing (audacity / adobe audition), show planning, rss distribution, guest coordination, storytelling spotify for podcasters, script writing, video podcast production creative, media, and communications writing, journalism, and language creative and performing arts design, multimedia, and cultural work broadcasting and content support remote (philippines) remote audio editing; client handling; recruitment coordination; content writing; video editing; graphics editor software; inventory management; social media marketing techniques; write prescriptions for medication in dentistry; javascript programming; content writing; retail operations"
JOB-056,K04,"Creative, Media, and Communications","Writing, Journalism, and Language
Creative and Performing Arts
Design, Multimedia, and Cultural Work
Broadcasting and Content Support",Illustrator,"Create original digital illustrations for editorial,
brand, and product use. Collaborate with art
directors and marketing teams on concept
development and visual storytelling.","Adobe Illustrator, Procreate, Digital
Illustration, Visual Storytelling, Character
Design",SK040;SK125;SK034;SK431;SK283;SK023,Graphic Design; Cyber attack counter-measures; Content Writing; Psychological healthcare services; Brand marketing techniques; Sales Techniques,"Animation Basics, Print
Production Knowledge,
Comic / Sequential Art",SK073,Electrical Installation,high,mapped,unmapped_required_terms=Procreate | Illustration; unmapped_nice_terms=Animation Basics | Production Knowledge | Comic | Sequential Art,Junior,"Cebu City, Cebu",Remote,₱20000–₱30000/month,https://www.linkedin.com/jobs/illustrator-jobs-cebu-city,Kareerly_Job_DB,"illustrator create original digital illustrations for editorial, brand, and product use. collaborate with art directors and marketing teams on concept development and visual storytelling. adobe illustrator, procreate, digital illustration, visual storytelling, character design animation basics, print production knowledge, comic / sequential art creative, media, and communications writing, journalism, and language creative and performing arts design, multimedia, and cultural work broadcasting and content support cebu city, cebu remote graphic design; cyber attack counter-measures; content writing; psychological healthcare services; brand marketing techniques; sales techniques; electrical installation"
JOB-057,K04,"Creative, Media, and Communications","Writing, Journalism, and Language
Creative and Performing Arts
Design, Multimedia, and Cultural Work
Broadcasting and Content Support",Web Designer,"Design and build visually engaging, responsive
websites using modern tools. Collaborate with
developers and marketers to ensure a seamless
user experience and on-brand presentation.","Figma, HTML/CSS, Webflow /
WordPress, Responsive Design, Visual
Design",SK042;SK003;SK006;SK040,UI Design; Web Development; Data Visualization; Graphic Design,"JavaScript Basics, Shopify,
CRO Principles",SK002,JavaScript Programming,medium,mapped,unmapped_required_terms=Webflow | WordPress; unmapped_nice_terms=Shopify | CRO Principles,Mid Level,"Pasig City, Metro Manila",Hybrid,₱20000–₱30000/month,https://ph.jobstreet.com/web-designer-jobs/in-Pasig-City-Metro-Manila,Kareerly_Job_DB,"web designer design and build visually engaging, responsive websites using modern tools. collaborate with developers and marketers to ensure a seamless user experience and on-brand presentation. figma, html/css, webflow / wordpress, responsive design, visual design javascript basics, shopify, cro principles creative, media, and communications writing, journalism, and language creative and performing arts design, multimedia, and cultural work broadcasting and content support pasig city, metro manila hybrid ui design; web development; data visualization; graphic design; javascript programming"
JOB-058,K04,"Creative, Media, and Communications","Writing, Journalism, and Language
Creative and Performing Arts
Design, Multimedia, and Cultural Work
Broadcasting and Content Support",Scriptwriter,"Write scripts for corporate videos, TVC/OVC ads,
social content, and branded entertainment. Develop
compelling narratives aligned with brand voice and
audience insights.","Scriptwriting, Storytelling, Creative
Concepting, Research, Dialogue Writing",SK034;SK037;SK028;SK323;SK051;SK321,Content Writing; Creative Concept Development; Market Research; Write job descriptions; Community Engagement; Develop animations,"Film / TV Production
Background, Voiceover
Direction, Comedy Writing",SK257;SK034,Coordinate activities in audio recording studio; Content Writing,high,mapped,unmapped_nice_terms=Film | TV Production | Background | Voiceover,Junior,"Mandaluyong City, Metro
Manila",Hybrid,₱30000–₱50000/month,https://www.linkedin.com/jobs/scriptwriter-jobs-mandaluyong-city-metro-manila,Kareerly_Job_DB,"scriptwriter write scripts for corporate videos, tvc/ovc ads, social content, and branded entertainment. develop compelling narratives aligned with brand voice and audience insights. scriptwriting, storytelling, creative concepting, research, dialogue writing film / tv production background, voiceover direction, comedy writing creative, media, and communications writing, journalism, and language creative and performing arts design, multimedia, and cultural work broadcasting and content support mandaluyong city, metro manila hybrid content writing; creative concept development; market research; write job descriptions; community engagement; develop animations; coordinate activities in audio recording studio; content writing"
JOB-059,K04,"Creative, Media, and Communications","Writing, Journalism, and Language
Creative and Performing Arts
Design, Multimedia, and Cultural Work
Broadcasting and Content Support",Brand Designer,"Develop and evolve brand identities including logos,
visual systems, and guidelines. Ensure brand
consistency across all touchpoints from digital to
physical collaterals.","Brand Identity Design, Adobe Illustrator,
Figma, Typography, Visual Systems",SK040;SK042;SK330;SK125,Graphic Design; UI Design; Translate requirements into visual design; Cyber attack counter-measures,"Packaging Design, Motion
Identity, Print Production",SK040;SK023,Graphic Design; Sales Techniques,medium,mapped,unmapped_required_terms=Visual Systems; unmapped_nice_terms=Print Production,Mid Level,"BGC, Taguig City",Hybrid,₱20000–₱30000/month,https://www.kalibrr.com/home/te/Brand-Designer/l/Taguig,Kareerly_Job_DB,"brand designer develop and evolve brand identities including logos, visual systems, and guidelines. ensure brand consistency across all touchpoints from digital to physical collaterals. brand identity design, adobe illustrator, figma, typography, visual systems packaging design, motion identity, print production creative, media, and communications writing, journalism, and language creative and performing arts design, multimedia, and cultural work broadcasting and content support bgc, taguig city hybrid graphic design; ui design; translate requirements into visual design; cyber attack counter-measures; graphic design; sales techniques"
JOB-060,K04,"Creative, Media, and Communications","Writing, Journalism, and Language
Creative and Performing Arts
Design, Multimedia, and Cultural Work
Broadcasting and Content Support",Media Buyer / Planner,"Plan and purchase media placements across digital,
OOH, print, and broadcast channels. Optimize
spend, negotiate rates, and report campaign
performance against targets.","Media Planning, Digital Buying
(Google/Meta), OOH Coordination,
Budget Management, Analytics",SK278;SK125;SK005;SK004;SK034;SK073;SK345;SK332,Media planning; Cyber attack counter-measures; Data Analysis; SQL; Content Writing; Electrical Installation; Teach design and applied arts principles; Identify requirements of the work in the artistic performance,"Programmatic Buying
(DV360/TTD), Nielsen
Media, Agency Experience",SK034,Content Writing,high,mapped,unmapped_required_terms=Meta) | OOH Coordination | Budget Management; unmapped_nice_terms=Programmatic Buying | (DV360 | TTD) | Nielsen | Agency Experience,Mid Level,"Makati City, Metro Manila ",Hybrid,₱30000–₱50000/month,https://www.linkedin.com/jobs/media-buyer-planner-jobs-makati-city-metro-manila,Kareerly_Job_DB,"media buyer / planner plan and purchase media placements across digital, ooh, print, and broadcast channels. optimize spend, negotiate rates, and report campaign performance against targets. media planning, digital buying (google/meta), ooh coordination, budget management, analytics programmatic buying (dv360/ttd), nielsen media, agency experience creative, media, and communications writing, journalism, and language creative and performing arts design, multimedia, and cultural work broadcasting and content support makati city, metro manila hybrid media planning; cyber attack counter-measures; data analysis; sql; content writing; electrical installation; teach design and applied arts principles; identify requirements of the work in the artistic performance; content writing"
JOB-061,K02,"Business, Finance, and Office Administration",Human Resources and Business Services,Human Resources Assistant,"The Human Resources Assistant supports work under Business, Finance, and Office Administration, specifically in Human Resources and Business Services. The role is included as a Kareerly reference coverage seed so the matching engine can recognize resumes and jobs involving these competencies. Key duties include applying Human Resource Support in daily tasks, documenting work outputs, coordinating with team members, and following workplace standards relevant to the role. Required competency details: Human Resource Support: Ability to assist with recruitment, records, and HR coordination.",Human Resource Support,SK018,Human Resource Support,"Recruitment Coordination, Business Communication, Bookkeeping",SK019;SK020;SK012,Recruitment Coordination; Business Communication; Bookkeeping,high,mapped,Added to ensure full coverage of current skills_reference.csv skill IDs.,Entry Level,Philippines,Onsite,"₱18,000-₱30,000",,Kareerly_Skill_Coverage_Seed,"Human Resources Assistant. Business, Finance, and Office Administration. Human Resources and Business Services. Required skills: Human Resource Support. Nice to have skills: Recruitment Coordination, Business Communication, Bookkeeping. The Human Resources Assistant supports work under Business, Finance, and Office Administration, specifically in Human Resources and Business Services. The role is included as a Kareerly reference coverage seed so the matching engine can recognize resumes and jobs involving these competencies. Key duties include applying Human Resource Support in daily tasks, documenting work outputs, coordinating with team members, and following workplace standards relevant to the role. Required competency details: Human Resource Support: Ability to assist with recruitment, records, and HR coordination."
JOB-062,K03,"Sales, Marketing, and Customer Relations","Purchasing, Brokerage, and Commercial Support",Purchasing Support Associate,"The Purchasing Support Associate supports work under Sales, Marketing, and Customer Relations, specifically in Purchasing, Brokerage, and Commercial Support. The role is included as a Kareerly reference coverage seed so the matching engine can recognize resumes and jobs involving these competencies. Key duties include applying Purchasing Support in daily tasks, documenting work outputs, coordinating with team members, and following workplace standards relevant to the role. Required competency details: Purchasing Support: Ability to assist with supplier coordination and purchase documentation.",Purchasing Support,SK033,Purchasing Support,"Negotiation, Sales Techniques, Retail Operations",SK032;SK023;SK024,Negotiation; Sales Techniques; Retail Operations,high,mapped,Added to ensure full coverage of current skills_reference.csv skill IDs.,Entry Level,Philippines,Onsite,"₱18,000-₱30,000",,Kareerly_Skill_Coverage_Seed,"Purchasing Support Associate. Sales, Marketing, and Customer Relations. Purchasing, Brokerage, and Commercial Support. Required skills: Purchasing Support. Nice to have skills: Negotiation, Sales Techniques, Retail Operations. The Purchasing Support Associate supports work under Sales, Marketing, and Customer Relations, specifically in Purchasing, Brokerage, and Commercial Support. The role is included as a Kareerly reference coverage seed so the matching engine can recognize resumes and jobs involving these competencies. Key duties include applying Purchasing Support in daily tasks, documenting work outputs, coordinating with team members, and following workplace standards relevant to the role. Required competency details: Purchasing Support: Ability to assist with supplier coordination and purchase documentation."
JOB-063,K04,"Creative, Media, and Communications","Design, Multimedia, and Cultural Work",Multimedia Design Assistant,"The Multimedia Design Assistant supports work under Creative, Media, and Communications, specifically in Design, Multimedia, and Cultural Work. The role is included as a Kareerly reference coverage seed so the matching engine can recognize resumes and jobs involving these competencies. Key duties include applying Multimedia Design in daily tasks, documenting work outputs, coordinating with team members, and following workplace standards relevant to the role. Required competency details: Multimedia Design: Ability to combine graphics, audio, animation, and video for digital content.",Multimedia Design,SK041,Multimedia Design,"Graphic Design, UI Design, Content Writing",SK040;SK042;SK034,Graphic Design; UI Design; Content Writing,high,mapped,Added to ensure full coverage of current skills_reference.csv skill IDs.,Entry Level,Philippines,Onsite,"₱18,000-₱30,000",,Kareerly_Skill_Coverage_Seed,"Multimedia Design Assistant. Creative, Media, and Communications. Design, Multimedia, and Cultural Work. Required skills: Multimedia Design. Nice to have skills: Graphic Design, UI Design, Content Writing. The Multimedia Design Assistant supports work under Creative, Media, and Communications, specifically in Design, Multimedia, and Cultural Work. The role is included as a Kareerly reference coverage seed so the matching engine can recognize resumes and jobs involving these competencies. Key duties include applying Multimedia Design in daily tasks, documenting work outputs, coordinating with team members, and following workplace standards relevant to the role. Required competency details: Multimedia Design: Ability to combine graphics, audio, animation, and video for digital content."
JOB-064,K05,"Education, Training, and Community Services","Libraries, Archives, and Curatorial Work",Library Support Assistant,"The Library Support Assistant supports work under Education, Training, and Community Services, specifically in Libraries, Archives, and Curatorial Work. The role is included as a Kareerly reference coverage seed so the matching engine can recognize resumes and jobs involving these competencies. Key duties include applying Library Assistance in daily tasks, documenting work outputs, coordinating with team members, and following workplace standards relevant to the role. Required competency details: Library Assistance: Ability to assist users in finding and borrowing information resources.",Library Assistance,SK055,Library Assistance,"Records Organization, Lesson Planning, Classroom Management",SK054;SK045;SK046,Records Organization; Lesson Planning; Classroom Management,high,mapped,Added to ensure full coverage of current skills_reference.csv skill IDs.,Entry Level,Philippines,Onsite,"₱18,000-₱30,000",,Kareerly_Skill_Coverage_Seed,"Library Support Assistant. Education, Training, and Community Services. Libraries, Archives, and Curatorial Work. Required skills: Library Assistance. Nice to have skills: Records Organization, Lesson Planning, Classroom Management. The Library Support Assistant supports work under Education, Training, and Community Services, specifically in Libraries, Archives, and Curatorial Work. The role is included as a Kareerly reference coverage seed so the matching engine can recognize resumes and jobs involving these competencies. Key duties include applying Library Assistance in daily tasks, documenting work outputs, coordinating with team members, and following workplace standards relevant to the role. Required competency details: Library Assistance: Ability to assist users in finding and borrowing information resources."
JOB-065,K05,"Education, Training, and Community Services",Teaching and Academic Support,Teaching Assistant,"The Teaching Assistant supports work under Education, Training, and Community Services, specifically in Teaching and Academic Support. The role is included as a Kareerly reference coverage seed so the matching engine can recognize resumes and jobs involving these competencies. Key duties include applying Lesson Planning in daily tasks, documenting work outputs, coordinating with team members, and following workplace standards relevant to the role. Required competency details: Lesson Planning: Ability to prepare objectives, learning activities, and assessments for instruction.",Lesson Planning,SK045,Lesson Planning,"Classroom Management, Student Assessment, Training Facilitation",SK046;SK047;SK048,Classroom Management; Student Assessment; Training Facilitation,high,mapped,Added to ensure full coverage of current skills_reference.csv skill IDs.,Entry Level,Philippines,Onsite,"₱18,000-₱30,000",,Kareerly_Skill_Coverage_Seed,"Teaching Assistant. Education, Training, and Community Services. Teaching and Academic Support. Required skills: Lesson Planning. Nice to have skills: Classroom Management, Student Assessment, Training Facilitation. The Teaching Assistant supports work under Education, Training, and Community Services, specifically in Teaching and Academic Support. The role is included as a Kareerly reference coverage seed so the matching engine can recognize resumes and jobs involving these competencies. Key duties include applying Lesson Planning in daily tasks, documenting work outputs, coordinating with team members, and following workplace standards relevant to the role. Required competency details: Lesson Planning: Ability to prepare objectives, learning activities, and assessments for instruction."
JOB-066,K05,"Education, Training, and Community Services",Training and Instruction,Training and Instruction Coordinator,"The Training and Instruction Coordinator supports work under Education, Training, and Community Services, specifically in Training and Instruction. The role is included as a Kareerly reference coverage seed so the matching engine can recognize resumes and jobs involving these competencies. Key duties include applying Instructional Design, Learning Evaluation in daily tasks, documenting work outputs, coordinating with team members, and following workplace standards relevant to the role. Required competency details: Instructional Design: Ability to design structured learning materials and activities.; Learning Evaluation: Ability to assess training outcomes and learner progress.","Instructional Design, Learning Evaluation",SK049;SK050,Instructional Design; Learning Evaluation,"Training Facilitation, Lesson Planning, Classroom Management",SK048;SK045;SK046,Training Facilitation; Lesson Planning; Classroom Management,high,mapped,Added to ensure full coverage of current skills_reference.csv skill IDs.,Entry Level,Philippines,Onsite,"₱18,000-₱30,000",,Kareerly_Skill_Coverage_Seed,"Training and Instruction Coordinator. Education, Training, and Community Services. Training and Instruction. Required skills: Instructional Design, Learning Evaluation. Nice to have skills: Training Facilitation, Lesson Planning, Classroom Management. The Training and Instruction Coordinator supports work under Education, Training, and Community Services, specifically in Training and Instruction. The role is included as a Kareerly reference coverage seed so the matching engine can recognize resumes and jobs involving these competencies. Key duties include applying Instructional Design, Learning Evaluation in daily tasks, documenting work outputs, coordinating with team members, and following workplace standards relevant to the role. Required competency details: Instructional Design: Ability to design structured learning materials and activities.; Learning Evaluation: Ability to assess training outcomes and learner progress."
JOB-067,K06,"Healthcare, Caregiving, and Wellness","Fitness, Wellness, and Rehabilitation Support",Wellness Support Coach,"The Wellness Support Coach supports work under Healthcare, Caregiving, and Wellness, specifically in Fitness, Wellness, and Rehabilitation Support. The role is included as a Kareerly reference coverage seed so the matching engine can recognize resumes and jobs involving these competencies. Key duties include applying Fitness Coaching, Wellness Support in daily tasks, documenting work outputs, coordinating with team members, and following workplace standards relevant to the role. Required competency details: Fitness Coaching: Ability to guide basic exercise and wellness routines safely.; Wellness Support: Ability to support healthy lifestyle and client wellness activities.","Fitness Coaching, Wellness Support",SK065;SK066,Fitness Coaching; Wellness Support,"Patient Assessment Support, Medical Terminology, Clinical Documentation",SK056;SK057;SK058,Patient Assessment Support; Medical Terminology; Clinical Documentation,high,mapped,Added to ensure full coverage of current skills_reference.csv skill IDs.,Entry Level,Philippines,Onsite,"₱18,000-₱30,000",,Kareerly_Skill_Coverage_Seed,"Wellness Support Coach. Healthcare, Caregiving, and Wellness. Fitness, Wellness, and Rehabilitation Support. Required skills: Fitness Coaching, Wellness Support. Nice to have skills: Patient Assessment Support, Medical Terminology, Clinical Documentation. The Wellness Support Coach supports work under Healthcare, Caregiving, and Wellness, specifically in Fitness, Wellness, and Rehabilitation Support. The role is included as a Kareerly reference coverage seed so the matching engine can recognize resumes and jobs involving these competencies. Key duties include applying Fitness Coaching, Wellness Support in daily tasks, documenting work outputs, coordinating with team members, and following workplace standards relevant to the role. Required competency details: Fitness Coaching: Ability to guide basic exercise and wellness routines safely.; Wellness Support: Ability to support healthy lifestyle and client wellness activities."
JOB-068,K06,"Healthcare, Caregiving, and Wellness",Medical and Clinical Professionals,Clinic Support Associate,"The Clinic Support Associate supports work under Healthcare, Caregiving, and Wellness, specifically in Medical and Clinical Professionals. The role is included as a Kareerly reference coverage seed so the matching engine can recognize resumes and jobs involving these competencies. Key duties include applying Patient Assessment Support, Medical Terminology, Clinical Documentation in daily tasks, documenting work outputs, coordinating with team members, and following workplace standards relevant to the role. Required competency details: Patient Assessment Support: Ability to assist in gathering basic patient information and observations.; Medical Terminology: Ability to understand common healthcare terms and documentation language.; Clinical Documentation: Ability to maintain accurate patient and clinical records.","Patient Assessment Support, Medical Terminology, Clinical Documentation",SK056;SK057;SK058,Patient Assessment Support; Medical Terminology; Clinical Documentation,"Caregiving, Elderly Care, Basic Life Support",SK059;SK060;SK061,Caregiving; Elderly Care; Basic Life Support,high,mapped,Added to ensure full coverage of current skills_reference.csv skill IDs.,Entry Level,Philippines,Onsite,"₱18,000-₱30,000",,Kareerly_Skill_Coverage_Seed,"Clinic Support Associate. Healthcare, Caregiving, and Wellness. Medical and Clinical Professionals. Required skills: Patient Assessment Support, Medical Terminology, Clinical Documentation. Nice to have skills: Caregiving, Elderly Care, Basic Life Support. The Clinic Support Associate supports work under Healthcare, Caregiving, and Wellness, specifically in Medical and Clinical Professionals. The role is included as a Kareerly reference coverage seed so the matching engine can recognize resumes and jobs involving these competencies. Key duties include applying Patient Assessment Support, Medical Terminology, Clinical Documentation in daily tasks, documenting work outputs, coordinating with team members, and following workplace standards relevant to the role. Required competency details: Patient Assessment Support: Ability to assist in gathering basic patient information and observations.; Medical Terminology: Ability to understand common healthcare terms and documentation language.; Clinical Documentation: Ability to maintain accurate patient and clinical records."
JOB-069,K06,"Healthcare, Caregiving, and Wellness","Nursing, Midwifery, and Caregiving",Caregiving Assistant,"The Caregiving Assistant supports work under Healthcare, Caregiving, and Wellness, specifically in Nursing, Midwifery, and Caregiving. The role is included as a Kareerly reference coverage seed so the matching engine can recognize resumes and jobs involving these competencies. Key duties include applying Caregiving, Elderly Care, Basic Life Support in daily tasks, documenting work outputs, coordinating with team members, and following workplace standards relevant to the role. Required competency details: Caregiving: Ability to support basic care, daily living assistance, and client welfare.; Elderly Care: Ability to assist older adults with daily needs and basic safety.; Basic Life Support: Ability to provide basic emergency response following approved procedures.","Caregiving, Elderly Care, Basic Life Support",SK059;SK060;SK061,Caregiving; Elderly Care; Basic Life Support,"Patient Assessment Support, Medical Terminology, Clinical Documentation",SK056;SK057;SK058,Patient Assessment Support; Medical Terminology; Clinical Documentation,high,mapped,Added to ensure full coverage of current skills_reference.csv skill IDs.,Entry Level,Philippines,Onsite,"₱18,000-₱30,000",,Kareerly_Skill_Coverage_Seed,"Caregiving Assistant. Healthcare, Caregiving, and Wellness. Nursing, Midwifery, and Caregiving. Required skills: Caregiving, Elderly Care, Basic Life Support. Nice to have skills: Patient Assessment Support, Medical Terminology, Clinical Documentation. The Caregiving Assistant supports work under Healthcare, Caregiving, and Wellness, specifically in Nursing, Midwifery, and Caregiving. The role is included as a Kareerly reference coverage seed so the matching engine can recognize resumes and jobs involving these competencies. Key duties include applying Caregiving, Elderly Care, Basic Life Support in daily tasks, documenting work outputs, coordinating with team members, and following workplace standards relevant to the role. Required competency details: Caregiving: Ability to support basic care, daily living assistance, and client welfare.; Elderly Care: Ability to assist older adults with daily needs and basic safety.; Basic Life Support: Ability to provide basic emergency response following approved procedures."
JOB-070,K06,"Healthcare, Caregiving, and Wellness","Pharmacy, Laboratory, and Health Support",Pharmacy and Laboratory Support Assistant,"The Pharmacy and Laboratory Support Assistant supports work under Healthcare, Caregiving, and Wellness, specifically in Pharmacy, Laboratory, and Health Support. The role is included as a Kareerly reference coverage seed so the matching engine can recognize resumes and jobs involving these competencies. Key duties include applying Laboratory Safety, Pharmacy Support in daily tasks, documenting work outputs, coordinating with team members, and following workplace standards relevant to the role. Required competency details: Laboratory Safety: Ability to follow safety procedures in basic laboratory or health support settings.; Pharmacy Support: Ability to assist with medicine inventory and customer support in pharmacy settings.","Laboratory Safety, Pharmacy Support",SK063;SK064,Laboratory Safety; Pharmacy Support,"Medication Assistance, Patient Assessment Support, Medical Terminology",SK062;SK056;SK057,Medication Assistance; Patient Assessment Support; Medical Terminology,high,mapped,Added to ensure full coverage of current skills_reference.csv skill IDs.,Entry Level,Philippines,Onsite,"₱18,000-₱30,000",,Kareerly_Skill_Coverage_Seed,"Pharmacy and Laboratory Support Assistant. Healthcare, Caregiving, and Wellness. Pharmacy, Laboratory, and Health Support. Required skills: Laboratory Safety, Pharmacy Support. Nice to have skills: Medication Assistance, Patient Assessment Support, Medical Terminology. The Pharmacy and Laboratory Support Assistant supports work under Healthcare, Caregiving, and Wellness, specifically in Pharmacy, Laboratory, and Health Support. The role is included as a Kareerly reference coverage seed so the matching engine can recognize resumes and jobs involving these competencies. Key duties include applying Laboratory Safety, Pharmacy Support in daily tasks, documenting work outputs, coordinating with team members, and following workplace standards relevant to the role. Required competency details: Laboratory Safety: Ability to follow safety procedures in basic laboratory or health support settings.; Pharmacy Support: Ability to assist with medicine inventory and customer support in pharmacy settings."
JOB-071,K07,"Engineering, Construction, and Skilled Trades",Construction and Building Trades,Construction Trades Assistant,"The Construction Trades Assistant supports work under Engineering, Construction, and Skilled Trades, specifically in Construction and Building Trades. The role is included as a Kareerly reference coverage seed so the matching engine can recognize resumes and jobs involving these competencies. Key duties include applying Construction Safety, Carpentry in daily tasks, documenting work outputs, coordinating with team members, and following workplace standards relevant to the role. Required competency details: Construction Safety: Ability to follow safe work practices on construction sites.; Carpentry: Ability to construct, install, or repair wooden structures and fixtures.","Construction Safety, Carpentry",SK070;SK072,Construction Safety; Carpentry,"Masonry, Technical Drafting, CAD Operation",SK071;SK067;SK068,Masonry; Technical Drafting; CAD Operation,high,mapped,Added to ensure full coverage of current skills_reference.csv skill IDs.,Entry Level,Philippines,Onsite,"₱18,000-₱30,000",,Kareerly_Skill_Coverage_Seed,"Construction Trades Assistant. Engineering, Construction, and Skilled Trades. Construction and Building Trades. Required skills: Construction Safety, Carpentry. Nice to have skills: Masonry, Technical Drafting, CAD Operation. The Construction Trades Assistant supports work under Engineering, Construction, and Skilled Trades, specifically in Construction and Building Trades. The role is included as a Kareerly reference coverage seed so the matching engine can recognize resumes and jobs involving these competencies. Key duties include applying Construction Safety, Carpentry in daily tasks, documenting work outputs, coordinating with team members, and following workplace standards relevant to the role. Required competency details: Construction Safety: Ability to follow safe work practices on construction sites.; Carpentry: Ability to construct, install, or repair wooden structures and fixtures."
JOB-072,K07,"Engineering, Construction, and Skilled Trades","Electrical, Electronics, and Mechanical Trades",Mechanical and Electronics Maintenance Assistant,"The Mechanical and Electronics Maintenance Assistant supports work under Engineering, Construction, and Skilled Trades, specifically in Electrical, Electronics, and Mechanical Trades. The role is included as a Kareerly reference coverage seed so the matching engine can recognize resumes and jobs involving these competencies. Key duties include applying Mechanical Maintenance, Electronics Repair in daily tasks, documenting work outputs, coordinating with team members, and following workplace standards relevant to the role. Required competency details: Mechanical Maintenance: Ability to inspect, maintain, and repair basic mechanical equipment.; Electronics Repair: Ability to diagnose and repair simple electronic devices or components.","Mechanical Maintenance, Electronics Repair",SK074;SK075,Mechanical Maintenance; Electronics Repair,"Electrical Installation, Technical Drafting, CAD Operation",SK073;SK067;SK068,Electrical Installation; Technical Drafting; CAD Operation,high,mapped,Added to ensure full coverage of current skills_reference.csv skill IDs.,Entry Level,Philippines,Onsite,"₱18,000-₱30,000",,Kareerly_Skill_Coverage_Seed,"Mechanical and Electronics Maintenance Assistant. Engineering, Construction, and Skilled Trades. Electrical, Electronics, and Mechanical Trades. Required skills: Mechanical Maintenance, Electronics Repair. Nice to have skills: Electrical Installation, Technical Drafting, CAD Operation. The Mechanical and Electronics Maintenance Assistant supports work under Engineering, Construction, and Skilled Trades, specifically in Electrical, Electronics, and Mechanical Trades. The role is included as a Kareerly reference coverage seed so the matching engine can recognize resumes and jobs involving these competencies. Key duties include applying Mechanical Maintenance, Electronics Repair in daily tasks, documenting work outputs, coordinating with team members, and following workplace standards relevant to the role. Required competency details: Mechanical Maintenance: Ability to inspect, maintain, and repair basic mechanical equipment.; Electronics Repair: Ability to diagnose and repair simple electronic devices or components."
JOB-073,K07,"Engineering, Construction, and Skilled Trades",Engineering and Architecture,CAD and Engineering Support Assistant,"The CAD and Engineering Support Assistant supports work under Engineering, Construction, and Skilled Trades, specifically in Engineering and Architecture. The role is included as a Kareerly reference coverage seed so the matching engine can recognize resumes and jobs involving these competencies. Key duties include applying CAD Operation in daily tasks, documenting work outputs, coordinating with team members, and following workplace standards relevant to the role. Required competency details: CAD Operation: Ability to create or modify computer-aided design drawings.",CAD Operation,SK068,CAD Operation,"Technical Drafting, Engineering Measurement, Construction Safety",SK067;SK069;SK070,Technical Drafting; Engineering Measurement; Construction Safety,high,mapped,Added to ensure full coverage of current skills_reference.csv skill IDs.,Entry Level,Philippines,Onsite,"₱18,000-₱30,000",,Kareerly_Skill_Coverage_Seed,"CAD and Engineering Support Assistant. Engineering, Construction, and Skilled Trades. Engineering and Architecture. Required skills: CAD Operation. Nice to have skills: Technical Drafting, Engineering Measurement, Construction Safety. The CAD and Engineering Support Assistant supports work under Engineering, Construction, and Skilled Trades, specifically in Engineering and Architecture. The role is included as a Kareerly reference coverage seed so the matching engine can recognize resumes and jobs involving these competencies. Key duties include applying CAD Operation in daily tasks, documenting work outputs, coordinating with team members, and following workplace standards relevant to the role. Required competency details: CAD Operation: Ability to create or modify computer-aided design drawings."
JOB-074,K07,"Engineering, Construction, and Skilled Trades","Technical Drafting, Surveying, and Control",Quality and Surveying Support Assistant,"The Quality and Surveying Support Assistant supports work under Engineering, Construction, and Skilled Trades, specifically in Technical Drafting, Surveying, and Control. The role is included as a Kareerly reference coverage seed so the matching engine can recognize resumes and jobs involving these competencies. Key duties include applying Quality Control, Surveying Support in daily tasks, documenting work outputs, coordinating with team members, and following workplace standards relevant to the role. Required competency details: Quality Control: Ability to inspect outputs against standards and report defects.; Surveying Support: Ability to assist in collecting measurements for land or construction surveys.","Quality Control, Surveying Support",SK076;SK077,Quality Control; Surveying Support,"Technical Drafting, CAD Operation, Engineering Measurement",SK067;SK068;SK069,Technical Drafting; CAD Operation; Engineering Measurement,high,mapped,Added to ensure full coverage of current skills_reference.csv skill IDs.,Entry Level,Philippines,Onsite,"₱18,000-₱30,000",,Kareerly_Skill_Coverage_Seed,"Quality and Surveying Support Assistant. Engineering, Construction, and Skilled Trades. Technical Drafting, Surveying, and Control. Required skills: Quality Control, Surveying Support. Nice to have skills: Technical Drafting, CAD Operation, Engineering Measurement. The Quality and Surveying Support Assistant supports work under Engineering, Construction, and Skilled Trades, specifically in Technical Drafting, Surveying, and Control. The role is included as a Kareerly reference coverage seed so the matching engine can recognize resumes and jobs involving these competencies. Key duties include applying Quality Control, Surveying Support in daily tasks, documenting work outputs, coordinating with team members, and following workplace standards relevant to the role. Required competency details: Quality Control: Ability to inspect outputs against standards and report defects.; Surveying Support: Ability to assist in collecting measurements for land or construction surveys."
JOB-075,K08,"Hospitality, Tourism, Food, and Personal Services",Food Service and Culinary Work,Food Service Crew,"The Food Service Crew supports work under Hospitality, Tourism, Food, and Personal Services, specifically in Food Service and Culinary Work. The role is included as a Kareerly reference coverage seed so the matching engine can recognize resumes and jobs involving these competencies. Key duties include applying Food Service, Food Preparation, Food Safety in daily tasks, documenting work outputs, coordinating with team members, and following workplace standards relevant to the role. Required competency details: Food Service: Ability to serve food and beverages and support safe dining operations.; Food Preparation: Ability to prepare basic ingredients and food items safely.; Food Safety: Ability to follow hygiene and safety standards in food handling.","Food Service, Food Preparation, Food Safety",SK084;SK085;SK086,Food Service; Food Preparation; Food Safety,"Front Desk Support, Housekeeping, Guest Relations",SK078;SK079;SK080,Front Desk Support; Housekeeping; Guest Relations,high,mapped,Added to ensure full coverage of current skills_reference.csv skill IDs.,Entry Level,Philippines,Onsite,"₱18,000-₱30,000",,Kareerly_Skill_Coverage_Seed,"Food Service Crew. Hospitality, Tourism, Food, and Personal Services. Food Service and Culinary Work. Required skills: Food Service, Food Preparation, Food Safety. Nice to have skills: Front Desk Support, Housekeeping, Guest Relations. The Food Service Crew supports work under Hospitality, Tourism, Food, and Personal Services, specifically in Food Service and Culinary Work. The role is included as a Kareerly reference coverage seed so the matching engine can recognize resumes and jobs involving these competencies. Key duties include applying Food Service, Food Preparation, Food Safety in daily tasks, documenting work outputs, coordinating with team members, and following workplace standards relevant to the role. Required competency details: Food Service: Ability to serve food and beverages and support safe dining operations.; Food Preparation: Ability to prepare basic ingredients and food items safely.; Food Safety: Ability to follow hygiene and safety standards in food handling."
JOB-076,K08,"Hospitality, Tourism, Food, and Personal Services",Hospitality and Accommodation,Hotel Housekeeping and Guest Relations Assistant,"The Hotel Housekeeping and Guest Relations Assistant supports work under Hospitality, Tourism, Food, and Personal Services, specifically in Hospitality and Accommodation. The role is included as a Kareerly reference coverage seed so the matching engine can recognize resumes and jobs involving these competencies. Key duties include applying Housekeeping, Guest Relations in daily tasks, documenting work outputs, coordinating with team members, and following workplace standards relevant to the role. Required competency details: Housekeeping: Ability to clean, organize, and maintain rooms or facilities.; Guest Relations: Ability to address guest needs and concerns professionally.","Housekeeping, Guest Relations",SK079;SK080,Housekeeping; Guest Relations,"Front Desk Support, Tourism Assistance, Event Coordination",SK078;SK081;SK082,Front Desk Support; Tourism Assistance; Event Coordination,high,mapped,Added to ensure full coverage of current skills_reference.csv skill IDs.,Entry Level,Philippines,Onsite,"₱18,000-₱30,000",,Kareerly_Skill_Coverage_Seed,"Hotel Housekeeping and Guest Relations Assistant. Hospitality, Tourism, Food, and Personal Services. Hospitality and Accommodation. Required skills: Housekeeping, Guest Relations. Nice to have skills: Front Desk Support, Tourism Assistance, Event Coordination. The Hotel Housekeeping and Guest Relations Assistant supports work under Hospitality, Tourism, Food, and Personal Services, specifically in Hospitality and Accommodation. The role is included as a Kareerly reference coverage seed so the matching engine can recognize resumes and jobs involving these competencies. Key duties include applying Housekeeping, Guest Relations in daily tasks, documenting work outputs, coordinating with team members, and following workplace standards relevant to the role. Required competency details: Housekeeping: Ability to clean, organize, and maintain rooms or facilities.; Guest Relations: Ability to address guest needs and concerns professionally."
JOB-077,K08,"Hospitality, Tourism, Food, and Personal Services",Personal Services and Housekeeping,Personal Services Assistant,"The Personal Services Assistant supports work under Hospitality, Tourism, Food, and Personal Services, specifically in Personal Services and Housekeeping. The role is included as a Kareerly reference coverage seed so the matching engine can recognize resumes and jobs involving these competencies. Key duties include applying Personal Grooming Services, Laundry Services in daily tasks, documenting work outputs, coordinating with team members, and following workplace standards relevant to the role. Required competency details: Personal Grooming Services: Ability to provide basic grooming or personal-care services.; Laundry Services: Ability to wash, dry, press, and organize laundry items.","Personal Grooming Services, Laundry Services",SK087;SK088,Personal Grooming Services; Laundry Services,"Front Desk Support, Housekeeping, Guest Relations",SK078;SK079;SK080,Front Desk Support; Housekeeping; Guest Relations,high,mapped,Added to ensure full coverage of current skills_reference.csv skill IDs.,Entry Level,Philippines,Onsite,"₱18,000-₱30,000",,Kareerly_Skill_Coverage_Seed,"Personal Services Assistant. Hospitality, Tourism, Food, and Personal Services. Personal Services and Housekeeping. Required skills: Personal Grooming Services, Laundry Services. Nice to have skills: Front Desk Support, Housekeeping, Guest Relations. The Personal Services Assistant supports work under Hospitality, Tourism, Food, and Personal Services, specifically in Personal Services and Housekeeping. The role is included as a Kareerly reference coverage seed so the matching engine can recognize resumes and jobs involving these competencies. Key duties include applying Personal Grooming Services, Laundry Services in daily tasks, documenting work outputs, coordinating with team members, and following workplace standards relevant to the role. Required competency details: Personal Grooming Services: Ability to provide basic grooming or personal-care services.; Laundry Services: Ability to wash, dry, press, and organize laundry items."
JOB-078,K08,"Hospitality, Tourism, Food, and Personal Services","Travel, Tourism, and Events",Events and Reservations Coordinator,"The Events and Reservations Coordinator supports work under Hospitality, Tourism, Food, and Personal Services, specifically in Travel, Tourism, and Events. The role is included as a Kareerly reference coverage seed so the matching engine can recognize resumes and jobs involving these competencies. Key duties include applying Event Coordination, Reservation Management in daily tasks, documenting work outputs, coordinating with team members, and following workplace standards relevant to the role. Required competency details: Event Coordination: Ability to help plan and organize event logistics and schedules.; Reservation Management: Ability to process bookings and maintain reservation records.","Event Coordination, Reservation Management",SK082;SK083,Event Coordination; Reservation Management,"Tourism Assistance, Front Desk Support, Housekeeping",SK081;SK078;SK079,Tourism Assistance; Front Desk Support; Housekeeping,high,mapped,Added to ensure full coverage of current skills_reference.csv skill IDs.,Entry Level,Philippines,Onsite,"₱18,000-₱30,000",,Kareerly_Skill_Coverage_Seed,"Events and Reservations Coordinator. Hospitality, Tourism, Food, and Personal Services. Travel, Tourism, and Events. Required skills: Event Coordination, Reservation Management. Nice to have skills: Tourism Assistance, Front Desk Support, Housekeeping. The Events and Reservations Coordinator supports work under Hospitality, Tourism, Food, and Personal Services, specifically in Travel, Tourism, and Events. The role is included as a Kareerly reference coverage seed so the matching engine can recognize resumes and jobs involving these competencies. Key duties include applying Event Coordination, Reservation Management in daily tasks, documenting work outputs, coordinating with team members, and following workplace standards relevant to the role. Required competency details: Event Coordination: Ability to help plan and organize event logistics and schedules.; Reservation Management: Ability to process bookings and maintain reservation records."
JOB-079,K09,"Logistics, Manufacturing, and Operations",Assembly and Production Support,Production Assembly Assistant,"The Production Assembly Assistant supports work under Logistics, Manufacturing, and Operations, specifically in Assembly and Production Support. The role is included as a Kareerly reference coverage seed so the matching engine can recognize resumes and jobs involving these competencies. Key duties include applying Assembly Work, Packaging, Quality Inspection in daily tasks, documenting work outputs, coordinating with team members, and following workplace standards relevant to the role. Required competency details: Assembly Work: Ability to assemble parts or products according to instructions.; Packaging: Ability to prepare products for storage, shipment, or sale.; Quality Inspection: Ability to check products for defects and standard compliance.","Assembly Work, Packaging, Quality Inspection",SK092;SK093;SK094,Assembly Work; Packaging; Quality Inspection,"Machine Operation, Production Monitoring, Workplace Safety",SK089;SK090;SK091,Machine Operation; Production Monitoring; Workplace Safety,high,mapped,Added to ensure full coverage of current skills_reference.csv skill IDs.,Entry Level,Philippines,Onsite,"₱18,000-₱30,000",,Kareerly_Skill_Coverage_Seed,"Production Assembly Assistant. Logistics, Manufacturing, and Operations. Assembly and Production Support. Required skills: Assembly Work, Packaging, Quality Inspection. Nice to have skills: Machine Operation, Production Monitoring, Workplace Safety. The Production Assembly Assistant supports work under Logistics, Manufacturing, and Operations, specifically in Assembly and Production Support. The role is included as a Kareerly reference coverage seed so the matching engine can recognize resumes and jobs involving these competencies. Key duties include applying Assembly Work, Packaging, Quality Inspection in daily tasks, documenting work outputs, coordinating with team members, and following workplace standards relevant to the role. Required competency details: Assembly Work: Ability to assemble parts or products according to instructions.; Packaging: Ability to prepare products for storage, shipment, or sale.; Quality Inspection: Ability to check products for defects and standard compliance."
JOB-080,K09,"Logistics, Manufacturing, and Operations",Manufacturing and Plant Operations,Machine Operations Assistant,"The Machine Operations Assistant supports work under Logistics, Manufacturing, and Operations, specifically in Manufacturing and Plant Operations. The role is included as a Kareerly reference coverage seed so the matching engine can recognize resumes and jobs involving these competencies. Key duties include applying Machine Operation in daily tasks, documenting work outputs, coordinating with team members, and following workplace standards relevant to the role. Required competency details: Machine Operation: Ability to operate basic machines following production instructions.",Machine Operation,SK089,Machine Operation,"Production Monitoring, Workplace Safety, Assembly Work",SK090;SK091;SK092,Production Monitoring; Workplace Safety; Assembly Work,high,mapped,Added to ensure full coverage of current skills_reference.csv skill IDs.,Entry Level,Philippines,Onsite,"₱18,000-₱30,000",,Kareerly_Skill_Coverage_Seed,"Machine Operations Assistant. Logistics, Manufacturing, and Operations. Manufacturing and Plant Operations. Required skills: Machine Operation. Nice to have skills: Production Monitoring, Workplace Safety, Assembly Work. The Machine Operations Assistant supports work under Logistics, Manufacturing, and Operations, specifically in Manufacturing and Plant Operations. The role is included as a Kareerly reference coverage seed so the matching engine can recognize resumes and jobs involving these competencies. Key duties include applying Machine Operation in daily tasks, documenting work outputs, coordinating with team members, and following workplace standards relevant to the role. Required competency details: Machine Operation: Ability to operate basic machines following production instructions."
JOB-081,K09,"Logistics, Manufacturing, and Operations","Transport, Driving, and Delivery",Delivery and Route Support Driver,"The Delivery and Route Support Driver supports work under Logistics, Manufacturing, and Operations, specifically in Transport, Driving, and Delivery. The role is included as a Kareerly reference coverage seed so the matching engine can recognize resumes and jobs involving these competencies. Key duties include applying Driving Safety, Route Planning in daily tasks, documenting work outputs, coordinating with team members, and following workplace standards relevant to the role. Required competency details: Driving Safety: Ability to follow safe driving practices and road regulations.; Route Planning: Ability to identify efficient routes for transport or delivery.","Driving Safety, Route Planning",SK096;SK097,Driving Safety; Route Planning,"Delivery Coordination, Machine Operation, Production Monitoring",SK095;SK089;SK090,Delivery Coordination; Machine Operation; Production Monitoring,high,mapped,Added to ensure full coverage of current skills_reference.csv skill IDs.,Entry Level,Philippines,Onsite,"₱18,000-₱30,000",,Kareerly_Skill_Coverage_Seed,"Delivery and Route Support Driver. Logistics, Manufacturing, and Operations. Transport, Driving, and Delivery. Required skills: Driving Safety, Route Planning. Nice to have skills: Delivery Coordination, Machine Operation, Production Monitoring. The Delivery and Route Support Driver supports work under Logistics, Manufacturing, and Operations, specifically in Transport, Driving, and Delivery. The role is included as a Kareerly reference coverage seed so the matching engine can recognize resumes and jobs involving these competencies. Key duties include applying Driving Safety, Route Planning in daily tasks, documenting work outputs, coordinating with team members, and following workplace standards relevant to the role. Required competency details: Driving Safety: Ability to follow safe driving practices and road regulations.; Route Planning: Ability to identify efficient routes for transport or delivery."
JOB-082,K09,"Logistics, Manufacturing, and Operations","Warehouse, Inventory, and Distribution",Warehouse Operations Assistant,"The Warehouse Operations Assistant supports work under Logistics, Manufacturing, and Operations, specifically in Warehouse, Inventory, and Distribution. The role is included as a Kareerly reference coverage seed so the matching engine can recognize resumes and jobs involving these competencies. Key duties include applying Warehouse Operations in daily tasks, documenting work outputs, coordinating with team members, and following workplace standards relevant to the role. Required competency details: Warehouse Operations: Ability to receive, store, pick, and dispatch warehouse goods.",Warehouse Operations,SK099,Warehouse Operations,"Inventory Management, Machine Operation, Production Monitoring",SK098;SK089;SK090,Inventory Management; Machine Operation; Production Monitoring,high,mapped,Added to ensure full coverage of current skills_reference.csv skill IDs.,Entry Level,Philippines,Onsite,"₱18,000-₱30,000",,Kareerly_Skill_Coverage_Seed,"Warehouse Operations Assistant. Logistics, Manufacturing, and Operations. Warehouse, Inventory, and Distribution. Required skills: Warehouse Operations. Nice to have skills: Inventory Management, Machine Operation, Production Monitoring. The Warehouse Operations Assistant supports work under Logistics, Manufacturing, and Operations, specifically in Warehouse, Inventory, and Distribution. The role is included as a Kareerly reference coverage seed so the matching engine can recognize resumes and jobs involving these competencies. Key duties include applying Warehouse Operations in daily tasks, documenting work outputs, coordinating with team members, and following workplace standards relevant to the role. Required competency details: Warehouse Operations: Ability to receive, store, pick, and dispatch warehouse goods."
JOB-083,K10,"Agriculture, Forestry, Fishery, and Environmental Work",Crop and Horticulture,Crop and Horticulture Assistant,"The Crop and Horticulture Assistant supports work under Agriculture, Forestry, Fishery, and Environmental Work, specifically in Crop and Horticulture. The role is included as a Kareerly reference coverage seed so the matching engine can recognize resumes and jobs involving these competencies. Key duties include applying Crop Production, Horticulture, Pest Management in daily tasks, documenting work outputs, coordinating with team members, and following workplace standards relevant to the role. Required competency details: Crop Production: Ability to support planting, cultivation, and basic agricultural production work.; Horticulture: Ability to cultivate plants, flowers, fruits, or ornamental crops.; Pest Management: Ability to identify pests and support safe pest-control practices.","Crop Production, Horticulture, Pest Management",SK100;SK101;SK102,Crop Production; Horticulture; Pest Management,"Animal Care, Livestock Production, Dairy Production Support",SK103;SK104;SK105,Animal Care; Livestock Production; Dairy Production Support,high,mapped,Added to ensure full coverage of current skills_reference.csv skill IDs.,Entry Level,Philippines,Onsite,"₱18,000-₱30,000",,Kareerly_Skill_Coverage_Seed,"Crop and Horticulture Assistant. Agriculture, Forestry, Fishery, and Environmental Work. Crop and Horticulture. Required skills: Crop Production, Horticulture, Pest Management. Nice to have skills: Animal Care, Livestock Production, Dairy Production Support. The Crop and Horticulture Assistant supports work under Agriculture, Forestry, Fishery, and Environmental Work, specifically in Crop and Horticulture. The role is included as a Kareerly reference coverage seed so the matching engine can recognize resumes and jobs involving these competencies. Key duties include applying Crop Production, Horticulture, Pest Management in daily tasks, documenting work outputs, coordinating with team members, and following workplace standards relevant to the role. Required competency details: Crop Production: Ability to support planting, cultivation, and basic agricultural production work.; Horticulture: Ability to cultivate plants, flowers, fruits, or ornamental crops.; Pest Management: Ability to identify pests and support safe pest-control practices."
JOB-084,K10,"Agriculture, Forestry, Fishery, and Environmental Work",Fishery and Aquatic Work,Aquaculture Support Assistant,"The Aquaculture Support Assistant supports work under Agriculture, Forestry, Fishery, and Environmental Work, specifically in Fishery and Aquatic Work. The role is included as a Kareerly reference coverage seed so the matching engine can recognize resumes and jobs involving these competencies. Key duties include applying Aquaculture Support, Fish Handling in daily tasks, documenting work outputs, coordinating with team members, and following workplace standards relevant to the role. Required competency details: Aquaculture Support: Ability to assist in fish or aquatic production activities.; Fish Handling: Ability to handle, sort, and prepare fishery products safely.","Aquaculture Support, Fish Handling",SK109;SK110,Aquaculture Support; Fish Handling,"Crop Production, Horticulture, Pest Management",SK100;SK101;SK102,Crop Production; Horticulture; Pest Management,high,mapped,Added to ensure full coverage of current skills_reference.csv skill IDs.,Entry Level,Philippines,Onsite,"₱18,000-₱30,000",,Kareerly_Skill_Coverage_Seed,"Aquaculture Support Assistant. Agriculture, Forestry, Fishery, and Environmental Work. Fishery and Aquatic Work. Required skills: Aquaculture Support, Fish Handling. Nice to have skills: Crop Production, Horticulture, Pest Management. The Aquaculture Support Assistant supports work under Agriculture, Forestry, Fishery, and Environmental Work, specifically in Fishery and Aquatic Work. The role is included as a Kareerly reference coverage seed so the matching engine can recognize resumes and jobs involving these competencies. Key duties include applying Aquaculture Support, Fish Handling in daily tasks, documenting work outputs, coordinating with team members, and following workplace standards relevant to the role. Required competency details: Aquaculture Support: Ability to assist in fish or aquatic production activities.; Fish Handling: Ability to handle, sort, and prepare fishery products safely."
JOB-085,K10,"Agriculture, Forestry, Fishery, and Environmental Work",Forestry and Conservation,Environmental Conservation Assistant,"The Environmental Conservation Assistant supports work under Agriculture, Forestry, Fishery, and Environmental Work, specifically in Forestry and Conservation. The role is included as a Kareerly reference coverage seed so the matching engine can recognize resumes and jobs involving these competencies. Key duties include applying Environmental Conservation, Tree Planting, Waste Management in daily tasks, documenting work outputs, coordinating with team members, and following workplace standards relevant to the role. Required competency details: Environmental Conservation: Ability to support conservation and sustainable resource practices.; Tree Planting: Ability to assist in planting, maintaining, and monitoring trees.; Waste Management: Ability to support proper segregation, recycling, and disposal processes.","Environmental Conservation, Tree Planting, Waste Management",SK106;SK107;SK108,Environmental Conservation; Tree Planting; Waste Management,"Crop Production, Horticulture, Pest Management",SK100;SK101;SK102,Crop Production; Horticulture; Pest Management,high,mapped,Added to ensure full coverage of current skills_reference.csv skill IDs.,Entry Level,Philippines,Onsite,"₱18,000-₱30,000",,Kareerly_Skill_Coverage_Seed,"Environmental Conservation Assistant. Agriculture, Forestry, Fishery, and Environmental Work. Forestry and Conservation. Required skills: Environmental Conservation, Tree Planting, Waste Management. Nice to have skills: Crop Production, Horticulture, Pest Management. The Environmental Conservation Assistant supports work under Agriculture, Forestry, Fishery, and Environmental Work, specifically in Forestry and Conservation. The role is included as a Kareerly reference coverage seed so the matching engine can recognize resumes and jobs involving these competencies. Key duties include applying Environmental Conservation, Tree Planting, Waste Management in daily tasks, documenting work outputs, coordinating with team members, and following workplace standards relevant to the role. Required competency details: Environmental Conservation: Ability to support conservation and sustainable resource practices.; Tree Planting: Ability to assist in planting, maintaining, and monitoring trees.; Waste Management: Ability to support proper segregation, recycling, and disposal processes."
JOB-086,K10,"Agriculture, Forestry, Fishery, and Environmental Work",Livestock and Animal Production,Livestock Production Assistant,"The Livestock Production Assistant supports work under Agriculture, Forestry, Fishery, and Environmental Work, specifically in Livestock and Animal Production. The role is included as a Kareerly reference coverage seed so the matching engine can recognize resumes and jobs involving these competencies. Key duties include applying Livestock Production, Dairy Production Support in daily tasks, documenting work outputs, coordinating with team members, and following workplace standards relevant to the role. Required competency details: Livestock Production: Ability to support animal production and farm-care activities.; Dairy Production Support: Ability to assist with basic dairy handling and production tasks.","Livestock Production, Dairy Production Support",SK104;SK105,Livestock Production; Dairy Production Support,"Animal Care, Crop Production, Horticulture",SK103;SK100;SK101,Animal Care; Crop Production; Horticulture,high,mapped,Added to ensure full coverage of current skills_reference.csv skill IDs.,Entry Level,Philippines,Onsite,"₱18,000-₱30,000",,Kareerly_Skill_Coverage_Seed,"Livestock Production Assistant. Agriculture, Forestry, Fishery, and Environmental Work. Livestock and Animal Production. Required skills: Livestock Production, Dairy Production Support. Nice to have skills: Animal Care, Crop Production, Horticulture. The Livestock Production Assistant supports work under Agriculture, Forestry, Fishery, and Environmental Work, specifically in Livestock and Animal Production. The role is included as a Kareerly reference coverage seed so the matching engine can recognize resumes and jobs involving these competencies. Key duties include applying Livestock Production, Dairy Production Support in daily tasks, documenting work outputs, coordinating with team members, and following workplace standards relevant to the role. Required competency details: Livestock Production: Ability to support animal production and farm-care activities.; Dairy Production Support: Ability to assist with basic dairy handling and production tasks."
JOB-087,K11,"Public Service, Legal, and Protective Services",Government and Regulatory Services,Government Service Support Assistant,"The Government Service Support Assistant supports work under Public Service, Legal, and Protective Services, specifically in Government and Regulatory Services. The role is included as a Kareerly reference coverage seed so the matching engine can recognize resumes and jobs involving these competencies. Key duties include applying Government Service Support, Public Records Management in daily tasks, documenting work outputs, coordinating with team members, and following workplace standards relevant to the role. Required competency details: Government Service Support: Ability to assist with public office transactions and records.; Public Records Management: Ability to organize and protect official records and documents.","Government Service Support, Public Records Management",SK111;SK113,Government Service Support; Public Records Management,"Regulatory Compliance, Legal Documentation, Legal Research Support",SK112;SK114;SK115,Regulatory Compliance; Legal Documentation; Legal Research Support,high,mapped,Added to ensure full coverage of current skills_reference.csv skill IDs.,Entry Level,Philippines,Onsite,"₱18,000-₱30,000",,Kareerly_Skill_Coverage_Seed,"Government Service Support Assistant. Public Service, Legal, and Protective Services. Government and Regulatory Services. Required skills: Government Service Support, Public Records Management. Nice to have skills: Regulatory Compliance, Legal Documentation, Legal Research Support. The Government Service Support Assistant supports work under Public Service, Legal, and Protective Services, specifically in Government and Regulatory Services. The role is included as a Kareerly reference coverage seed so the matching engine can recognize resumes and jobs involving these competencies. Key duties include applying Government Service Support, Public Records Management in daily tasks, documenting work outputs, coordinating with team members, and following workplace standards relevant to the role. Required competency details: Government Service Support: Ability to assist with public office transactions and records.; Public Records Management: Ability to organize and protect official records and documents."
JOB-088,K11,"Public Service, Legal, and Protective Services",Legal Services,Legal Support Assistant,"The Legal Support Assistant supports work under Public Service, Legal, and Protective Services, specifically in Legal Services. The role is included as a Kareerly reference coverage seed so the matching engine can recognize resumes and jobs involving these competencies. Key duties include applying Legal Research Support, Contract Review Support in daily tasks, documenting work outputs, coordinating with team members, and following workplace standards relevant to the role. Required competency details: Legal Research Support: Ability to gather and organize legal information under supervision.; Contract Review Support: Ability to assist in checking contract details and documentation.","Legal Research Support, Contract Review Support",SK115;SK116,Legal Research Support; Contract Review Support,"Legal Documentation, Government Service Support, Regulatory Compliance",SK114;SK111;SK112,Legal Documentation; Government Service Support; Regulatory Compliance,high,mapped,Added to ensure full coverage of current skills_reference.csv skill IDs.,Entry Level,Philippines,Onsite,"₱18,000-₱30,000",,Kareerly_Skill_Coverage_Seed,"Legal Support Assistant. Public Service, Legal, and Protective Services. Legal Services. Required skills: Legal Research Support, Contract Review Support. Nice to have skills: Legal Documentation, Government Service Support, Regulatory Compliance. The Legal Support Assistant supports work under Public Service, Legal, and Protective Services, specifically in Legal Services. The role is included as a Kareerly reference coverage seed so the matching engine can recognize resumes and jobs involving these competencies. Key duties include applying Legal Research Support, Contract Review Support in daily tasks, documenting work outputs, coordinating with team members, and following workplace standards relevant to the role. Required competency details: Legal Research Support: Ability to gather and organize legal information under supervision.; Contract Review Support: Ability to assist in checking contract details and documentation."
JOB-089,K11,"Public Service, Legal, and Protective Services","Policy, Leadership, and Public Administration",Public Administration Support Assistant,"The Public Administration Support Assistant supports work under Public Service, Legal, and Protective Services, specifically in Policy, Leadership, and Public Administration. The role is included as a Kareerly reference coverage seed so the matching engine can recognize resumes and jobs involving these competencies. Key duties include applying Leadership Support in daily tasks, documenting work outputs, coordinating with team members, and following workplace standards relevant to the role. Required competency details: Leadership Support: Ability to coordinate tasks and support team decision-making.",Leadership Support,SK121,Leadership Support,"Policy Support, Government Service Support, Regulatory Compliance",SK120;SK111;SK112,Policy Support; Government Service Support; Regulatory Compliance,high,mapped,Added to ensure full coverage of current skills_reference.csv skill IDs.,Entry Level,Philippines,Onsite,"₱18,000-₱30,000",,Kareerly_Skill_Coverage_Seed,"Public Administration Support Assistant. Public Service, Legal, and Protective Services. Policy, Leadership, and Public Administration. Required skills: Leadership Support. Nice to have skills: Policy Support, Government Service Support, Regulatory Compliance. The Public Administration Support Assistant supports work under Public Service, Legal, and Protective Services, specifically in Policy, Leadership, and Public Administration. The role is included as a Kareerly reference coverage seed so the matching engine can recognize resumes and jobs involving these competencies. Key duties include applying Leadership Support in daily tasks, documenting work outputs, coordinating with team members, and following workplace standards relevant to the role. Required competency details: Leadership Support: Ability to coordinate tasks and support team decision-making."
JOB-090,K11,"Public Service, Legal, and Protective Services",Protective and Security Services,Security and Emergency Response Assistant,"The Security and Emergency Response Assistant supports work under Public Service, Legal, and Protective Services, specifically in Protective and Security Services. The role is included as a Kareerly reference coverage seed so the matching engine can recognize resumes and jobs involving these competencies. Key duties include applying Security Monitoring, Emergency Response in daily tasks, documenting work outputs, coordinating with team members, and following workplace standards relevant to the role. Required competency details: Security Monitoring: Ability to observe, report, and respond to basic safety or security concerns.; Emergency Response: Ability to follow emergency procedures and coordinate basic response actions.","Security Monitoring, Emergency Response",SK117;SK118,Security Monitoring; Emergency Response,"Risk Reporting, Government Service Support, Regulatory Compliance",SK119;SK111;SK112,Risk Reporting; Government Service Support; Regulatory Compliance,high,mapped,Added to ensure full coverage of current skills_reference.csv skill IDs.,Entry Level,Philippines,Onsite,"₱18,000-₱30,000",,Kareerly_Skill_Coverage_Seed,"Security and Emergency Response Assistant. Public Service, Legal, and Protective Services. Protective and Security Services. Required skills: Security Monitoring, Emergency Response. Nice to have skills: Risk Reporting, Government Service Support, Regulatory Compliance. The Security and Emergency Response Assistant supports work under Public Service, Legal, and Protective Services, specifically in Protective and Security Services. The role is included as a Kareerly reference coverage seed so the matching engine can recognize resumes and jobs involving these competencies. Key duties include applying Security Monitoring, Emergency Response in daily tasks, documenting work outputs, coordinating with team members, and following workplace standards relevant to the role. Required competency details: Security Monitoring: Ability to observe, report, and respond to basic safety or security concerns.; Emergency Response: Ability to follow emergency procedures and coordinate basic response actions."
JOB-091,K05,"Education, Training, and Community Services","Teaching and Academic Support
Training and Instruction
Libraries, Archives, and Curatorial Work",Elementary Teacher,"Plans daily lessons, manages classroom activities, checks learner progress, prepares assessment records, and coordinates with parents and school administrators to support student development.","Lesson Planning, Classroom Management, Student Assessment",SK045;SK046;SK047,"Lesson Planning, Classroom Management, Student Assessment","Learning Evaluation, Records Organization",SK050;SK054,"Learning Evaluation, Records Organization",high,mapped,JobStreet PH role/listing-informed curated seed; paraphrased for Kareerly reference_jobs.,Entry to Mid Level,Laguna / Metro Manila,On-site,₱18000–₱30000/month,https://ph.jobstreet.com/community-development-assistant-jobs,JobStreet Philippines curated reference seed,"elementary teacher plans daily lessons, manages classroom activities, checks learner progress, prepares assessment records, and coordinates with parents and school administrators to support student development. required skills: lesson planning, classroom management, student assessment nice to have: learning evaluation, records organization"
JOB-092,K05,"Education, Training, and Community Services","Training and Instruction
Teaching and Academic Support",Training and Development Specialist,"Designs employee learning sessions, facilitates workshops, prepares training materials, evaluates learner performance, and documents completion results for HR and department managers.","Training Facilitation, Instructional Design, Learning Evaluation",SK048;SK049;SK050,"Training Facilitation, Instructional Design, Learning Evaluation","Lesson Planning, Student Assessment",SK045;SK047,"Lesson Planning, Student Assessment",high,mapped,JobStreet PH role/listing-informed curated seed; paraphrased for Kareerly reference_jobs.,Mid Level,Metro Manila,Hybrid,₱28000–₱45000/month,https://ph.jobstreet.com/soft-skills-trainer-jobs,JobStreet Philippines curated reference seed,"training and development specialist designs employee learning sessions, facilitates workshops, prepares training materials, evaluates learner performance, and documents completion results for hr and department managers. required skills: training facilitation, instructional design, learning evaluation nice to have: lesson planning, student assessment"
JOB-093,K05,"Education, Training, and Community Services","Social, Religious, and Community Work
Training and Instruction",Career Development Advisor,"Provides career coaching, supports development programs, documents coaching cases, and helps learners or employees identify suitable career goals and next-step learning plans.","Counselling Support, Community Engagement, Case Documentation",SK053;SK051;SK052,"Counselling Support, Community Engagement, Case Documentation","Training Facilitation, Learning Evaluation",SK048;SK050,"Training Facilitation, Learning Evaluation",high,mapped,JobStreet PH role/listing-informed curated seed; paraphrased for Kareerly reference_jobs.,Mid Level,Makati City / Metro Manila,On-site,₱30000–₱50000/month,https://ph.jobstreet.com/community-development-assistant-jobs,JobStreet Philippines curated reference seed,"career development advisor provides career coaching, supports development programs, documents coaching cases, and helps learners or employees identify suitable career goals and next-step learning plans. required skills: counselling support, community engagement, case documentation nice to have: training facilitation, learning evaluation"
JOB-094,K05,"Education, Training, and Community Services","Social, Religious, and Community Work
Libraries, Archives, and Curatorial Work
Training and Instruction",Community Development Assistant,"Assists community programs by organizing outreach activities, recording beneficiary concerns, documenting cases, and coordinating with partner offices for education or social support services.","Community Engagement, Case Documentation, Counselling Support",SK051;SK052;SK053,"Community Engagement, Case Documentation, Counselling Support","Records Organization, Training Facilitation",SK054;SK048,"Records Organization, Training Facilitation",high,mapped,JobStreet PH role/listing-informed curated seed; paraphrased for Kareerly reference_jobs.,Entry Level,Laguna / CALABARZON,Field-based,₱16000–₱25000/month,https://ph.jobstreet.com/community-development-assistant-jobs,JobStreet Philippines curated reference seed,"community development assistant assists community programs by organizing outreach activities, recording beneficiary concerns, documenting cases, and coordinating with partner offices for education or social support services. required skills: community engagement, case documentation, counselling support nice to have: records organization, training facilitation"
JOB-095,K05,"Education, Training, and Community Services","Libraries, Archives, and Curatorial Work
Teaching and Academic Support
Social, Religious, and Community Work",Library Assistant,"Maintains library records, assists users in locating learning materials, organizes borrowed and returned resources, and supports basic information services for students or community users.","Records Organization, Library Assistance",SK054;SK055,"Records Organization, Library Assistance","Student Assessment, Community Engagement",SK047;SK051,"Student Assessment, Community Engagement",high,mapped,JobStreet PH role/listing-informed curated seed; paraphrased for Kareerly reference_jobs.,Entry Level,Laguna / Metro Manila,On-site,₱15000–₱23000/month,https://ph.jobstreet.com/Education-Development-Center%2C-Inc.-%28EDC%29-jobs,JobStreet Philippines curated reference seed,"library assistant maintains library records, assists users in locating learning materials, organizes borrowed and returned resources, and supports basic information services for students or community users. required skills: records organization, library assistance nice to have: student assessment, community engagement"
JOB-096,K05,"Education, Training, and Community Services","Training and Instruction
Teaching and Academic Support
Libraries, Archives, and Curatorial Work",Technical Education Specialist,"Supports technical-vocational education programs by preparing instructional plans, facilitating skills training, evaluating learning outputs, and maintaining training documentation.","Training Facilitation, Instructional Design, Learning Evaluation",SK048;SK049;SK050,"Training Facilitation, Instructional Design, Learning Evaluation","Lesson Planning, Records Organization",SK045;SK054,"Lesson Planning, Records Organization",high,mapped,JobStreet PH role/listing-informed curated seed; paraphrased for Kareerly reference_jobs.,Mid Level,Metro Manila / Regional Office,On-site,₱25000–₱42000/month,https://ph.jobstreet.com/Education-Development-Center%2C-Inc.-%28EDC%29-jobs,JobStreet Philippines curated reference seed,"technical education specialist supports technical-vocational education programs by preparing instructional plans, facilitating skills training, evaluating learning outputs, and maintaining training documentation. required skills: training facilitation, instructional design, learning evaluation nice to have: lesson planning, records organization"
JOB-097,K05,"Education, Training, and Community Services","Training and Instruction
Social, Religious, and Community Work
Teaching and Academic Support",Soft Skills Trainer,"Conducts communication, teamwork, customer-service, and workplace-readiness training; coaches learners; tracks progress; and reports outcomes to program or operations leaders.","Training Facilitation, Learning Evaluation, Counselling Support",SK048;SK050;SK053,"Training Facilitation, Learning Evaluation, Counselling Support","Instructional Design, Student Assessment",SK049;SK047,"Instructional Design, Student Assessment",high,mapped,JobStreet PH role/listing-informed curated seed; paraphrased for Kareerly reference_jobs.,Mid Level,Rizal / Metro Manila,On-site,₱22000–₱38000/month,https://ph.jobstreet.com/soft-skills-trainer-jobs,JobStreet Philippines curated reference seed,"soft skills trainer conducts communication, teamwork, customer-service, and workplace-readiness training; coaches learners; tracks progress; and reports outcomes to program or operations leaders. required skills: training facilitation, learning evaluation, counselling support nice to have: instructional design, student assessment"
JOB-098,K05,"Education, Training, and Community Services","Social, Religious, and Community Work
Teaching and Academic Support
Libraries, Archives, and Curatorial Work",Student Support Assistant,"Assists advisers and guidance staff by monitoring student concerns, maintaining case notes, supporting learning assessments, and coordinating referrals for academic or welfare support.","Case Documentation, Counselling Support, Student Assessment",SK052;SK053;SK047,"Case Documentation, Counselling Support, Student Assessment","Records Organization, Community Engagement",SK054;SK051,"Records Organization, Community Engagement",high,mapped,JobStreet PH role/listing-informed curated seed; paraphrased for Kareerly reference_jobs.,Entry Level,Laguna / Metro Manila,On-site,₱16000–₱25000/month,https://ph.jobstreet.com/community-development-assistant-jobs,JobStreet Philippines curated reference seed,"student support assistant assists advisers and guidance staff by monitoring student concerns, maintaining case notes, supporting learning assessments, and coordinating referrals for academic or welfare support. required skills: case documentation, counselling support, student assessment nice to have: records organization, community engagement"
JOB-099,K05,"Education, Training, and Community Services","Libraries, Archives, and Curatorial Work
Training and Instruction
Social, Religious, and Community Work",Learning Program Coordinator,"Coordinates class schedules, training logistics, participant records, evaluation forms, and communication with trainers, students, and partner organizations.","Records Organization, Training Facilitation, Learning Evaluation",SK054;SK048;SK050,"Records Organization, Training Facilitation, Learning Evaluation","Instructional Design, Community Engagement",SK049;SK051,"Instructional Design, Community Engagement",high,mapped,JobStreet PH role/listing-informed curated seed; paraphrased for Kareerly reference_jobs.,Entry to Mid Level,Metro Manila,Hybrid,₱22000–₱35000/month,https://ph.jobstreet.com/Education-Development-Center%2C-Inc.-%28EDC%29-jobs,JobStreet Philippines curated reference seed,"learning program coordinator coordinates class schedules, training logistics, participant records, evaluation forms, and communication with trainers, students, and partner organizations. required skills: records organization, training facilitation, learning evaluation nice to have: instructional design, community engagement"
JOB-100,K05,"Education, Training, and Community Services","Training and Instruction
Social, Religious, and Community Work
Teaching and Academic Support",Community Learning Facilitator,"Facilitates community-based learning sessions, gathers learner feedback, documents attendance and case updates, and supports education access for youth and adult learners.","Training Facilitation, Community Engagement, Case Documentation",SK048;SK051;SK052,"Training Facilitation, Community Engagement, Case Documentation","Lesson Planning, Counselling Support",SK045;SK053,"Lesson Planning, Counselling Support",high,mapped,JobStreet PH role/listing-informed curated seed; paraphrased for Kareerly reference_jobs.,Entry to Mid Level,Laguna / Quezon,Field-based,₱18000–₱28000/month,https://ph.jobstreet.com/community-development-assistant-jobs,JobStreet Philippines curated reference seed,"community learning facilitator facilitates community-based learning sessions, gathers learner feedback, documents attendance and case updates, and supports education access for youth and adult learners. required skills: training facilitation, community engagement, case documentation nice to have: lesson planning, counselling support"
JOB-101,K06,"Healthcare, Caregiving, and Wellness","Medical and Clinical Professionals
Pharmacy, Laboratory, and Health Support
Fitness, Wellness, and Rehabilitation Support",Patient Care Coordinator,"Coordinates patient schedules, authorization requests, documentation, and care updates while communicating with clinicians, patients, and partner healthcare offices.","Medical Terminology, Clinical Documentation, Patient Assessment Support",SK057;SK058;SK056,"Medical Terminology, Clinical Documentation, Patient Assessment Support","Medication Assistance, Wellness Support",SK062;SK066,"Medication Assistance, Wellness Support",high,mapped,JobStreet PH role/listing-informed curated seed; paraphrased for Kareerly reference_jobs.,Entry to Mid Level,Alabang / Metro Manila,Hybrid,₱30000–₱35000/month,https://ph.jobstreet.com/certified-caregiver-jobs/in-Trece-Martires-City-Cavite,JobStreet Philippines curated reference seed,"patient care coordinator coordinates patient schedules, authorization requests, documentation, and care updates while communicating with clinicians, patients, and partner healthcare offices. required skills: medical terminology, clinical documentation, patient assessment support nice to have: medication assistance, wellness support"
JOB-102,K06,"Healthcare, Caregiving, and Wellness","Medical and Clinical Professionals
Nursing, Midwifery, and Caregiving
Pharmacy, Laboratory, and Health Support",Clinic Assistant,"Supports clinic operations by assisting basic patient intake, preparing records, using medical terms accurately, and maintaining safe and organized consultation areas.","Patient Assessment Support, Medical Terminology, Clinical Documentation",SK056;SK057;SK058,"Patient Assessment Support, Medical Terminology, Clinical Documentation","Basic Life Support, Laboratory Safety",SK061;SK063,"Basic Life Support, Laboratory Safety",high,mapped,JobStreet PH role/listing-informed curated seed; paraphrased for Kareerly reference_jobs.,Entry Level,Laguna / Metro Manila,On-site,₱16000–₱25000/month,https://ph.jobstreet.com/health-and-wellness-jobs/in-Metro-Manila,JobStreet Philippines curated reference seed,"clinic assistant supports clinic operations by assisting basic patient intake, preparing records, using medical terms accurately, and maintaining safe and organized consultation areas. required skills: patient assessment support, medical terminology, clinical documentation nice to have: basic life support, laboratory safety"
JOB-103,K06,"Healthcare, Caregiving, and Wellness","Nursing, Midwifery, and Caregiving
Pharmacy, Laboratory, and Health Support
Medical and Clinical Professionals",Caregiver,"Provides personal care, mobility assistance, hygiene support, meal assistance, safety monitoring, and basic documentation for patients, elderly clients, or persons needing daily care.","Caregiving, Elderly Care, Basic Life Support",SK059;SK060;SK061,"Caregiving, Elderly Care, Basic Life Support","Medication Assistance, Clinical Documentation",SK062;SK058,"Medication Assistance, Clinical Documentation",high,mapped,JobStreet PH role/listing-informed curated seed; paraphrased for Kareerly reference_jobs.,Entry Level,Cavite / Laguna,On-site,₱16000–₱28000/month,https://ph.jobstreet.com/certified-caregiver-jobs/in-Trece-Martires-City-Cavite,JobStreet Philippines curated reference seed,"caregiver provides personal care, mobility assistance, hygiene support, meal assistance, safety monitoring, and basic documentation for patients, elderly clients, or persons needing daily care. required skills: caregiving, elderly care, basic life support nice to have: medication assistance, clinical documentation"
JOB-104,K06,"Healthcare, Caregiving, and Wellness","Nursing, Midwifery, and Caregiving
Pharmacy, Laboratory, and Health Support
Medical and Clinical Professionals",Elderly Care Assistant,"Assists elderly clients with daily routines, vital observation, medication reminders, safety checks, and supportive companionship in home-care or facility settings.","Elderly Care, Caregiving, Medication Assistance",SK060;SK059;SK062,"Elderly Care, Caregiving, Medication Assistance","Basic Life Support, Clinical Documentation",SK061;SK058,"Basic Life Support, Clinical Documentation",high,mapped,JobStreet PH role/listing-informed curated seed; paraphrased for Kareerly reference_jobs.,Entry Level,Metro Manila / CALABARZON,On-site,₱17000–₱28000/month,https://ph.jobstreet.com/certified-caregiver-jobs/in-Trece-Martires-City-Cavite,JobStreet Philippines curated reference seed,"elderly care assistant assists elderly clients with daily routines, vital observation, medication reminders, safety checks, and supportive companionship in home-care or facility settings. required skills: elderly care, caregiving, medication assistance nice to have: basic life support, clinical documentation"
JOB-105,K06,"Healthcare, Caregiving, and Wellness","Medical and Clinical Professionals
Fitness, Wellness, and Rehabilitation Support
Nursing, Midwifery, and Caregiving",Company Health and Wellness Associate,"Supports workplace health programs by assisting consultations, preparing health records, monitoring wellness activities, and coordinating employee health awareness initiatives.","Patient Assessment Support, Clinical Documentation, Wellness Support",SK056;SK058;SK066,"Patient Assessment Support, Clinical Documentation, Wellness Support","Basic Life Support, Fitness Coaching",SK061;SK065,"Basic Life Support, Fitness Coaching",high,mapped,JobStreet PH role/listing-informed curated seed; paraphrased for Kareerly reference_jobs.,Mid Level,Quezon City / Metro Manila,On-site,₱25000–₱45000/month,https://ph.jobstreet.com/health-and-wellness-jobs/in-Metro-Manila,JobStreet Philippines curated reference seed,"company health and wellness associate supports workplace health programs by assisting consultations, preparing health records, monitoring wellness activities, and coordinating employee health awareness initiatives. required skills: patient assessment support, clinical documentation, wellness support nice to have: basic life support, fitness coaching"
JOB-106,K06,"Healthcare, Caregiving, and Wellness","Pharmacy, Laboratory, and Health Support
Medical and Clinical Professionals",Pharmacy Assistant,"Assists pharmacists by organizing medicines, checking prescriptions for completeness, supporting customer inquiries, and maintaining accurate pharmacy inventory and safety procedures.","Pharmacy Support, Medical Terminology, Medication Assistance",SK064;SK057;SK062,"Pharmacy Support, Medical Terminology, Medication Assistance","Laboratory Safety, Clinical Documentation",SK063;SK058,"Laboratory Safety, Clinical Documentation",high,mapped,JobStreet PH role/listing-informed curated seed; paraphrased for Kareerly reference_jobs.,Entry Level,Laguna / Metro Manila,On-site,₱15000–₱23000/month,https://ph.jobstreet.com/health-and-wellness-jobs/in-Metro-Manila,JobStreet Philippines curated reference seed,"pharmacy assistant assists pharmacists by organizing medicines, checking prescriptions for completeness, supporting customer inquiries, and maintaining accurate pharmacy inventory and safety procedures. required skills: pharmacy support, medical terminology, medication assistance nice to have: laboratory safety, clinical documentation"
JOB-107,K06,"Healthcare, Caregiving, and Wellness","Pharmacy, Laboratory, and Health Support
Medical and Clinical Professionals
Nursing, Midwifery, and Caregiving",Laboratory Assistant,"Prepares basic laboratory areas, follows safety protocols, handles specimens under supervision, records test-related information, and supports orderly clinical operations.","Laboratory Safety, Medical Terminology, Clinical Documentation",SK063;SK057;SK058,"Laboratory Safety, Medical Terminology, Clinical Documentation","Patient Assessment Support, Basic Life Support",SK056;SK061,"Patient Assessment Support, Basic Life Support",high,mapped,JobStreet PH role/listing-informed curated seed; paraphrased for Kareerly reference_jobs.,Entry Level,Metro Manila,On-site,₱17000–₱26000/month,https://ph.jobstreet.com/health-and-wellness-jobs/in-Metro-Manila,JobStreet Philippines curated reference seed,"laboratory assistant prepares basic laboratory areas, follows safety protocols, handles specimens under supervision, records test-related information, and supports orderly clinical operations. required skills: laboratory safety, medical terminology, clinical documentation nice to have: patient assessment support, basic life support"
JOB-108,K06,"Healthcare, Caregiving, and Wellness","Fitness, Wellness, and Rehabilitation Support
Medical and Clinical Professionals
Nursing, Midwifery, and Caregiving",Fitness Coach,"Guides clients through safe exercise routines, monitors wellness goals, explains basic fitness plans, and supports healthy lifestyle activities in a gym or wellness setting.","Fitness Coaching, Wellness Support",SK065;SK066,"Fitness Coaching, Wellness Support","Patient Assessment Support, Basic Life Support",SK056;SK061,"Patient Assessment Support, Basic Life Support",high,mapped,JobStreet PH role/listing-informed curated seed; paraphrased for Kareerly reference_jobs.,Entry to Mid Level,Metro Manila / Laguna,On-site,₱18000–₱35000/month,https://ph.jobstreet.com/career-advice/role/wellness-coach,JobStreet Philippines curated reference seed,"fitness coach guides clients through safe exercise routines, monitors wellness goals, explains basic fitness plans, and supports healthy lifestyle activities in a gym or wellness setting. required skills: fitness coaching, wellness support nice to have: patient assessment support, basic life support"
JOB-109,K06,"Healthcare, Caregiving, and Wellness","Fitness, Wellness, and Rehabilitation Support
Medical and Clinical Professionals
Nursing, Midwifery, and Caregiving",Rehabilitation Support Aide,"Assists therapists by preparing exercise areas, guiding clients through assigned routines, observing safety concerns, and documenting progress or session notes.","Fitness Coaching, Patient Assessment Support, Clinical Documentation",SK065;SK056;SK058,"Fitness Coaching, Patient Assessment Support, Clinical Documentation","Basic Life Support, Wellness Support",SK061;SK066,"Basic Life Support, Wellness Support",high,mapped,JobStreet PH role/listing-informed curated seed; paraphrased for Kareerly reference_jobs.,Entry Level,Metro Manila,On-site,₱17000–₱26000/month,https://ph.jobstreet.com/career-advice/role/wellness-coach,JobStreet Philippines curated reference seed,"rehabilitation support aide assists therapists by preparing exercise areas, guiding clients through assigned routines, observing safety concerns, and documenting progress or session notes. required skills: fitness coaching, patient assessment support, clinical documentation nice to have: basic life support, wellness support"
JOB-110,K06,"Healthcare, Caregiving, and Wellness","Medical and Clinical Professionals
Pharmacy, Laboratory, and Health Support",Medical Records Assistant,"Organizes patient charts, encodes clinical notes, checks completeness of records, and supports confidentiality and retrieval of medical documents for healthcare teams.","Clinical Documentation, Medical Terminology",SK058;SK057,"Clinical Documentation, Medical Terminology","Patient Assessment Support, Pharmacy Support",SK056;SK064,"Patient Assessment Support, Pharmacy Support",high,mapped,JobStreet PH role/listing-informed curated seed; paraphrased for Kareerly reference_jobs.,Entry Level,Metro Manila / Laguna,On-site,₱16000–₱24000/month,https://ph.jobstreet.com/certified-caregiver-jobs/in-Trece-Martires-City-Cavite,JobStreet Philippines curated reference seed,"medical records assistant organizes patient charts, encodes clinical notes, checks completeness of records, and supports confidentiality and retrieval of medical documents for healthcare teams. required skills: clinical documentation, medical terminology nice to have: patient assessment support, pharmacy support"
JOB-111,K07,"Engineering, Construction, and Skilled Trades","Engineering and Architecture
Technical Drafting, Surveying, and Control",CAD Operator,"Prepares and revises technical drawings using CAD software, checks dimensions, supports engineers or architects, and maintains drawing files for construction or fabrication projects.","CAD Operation, Technical Drafting, Engineering Measurement",SK068;SK067;SK069,"CAD Operation, Technical Drafting, Engineering Measurement","Quality Control, Surveying Support",SK076;SK077,"Quality Control, Surveying Support",high,mapped,JobStreet PH role/listing-informed curated seed; paraphrased for Kareerly reference_jobs.,Entry to Mid Level,Metro Manila / CALABARZON,On-site,₱20000–₱35000/month,https://ph.jobstreet.com/construction-worker-jobs/in-Taguig-City-Metro-Manila,JobStreet Philippines curated reference seed,"cad operator prepares and revises technical drawings using cad software, checks dimensions, supports engineers or architects, and maintains drawing files for construction or fabrication projects. required skills: cad operation, technical drafting, engineering measurement nice to have: quality control, surveying support"
JOB-112,K07,"Engineering, Construction, and Skilled Trades","Engineering and Architecture
Technical Drafting, Surveying, and Control",Technical Draftsperson,"Creates construction and engineering drawings, converts field measurements into plans, coordinates revisions, and prepares documentation for project teams.","Technical Drafting, CAD Operation, Engineering Measurement",SK067;SK068;SK069,"Technical Drafting, CAD Operation, Engineering Measurement","Surveying Support, Quality Control",SK077;SK076,"Surveying Support, Quality Control",high,mapped,JobStreet PH role/listing-informed curated seed; paraphrased for Kareerly reference_jobs.,Entry Level,Metro Manila,On-site,₱18000–₱30000/month,https://ph.jobstreet.com/construction-worker-jobs/in-Taguig-City-Metro-Manila,JobStreet Philippines curated reference seed,"technical draftsperson creates construction and engineering drawings, converts field measurements into plans, coordinates revisions, and prepares documentation for project teams. required skills: technical drafting, cad operation, engineering measurement nice to have: surveying support, quality control"
JOB-113,K07,"Engineering, Construction, and Skilled Trades","Construction and Building Trades
Engineering and Architecture
Technical Drafting, Surveying, and Control",Construction Site Assistant,"Supports daily site work by checking safety compliance, coordinating materials, assisting measurements, and reporting progress to engineers or foremen.","Construction Safety, Engineering Measurement, Surveying Support",SK070;SK069;SK077,"Construction Safety, Engineering Measurement, Surveying Support","Masonry, Carpentry",SK071;SK072,"Masonry, Carpentry",high,mapped,JobStreet PH role/listing-informed curated seed; paraphrased for Kareerly reference_jobs.,Entry Level,Laguna / Cavite,On-site,₱17000–₱28000/month,https://ph.jobstreet.com/construction%2Bworkers-jobs/in-Cabuyao-City-Laguna,JobStreet Philippines curated reference seed,"construction site assistant supports daily site work by checking safety compliance, coordinating materials, assisting measurements, and reporting progress to engineers or foremen. required skills: construction safety, engineering measurement, surveying support nice to have: masonry, carpentry"
JOB-114,K07,"Engineering, Construction, and Skilled Trades","Construction and Building Trades
Electrical, Electronics, and Mechanical Trades
Engineering and Architecture
Manufacturing and Plant Operations
Technical Drafting, Surveying, and Control",Backhoe Operator,"Operates backhoe equipment for excavation, trenching, backfilling, grading, and site preparation while following safety procedures and equipment checks.","Construction Safety, Mechanical Maintenance, Engineering Measurement",SK070;SK074;SK069,"Construction Safety, Mechanical Maintenance, Engineering Measurement","Workplace Safety, Surveying Support",SK091;SK077,"Workplace Safety, Surveying Support",high,mapped,JobStreet PH role/listing-informed curated seed; paraphrased for Kareerly reference_jobs.,Mid Level,Cavite / Laguna,On-site,₱20000–₱35000/month,https://ph.jobstreet.com/construction-worker-jobs/in-Cavite-Calabarzon,JobStreet Philippines curated reference seed,"backhoe operator operates backhoe equipment for excavation, trenching, backfilling, grading, and site preparation while following safety procedures and equipment checks. required skills: construction safety, mechanical maintenance, engineering measurement nice to have: workplace safety, surveying support"
JOB-115,K07,"Engineering, Construction, and Skilled Trades","Construction and Building Trades
Electrical, Electronics, and Mechanical Trades",Building Maintenance Technician,"Performs routine building repairs, carpentry, plumbing support, basic mechanical maintenance, and facility checks to keep branch or office operations running safely.","Carpentry, Mechanical Maintenance, Construction Safety",SK072;SK074;SK070,"Carpentry, Mechanical Maintenance, Construction Safety","Electrical Installation, Electronics Repair",SK073;SK075,"Electrical Installation, Electronics Repair",high,mapped,JobStreet PH role/listing-informed curated seed; paraphrased for Kareerly reference_jobs.,Entry to Mid Level,Metro Manila,On-site,₱20000–₱30000/month,https://ph.jobstreet.com/construction%2Bworkers-jobs/in-Cabuyao-City-Laguna,JobStreet Philippines curated reference seed,"building maintenance technician performs routine building repairs, carpentry, plumbing support, basic mechanical maintenance, and facility checks to keep branch or office operations running safely. required skills: carpentry, mechanical maintenance, construction safety nice to have: electrical installation, electronics repair"
JOB-116,K07,"Engineering, Construction, and Skilled Trades","Electrical, Electronics, and Mechanical Trades
Construction and Building Trades
Technical Drafting, Surveying, and Control",Electrician Helper,"Assists licensed electricians in installing, testing, troubleshooting, and maintaining electrical systems while observing construction safety requirements.","Electrical Installation, Construction Safety, Electronics Repair",SK073;SK070;SK075,"Electrical Installation, Construction Safety, Electronics Repair","Mechanical Maintenance, Quality Control",SK074;SK076,"Mechanical Maintenance, Quality Control",high,mapped,JobStreet PH role/listing-informed curated seed; paraphrased for Kareerly reference_jobs.,Entry Level,Laguna / Metro Manila,On-site,₱16000–₱25000/month,https://ph.jobstreet.com/construction%2Bworkers-jobs/in-Cabuyao-City-Laguna,JobStreet Philippines curated reference seed,"electrician helper assists licensed electricians in installing, testing, troubleshooting, and maintaining electrical systems while observing construction safety requirements. required skills: electrical installation, construction safety, electronics repair nice to have: mechanical maintenance, quality control"
JOB-117,K07,"Engineering, Construction, and Skilled Trades","Construction and Building Trades
Engineering and Architecture
Technical Drafting, Surveying, and Control",Carpenter Mason,"Performs basic carpentry and masonry tasks, reads simple layout instructions, prepares materials, and follows site safety practices during building or renovation work.","Masonry, Carpentry, Construction Safety",SK071;SK072;SK070,"Masonry, Carpentry, Construction Safety","Engineering Measurement, Quality Control",SK069;SK076,"Engineering Measurement, Quality Control",high,mapped,JobStreet PH role/listing-informed curated seed; paraphrased for Kareerly reference_jobs.,Entry to Mid Level,Cavite / Laguna,On-site,₱16000–₱28000/month,https://ph.jobstreet.com/construction%2Bworkers-jobs/in-Cabuyao-City-Laguna,JobStreet Philippines curated reference seed,"carpenter mason performs basic carpentry and masonry tasks, reads simple layout instructions, prepares materials, and follows site safety practices during building or renovation work. required skills: masonry, carpentry, construction safety nice to have: engineering measurement, quality control"
JOB-118,K07,"Engineering, Construction, and Skilled Trades","Technical Drafting, Surveying, and Control
Engineering and Architecture
Construction and Building Trades",Quality Control Inspector - Construction,"Inspects construction outputs, checks measurements against drawings, documents defects, and coordinates corrections with project engineers and site teams.","Quality Control, Engineering Measurement, Technical Drafting",SK076;SK069;SK067,"Quality Control, Engineering Measurement, Technical Drafting","Construction Safety, Surveying Support",SK070;SK077,"Construction Safety, Surveying Support",high,mapped,JobStreet PH role/listing-informed curated seed; paraphrased for Kareerly reference_jobs.,Mid Level,Metro Manila / CALABARZON,On-site,₱25000–₱45000/month,https://ph.jobstreet.com/construction-worker-jobs/in-Taguig-City-Metro-Manila,JobStreet Philippines curated reference seed,"quality control inspector - construction inspects construction outputs, checks measurements against drawings, documents defects, and coordinates corrections with project engineers and site teams. required skills: quality control, engineering measurement, technical drafting nice to have: construction safety, surveying support"
JOB-119,K07,"Engineering, Construction, and Skilled Trades","Technical Drafting, Surveying, and Control
Engineering and Architecture
Construction and Building Trades",Surveying Assistant,"Assists surveyors with field measurements, equipment setup, site markings, data recording, and preparation of reports for engineering or construction projects.","Surveying Support, Engineering Measurement, Technical Drafting",SK077;SK069;SK067,"Surveying Support, Engineering Measurement, Technical Drafting","Construction Safety, CAD Operation",SK070;SK068,"Construction Safety, CAD Operation",high,mapped,JobStreet PH role/listing-informed curated seed; paraphrased for Kareerly reference_jobs.,Entry Level,Laguna / Cavite,Field-based,₱18000–₱28000/month,https://ph.jobstreet.com/construction-worker-jobs/in-Taguig-City-Metro-Manila,JobStreet Philippines curated reference seed,"surveying assistant assists surveyors with field measurements, equipment setup, site markings, data recording, and preparation of reports for engineering or construction projects. required skills: surveying support, engineering measurement, technical drafting nice to have: construction safety, cad operation"
JOB-120,K07,"Engineering, Construction, and Skilled Trades","Electrical, Electronics, and Mechanical Trades
Technical Drafting, Surveying, and Control
Manufacturing and Plant Operations",Electronics Repair Technician,"Diagnoses and repairs basic electronic equipment, performs component checks, documents repair actions, and supports preventive maintenance for office or plant systems.","Electronics Repair, Mechanical Maintenance, Quality Control",SK075;SK074;SK076,"Electronics Repair, Mechanical Maintenance, Quality Control","Electrical Installation, Workplace Safety",SK073;SK091,"Electrical Installation, Workplace Safety",high,mapped,JobStreet PH role/listing-informed curated seed; paraphrased for Kareerly reference_jobs.,Entry to Mid Level,Metro Manila / Laguna,On-site,₱18000–₱30000/month,https://ph.jobstreet.com/construction%2Bworkers-jobs/in-Cabuyao-City-Laguna,JobStreet Philippines curated reference seed,"electronics repair technician diagnoses and repairs basic electronic equipment, performs component checks, documents repair actions, and supports preventive maintenance for office or plant systems. required skills: electronics repair, mechanical maintenance, quality control nice to have: electrical installation, workplace safety"
JOB-121,K08,"Hospitality, Tourism, Food, and Personal Services","Hospitality and Accommodation
Travel, Tourism, and Events
Libraries, Archives, and Curatorial Work",Hotel Front Desk Associate,"Welcomes guests, handles check-in and check-out, answers inquiries, manages front-desk records, and coordinates with housekeeping and reservations teams.","Front Desk Support, Guest Relations, Reservation Management",SK078;SK080;SK083,"Front Desk Support, Guest Relations, Reservation Management","Event Coordination, Records Organization",SK082;SK054,"Event Coordination, Records Organization",high,mapped,JobStreet PH role/listing-informed curated seed; paraphrased for Kareerly reference_jobs.,Entry Level,Metro Manila / Laguna,On-site,₱17000–₱26000/month,https://ph.jobstreet.com/reservation-officer-jobs/in-Makati-City-Metro-Manila,JobStreet Philippines curated reference seed,"hotel front desk associate welcomes guests, handles check-in and check-out, answers inquiries, manages front-desk records, and coordinates with housekeeping and reservations teams. required skills: front desk support, guest relations, reservation management nice to have: event coordination, records organization"
JOB-122,K08,"Hospitality, Tourism, Food, and Personal Services","Hospitality and Accommodation
Personal Services and Housekeeping
Food Service and Culinary Work",Housekeeping Attendant,"Cleans and organizes guest rooms or assigned areas, replenishes supplies, reports maintenance concerns, and follows hotel cleanliness and safety standards.","Housekeeping, Laundry Services",SK079;SK088,"Housekeeping, Laundry Services","Guest Relations, Food Safety",SK080;SK086,"Guest Relations, Food Safety",high,mapped,JobStreet PH role/listing-informed curated seed; paraphrased for Kareerly reference_jobs.,Entry Level,Makati / Metro Manila,On-site,₱15000–₱23000/month,https://ph.jobstreet.com/housekeeping-attendant-jobs,JobStreet Philippines curated reference seed,"housekeeping attendant cleans and organizes guest rooms or assigned areas, replenishes supplies, reports maintenance concerns, and follows hotel cleanliness and safety standards. required skills: housekeeping, laundry services nice to have: guest relations, food safety"
JOB-123,K08,"Hospitality, Tourism, Food, and Personal Services","Hospitality and Accommodation
Travel, Tourism, and Events",Guest Relations Officer,"Assists guest concerns, coordinates service recovery, communicates with departments, and maintains a welcoming and professional guest experience.","Guest Relations, Front Desk Support, Reservation Management",SK080;SK078;SK083,"Guest Relations, Front Desk Support, Reservation Management","Tourism Assistance, Event Coordination",SK081;SK082,"Tourism Assistance, Event Coordination",high,mapped,JobStreet PH role/listing-informed curated seed; paraphrased for Kareerly reference_jobs.,Entry to Mid Level,Metro Manila,On-site,₱20000–₱32000/month,https://ph.jobstreet.com/reservation-officer-jobs/in-Makati-City-Metro-Manila,JobStreet Philippines curated reference seed,"guest relations officer assists guest concerns, coordinates service recovery, communicates with departments, and maintains a welcoming and professional guest experience. required skills: guest relations, front desk support, reservation management nice to have: tourism assistance, event coordination"
JOB-124,K08,"Hospitality, Tourism, Food, and Personal Services","Travel, Tourism, and Events
Hospitality and Accommodation",Travel Reservation Agent,"Assists clients in booking flights, hotels, and travel packages while ensuring accurate reservations, clear communication, and efficient customer service.","Reservation Management, Tourism Assistance, Guest Relations",SK083;SK081;SK080,"Reservation Management, Tourism Assistance, Guest Relations","Front Desk Support, Event Coordination",SK078;SK082,"Front Desk Support, Event Coordination",high,mapped,JobStreet PH role/listing-informed curated seed; paraphrased for Kareerly reference_jobs.,Entry Level,Makati / Alabang,On-site,₱20000–₱35000/month,https://ph.jobstreet.com/reservation-officer-jobs/in-Makati-City-Metro-Manila,JobStreet Philippines curated reference seed,"travel reservation agent assists clients in booking flights, hotels, and travel packages while ensuring accurate reservations, clear communication, and efficient customer service. required skills: reservation management, tourism assistance, guest relations nice to have: front desk support, event coordination"
JOB-125,K08,"Hospitality, Tourism, Food, and Personal Services","Travel, Tourism, and Events
Hospitality and Accommodation
Libraries, Archives, and Curatorial Work",Tourism Assistant,"Supports travel inquiries, itinerary coordination, guest orientation, destination information, and customer service for tourism offices or travel companies.","Tourism Assistance, Guest Relations, Reservation Management",SK081;SK080;SK083,"Tourism Assistance, Guest Relations, Reservation Management","Event Coordination, Records Organization",SK082;SK054,"Event Coordination, Records Organization",high,mapped,JobStreet PH role/listing-informed curated seed; paraphrased for Kareerly reference_jobs.,Entry Level,Laguna / Metro Manila,On-site,₱17000–₱27000/month,https://ph.jobstreet.com/reservation-officer-jobs/in-Makati-City-Metro-Manila,JobStreet Philippines curated reference seed,"tourism assistant supports travel inquiries, itinerary coordination, guest orientation, destination information, and customer service for tourism offices or travel companies. required skills: tourism assistance, guest relations, reservation management nice to have: event coordination, records organization"
JOB-126,K08,"Hospitality, Tourism, Food, and Personal Services","Travel, Tourism, and Events
Hospitality and Accommodation
Broadcasting and Content Support",Event Coordinator,"Coordinates event schedules, supplier communication, guest lists, venue setup, and post-event reports for hospitality, tourism, or community events.","Event Coordination, Guest Relations, Front Desk Support",SK082;SK080;SK078,"Event Coordination, Guest Relations, Front Desk Support","Reservation Management, Content Planning",SK083;SK044,"Reservation Management, Content Planning",high,mapped,JobStreet PH role/listing-informed curated seed; paraphrased for Kareerly reference_jobs.,Entry to Mid Level,Metro Manila / CALABARZON,On-site,₱22000–₱38000/month,https://ph.jobstreet.com/reservation-officer-jobs/in-Makati-City-Metro-Manila,JobStreet Philippines curated reference seed,"event coordinator coordinates event schedules, supplier communication, guest lists, venue setup, and post-event reports for hospitality, tourism, or community events. required skills: event coordination, guest relations, front desk support nice to have: reservation management, content planning"
JOB-127,K08,"Hospitality, Tourism, Food, and Personal Services","Food Service and Culinary Work
Hospitality and Accommodation",Restaurant Service Crew,"Serves food and beverages, attends customer requests, maintains dining area cleanliness, supports cashier or order flow, and follows food safety procedures.","Food Service, Food Safety, Guest Relations",SK084;SK086;SK080,"Food Service, Food Safety, Guest Relations","Food Preparation, Front Desk Support",SK085;SK078,"Food Preparation, Front Desk Support",high,mapped,JobStreet PH role/listing-informed curated seed; paraphrased for Kareerly reference_jobs.,Entry Level,Laguna / Metro Manila,On-site,₱15000–₱22000/month,https://ph.jobstreet.com/restaurant-service-crew-jobs/in-Cubao-Quezon-City-Metro-Manila,JobStreet Philippines curated reference seed,"restaurant service crew serves food and beverages, attends customer requests, maintains dining area cleanliness, supports cashier or order flow, and follows food safety procedures. required skills: food service, food safety, guest relations nice to have: food preparation, front desk support"
JOB-128,K08,"Hospitality, Tourism, Food, and Personal Services","Food Service and Culinary Work
Personal Services and Housekeeping
Hospitality and Accommodation",Kitchen Assistant,"Assists in food preparation, portioning, cleaning kitchen tools, storing ingredients properly, and observing food-safety standards during daily operations.","Food Preparation, Food Safety, Food Service",SK085;SK086;SK084,"Food Preparation, Food Safety, Food Service","Laundry Services, Housekeeping",SK088;SK079,"Laundry Services, Housekeeping",high,mapped,JobStreet PH role/listing-informed curated seed; paraphrased for Kareerly reference_jobs.,Entry Level,Laguna / Metro Manila,On-site,₱15000–₱23000/month,https://ph.jobstreet.com/restaurant-service-crew-jobs/in-Cubao-Quezon-City-Metro-Manila,JobStreet Philippines curated reference seed,"kitchen assistant assists in food preparation, portioning, cleaning kitchen tools, storing ingredients properly, and observing food-safety standards during daily operations. required skills: food preparation, food safety, food service nice to have: laundry services, housekeeping"
JOB-129,K08,"Hospitality, Tourism, Food, and Personal Services","Personal Services and Housekeeping
Hospitality and Accommodation
Food Service and Culinary Work",Laundry Attendant,"Sorts, washes, dries, presses, and records linens or garments while coordinating with housekeeping and maintaining laundry equipment and cleanliness.","Laundry Services, Housekeeping",SK088;SK079,"Laundry Services, Housekeeping","Food Safety, Guest Relations",SK086;SK080,"Food Safety, Guest Relations",high,mapped,JobStreet PH role/listing-informed curated seed; paraphrased for Kareerly reference_jobs.,Entry Level,Metro Manila,On-site,₱15000–₱22000/month,https://ph.jobstreet.com/housekeeping-attendant-jobs,JobStreet Philippines curated reference seed,"laundry attendant sorts, washes, dries, presses, and records linens or garments while coordinating with housekeeping and maintaining laundry equipment and cleanliness. required skills: laundry services, housekeeping nice to have: food safety, guest relations"
JOB-130,K08,"Hospitality, Tourism, Food, and Personal Services","Personal Services and Housekeeping
Hospitality and Accommodation
Food Service and Culinary Work",Personal Grooming Services Assistant,"Provides basic grooming support, prepares tools and service areas, maintains hygiene standards, and assists clients with professional personal-care services.","Personal Grooming Services, Guest Relations",SK087;SK080,"Personal Grooming Services, Guest Relations","Food Safety, Housekeeping",SK086;SK079,"Food Safety, Housekeeping",high,mapped,JobStreet PH role/listing-informed curated seed; paraphrased for Kareerly reference_jobs.,Entry Level,Metro Manila / Laguna,On-site,₱15000–₱24000/month,https://ph.jobstreet.com/housekeeping-attendant-jobs,JobStreet Philippines curated reference seed,"personal grooming services assistant provides basic grooming support, prepares tools and service areas, maintains hygiene standards, and assists clients with professional personal-care services. required skills: personal grooming services, guest relations nice to have: food safety, housekeeping"
JOB-131,K09,"Logistics, Manufacturing, and Operations","Manufacturing and Plant Operations
Assembly and Production Support",Production Operator,"Operates production equipment, follows work instructions, monitors output quality, observes safety rules, and reports machine or process issues to supervisors.","Machine Operation, Production Monitoring, Workplace Safety",SK089;SK090;SK091,"Machine Operation, Production Monitoring, Workplace Safety","Quality Inspection, Assembly Work",SK094;SK092,"Quality Inspection, Assembly Work",high,mapped,JobStreet PH role/listing-informed curated seed; paraphrased for Kareerly reference_jobs.,Entry Level,Laguna / Cavite,On-site,₱15000–₱24000/month,https://ph.jobstreet.com/manufacturing%2Bmanager-jobs/in-Calamba-City-Laguna,JobStreet Philippines curated reference seed,"production operator operates production equipment, follows work instructions, monitors output quality, observes safety rules, and reports machine or process issues to supervisors. required skills: machine operation, production monitoring, workplace safety nice to have: quality inspection, assembly work"
JOB-132,K09,"Logistics, Manufacturing, and Operations","Manufacturing and Plant Operations
Assembly and Production Support
Warehouse, Inventory, and Distribution",Production Line Leader,"Monitors line output, coordinates operators, checks production targets, reports downtime, and supports safe and efficient manufacturing operations.","Production Monitoring, Workplace Safety, Quality Inspection",SK090;SK091;SK094,"Production Monitoring, Workplace Safety, Quality Inspection","Machine Operation, Inventory Management",SK089;SK098,"Machine Operation, Inventory Management",high,mapped,JobStreet PH role/listing-informed curated seed; paraphrased for Kareerly reference_jobs.,Mid Level,Calamba / Laguna,On-site,₱25000–₱40000/month,https://ph.jobstreet.com/manufacturing%2Bmanager-jobs/in-Calamba-City-Laguna,JobStreet Philippines curated reference seed,"production line leader monitors line output, coordinates operators, checks production targets, reports downtime, and supports safe and efficient manufacturing operations. required skills: production monitoring, workplace safety, quality inspection nice to have: machine operation, inventory management"
JOB-133,K09,"Logistics, Manufacturing, and Operations","Assembly and Production Support
Manufacturing and Plant Operations",Assembly Worker,"Assembles parts or product components according to work standards, performs basic checks, maintains workplace order, and reports defects or missing materials.","Assembly Work, Workplace Safety, Quality Inspection",SK092;SK091;SK094,"Assembly Work, Workplace Safety, Quality Inspection","Machine Operation, Packaging",SK089;SK093,"Machine Operation, Packaging",high,mapped,JobStreet PH role/listing-informed curated seed; paraphrased for Kareerly reference_jobs.,Entry Level,Laguna / Cavite,On-site,₱15000–₱23000/month,https://ph.jobstreet.com/manufacturing%2Bmanager-jobs/in-Calamba-City-Laguna,JobStreet Philippines curated reference seed,"assembly worker assembles parts or product components according to work standards, performs basic checks, maintains workplace order, and reports defects or missing materials. required skills: assembly work, workplace safety, quality inspection nice to have: machine operation, packaging"
JOB-134,K09,"Logistics, Manufacturing, and Operations","Assembly and Production Support
Manufacturing and Plant Operations
Warehouse, Inventory, and Distribution",Packaging Operator,"Packs finished goods, checks labels and quantities, follows packaging standards, and prepares items for storage or dispatch.","Packaging, Quality Inspection, Workplace Safety",SK093;SK094;SK091,"Packaging, Quality Inspection, Workplace Safety","Warehouse Operations, Inventory Management",SK099;SK098,"Warehouse Operations, Inventory Management",high,mapped,JobStreet PH role/listing-informed curated seed; paraphrased for Kareerly reference_jobs.,Entry Level,Laguna / Metro Manila,On-site,₱15000–₱22000/month,https://ph.jobstreet.com/manufacturing%2Bmanager-jobs/in-Calamba-City-Laguna,JobStreet Philippines curated reference seed,"packaging operator packs finished goods, checks labels and quantities, follows packaging standards, and prepares items for storage or dispatch. required skills: packaging, quality inspection, workplace safety nice to have: warehouse operations, inventory management"
JOB-135,K09,"Logistics, Manufacturing, and Operations","Assembly and Production Support
Manufacturing and Plant Operations
Technical Drafting, Surveying, and Control
Warehouse, Inventory, and Distribution",Quality Inspector,"Inspects finished products or materials, records defects, checks compliance with specifications, and coordinates corrective action with production teams.","Quality Inspection, Production Monitoring, Workplace Safety",SK094;SK090;SK091,"Quality Inspection, Production Monitoring, Workplace Safety","Quality Control, Inventory Management",SK076;SK098,"Quality Control, Inventory Management",high,mapped,JobStreet PH role/listing-informed curated seed; paraphrased for Kareerly reference_jobs.,Entry to Mid Level,Laguna / Cavite,On-site,₱18000–₱30000/month,https://ph.jobstreet.com/manufacturing%2Bmanager-jobs/in-Calamba-City-Laguna,JobStreet Philippines curated reference seed,"quality inspector inspects finished products or materials, records defects, checks compliance with specifications, and coordinates corrective action with production teams. required skills: quality inspection, production monitoring, workplace safety nice to have: quality control, inventory management"
JOB-136,K09,"Logistics, Manufacturing, and Operations","Transport, Driving, and Delivery
Warehouse, Inventory, and Distribution",Delivery Coordinator,"Coordinates deliveries, prepares documents, monitors dispatch status, updates customers or internal teams, and helps resolve delivery delays.","Delivery Coordination, Route Planning, Inventory Management",SK095;SK097;SK098,"Delivery Coordination, Route Planning, Inventory Management","Driving Safety, Warehouse Operations",SK096;SK099,"Driving Safety, Warehouse Operations",high,mapped,JobStreet PH role/listing-informed curated seed; paraphrased for Kareerly reference_jobs.,Entry Level,Metro Manila / Laguna,On-site,₱18000–₱28000/month,https://ph.jobstreet.com/lf-logistics-jobs/in-Cabuyao-City-Laguna,JobStreet Philippines curated reference seed,"delivery coordinator coordinates deliveries, prepares documents, monitors dispatch status, updates customers or internal teams, and helps resolve delivery delays. required skills: delivery coordination, route planning, inventory management nice to have: driving safety, warehouse operations"
JOB-137,K09,"Logistics, Manufacturing, and Operations","Transport, Driving, and Delivery
Manufacturing and Plant Operations
Warehouse, Inventory, and Distribution",Company Driver,"Transports goods or staff safely, plans routes, checks vehicle condition, follows traffic rules, and reports delivery or travel concerns.","Driving Safety, Route Planning, Delivery Coordination",SK096;SK097;SK095,"Driving Safety, Route Planning, Delivery Coordination","Workplace Safety, Inventory Management",SK091;SK098,"Workplace Safety, Inventory Management",high,mapped,JobStreet PH role/listing-informed curated seed; paraphrased for Kareerly reference_jobs.,Entry Level,Laguna / Metro Manila,Field-based,₱16000–₱25000/month,https://ph.jobstreet.com/lf-logistics-jobs/in-Cabuyao-City-Laguna,JobStreet Philippines curated reference seed,"company driver transports goods or staff safely, plans routes, checks vehicle condition, follows traffic rules, and reports delivery or travel concerns. required skills: driving safety, route planning, delivery coordination nice to have: workplace safety, inventory management"
JOB-138,K09,"Logistics, Manufacturing, and Operations","Warehouse, Inventory, and Distribution
Assembly and Production Support
Transport, Driving, and Delivery",Warehouse Inventory Staff,"Maintains inventory records, monitors stock levels, supports cycle counts, prepares receiving and releasing documents, and coordinates with warehouse teams.","Inventory Management, Warehouse Operations, Quality Inspection",SK098;SK099;SK094,"Inventory Management, Warehouse Operations, Quality Inspection","Delivery Coordination, Packaging",SK095;SK093,"Delivery Coordination, Packaging",high,mapped,JobStreet PH role/listing-informed curated seed; paraphrased for Kareerly reference_jobs.,Entry Level,Cavite / Laguna,On-site,₱17000–₱28000/month,https://ph.jobstreet.com/manufacturing%2Bmanager-jobs/in-Calamba-City-Laguna,JobStreet Philippines curated reference seed,"warehouse inventory staff maintains inventory records, monitors stock levels, supports cycle counts, prepares receiving and releasing documents, and coordinates with warehouse teams. required skills: inventory management, warehouse operations, quality inspection nice to have: delivery coordination, packaging"
JOB-139,K09,"Logistics, Manufacturing, and Operations","Warehouse, Inventory, and Distribution
Transport, Driving, and Delivery
Manufacturing and Plant Operations
Assembly and Production Support",Warehouse Operations Assistant,"Supports inbound receiving, storage, picking, order fulfillment, replenishment, and dispatch activities while following warehouse safety and documentation rules.","Warehouse Operations, Inventory Management, Delivery Coordination",SK099;SK098;SK095,"Warehouse Operations, Inventory Management, Delivery Coordination","Workplace Safety, Packaging",SK091;SK093,"Workplace Safety, Packaging",high,mapped,JobStreet PH role/listing-informed curated seed; paraphrased for Kareerly reference_jobs.,Entry Level,Laguna / Batangas,On-site,₱17000–₱27000/month,https://ph.jobstreet.com/logistics-operations-manager-jobs,JobStreet Philippines curated reference seed,"warehouse operations assistant supports inbound receiving, storage, picking, order fulfillment, replenishment, and dispatch activities while following warehouse safety and documentation rules. required skills: warehouse operations, inventory management, delivery coordination nice to have: workplace safety, packaging"
JOB-140,K09,"Logistics, Manufacturing, and Operations","Transport, Driving, and Delivery
Warehouse, Inventory, and Distribution",Logistics Operations Specialist,"Coordinates shipment updates, carrier communication, proof-of-delivery documents, dispatch monitoring, and service-level reports for logistics operations.","Delivery Coordination, Route Planning, Inventory Management",SK095;SK097;SK098,"Delivery Coordination, Route Planning, Inventory Management","Warehouse Operations, Driving Safety",SK099;SK096,"Warehouse Operations, Driving Safety",high,mapped,JobStreet PH role/listing-informed curated seed; paraphrased for Kareerly reference_jobs.,Entry to Mid Level,Metro Manila,Remote/Hybrid,₱30000–₱45000/month,https://ph.jobstreet.com/lf-logistics-jobs/in-Cabuyao-City-Laguna,JobStreet Philippines curated reference seed,"logistics operations specialist coordinates shipment updates, carrier communication, proof-of-delivery documents, dispatch monitoring, and service-level reports for logistics operations. required skills: delivery coordination, route planning, inventory management nice to have: warehouse operations, driving safety"
JOB-141,K10,"Agriculture, Forestry, Fishery, and Environmental Work","Livestock and Animal Production
Manufacturing and Plant Operations
Forestry and Conservation",Swine Farm Operator,"Monitors animal health and condition, maintains farm records, supports feeding and biosecurity routines, and reports production updates to supervisors.","Animal Care, Livestock Production, Workplace Safety",SK103;SK104;SK091,"Animal Care, Livestock Production, Workplace Safety","Dairy Production Support, Waste Management",SK105;SK108,"Dairy Production Support, Waste Management",high,mapped,JobStreet PH role/listing-informed curated seed; paraphrased for Kareerly reference_jobs.,Entry Level,Bulacan / Central Luzon,On-site,₱17000–₱28000/month,https://ph.jobstreet.com/job/92743858,JobStreet Philippines curated reference seed,"swine farm operator monitors animal health and condition, maintains farm records, supports feeding and biosecurity routines, and reports production updates to supervisors. required skills: animal care, livestock production, workplace safety nice to have: dairy production support, waste management"
JOB-142,K10,"Agriculture, Forestry, Fishery, and Environmental Work","Crop and Horticulture
Forestry and Conservation",Agriculturist,"Oversees crop, land, and resource management activities, supports sustainable farm operations, monitors environmental conditions, and prepares field reports.","Crop Production, Horticulture, Environmental Conservation",SK100;SK101;SK106,"Crop Production, Horticulture, Environmental Conservation","Pest Management, Tree Planting",SK102;SK107,"Pest Management, Tree Planting",high,mapped,JobStreet PH role/listing-informed curated seed; paraphrased for Kareerly reference_jobs.,Entry to Mid Level,Nueva Ecija / Laguna,Field-based,₱22000–₱40000/month,https://ph.jobstreet.com/jobs-in-farming-animals-conservation/in-Central-Luzon,JobStreet Philippines curated reference seed,"agriculturist oversees crop, land, and resource management activities, supports sustainable farm operations, monitors environmental conditions, and prepares field reports. required skills: crop production, horticulture, environmental conservation nice to have: pest management, tree planting"
JOB-143,K10,"Agriculture, Forestry, Fishery, and Environmental Work","Crop and Horticulture
Forestry and Conservation",Crop Production Technician,"Supports planting, cultivation, irrigation checks, harvest preparation, and crop monitoring while documenting field activities and production results.","Crop Production, Horticulture, Pest Management",SK100;SK101;SK102,"Crop Production, Horticulture, Pest Management","Environmental Conservation, Waste Management",SK106;SK108,"Environmental Conservation, Waste Management",high,mapped,JobStreet PH role/listing-informed curated seed; paraphrased for Kareerly reference_jobs.,Entry Level,Laguna / Central Luzon,Field-based,₱16000–₱26000/month,https://ph.jobstreet.com/jobs-in-farming-animals-conservation/in-Central-Luzon,JobStreet Philippines curated reference seed,"crop production technician supports planting, cultivation, irrigation checks, harvest preparation, and crop monitoring while documenting field activities and production results. required skills: crop production, horticulture, pest management nice to have: environmental conservation, waste management"
JOB-144,K10,"Agriculture, Forestry, Fishery, and Environmental Work","Crop and Horticulture
Forestry and Conservation",Horticulture Assistant,"Maintains nursery or vegetable production areas, supports plant propagation, monitors plant health, assists pest-control routines, and records growing conditions.","Horticulture, Crop Production, Pest Management",SK101;SK100;SK102,"Horticulture, Crop Production, Pest Management","Tree Planting, Environmental Conservation",SK107;SK106,"Tree Planting, Environmental Conservation",high,mapped,JobStreet PH role/listing-informed curated seed; paraphrased for Kareerly reference_jobs.,Entry Level,Laguna / Batangas,Field-based,₱15000–₱24000/month,https://ph.jobstreet.com/job/92859814,JobStreet Philippines curated reference seed,"horticulture assistant maintains nursery or vegetable production areas, supports plant propagation, monitors plant health, assists pest-control routines, and records growing conditions. required skills: horticulture, crop production, pest management nice to have: tree planting, environmental conservation"
JOB-145,K10,"Agriculture, Forestry, Fishery, and Environmental Work","Crop and Horticulture
Forestry and Conservation
Manufacturing and Plant Operations",Pest Management Assistant,"Inspects crops for pest symptoms, assists in pest-control application, records pest incidence, and follows safe handling procedures for farm inputs.","Pest Management, Crop Production, Environmental Conservation",SK102;SK100;SK106,"Pest Management, Crop Production, Environmental Conservation","Workplace Safety, Waste Management",SK091;SK108,"Workplace Safety, Waste Management",high,mapped,JobStreet PH role/listing-informed curated seed; paraphrased for Kareerly reference_jobs.,Entry Level,CALABARZON / Central Luzon,Field-based,₱16000–₱26000/month,https://ph.jobstreet.com/jobs-in-farming-animals-conservation/in-Central-Luzon,JobStreet Philippines curated reference seed,"pest management assistant inspects crops for pest symptoms, assists in pest-control application, records pest incidence, and follows safe handling procedures for farm inputs. required skills: pest management, crop production, environmental conservation nice to have: workplace safety, waste management"
JOB-146,K10,"Agriculture, Forestry, Fishery, and Environmental Work","Livestock and Animal Production
Nursing, Midwifery, and Caregiving
Forestry and Conservation",Livestock Farm Assistant,"Assists daily animal feeding, health checks, pen cleaning, breeding support, and livestock production documentation under farm supervision.","Animal Care, Livestock Production, Elderly Care",SK103;SK104;SK060,"Animal Care, Livestock Production, Elderly Care","Dairy Production Support, Waste Management",SK105;SK108,"Dairy Production Support, Waste Management",high,mapped,JobStreet PH role/listing-informed curated seed; paraphrased for Kareerly reference_jobs.,Entry Level,Bulacan / Batangas,On-site,₱15000–₱25000/month,https://ph.jobstreet.com/job/92743858,JobStreet Philippines curated reference seed,"livestock farm assistant assists daily animal feeding, health checks, pen cleaning, breeding support, and livestock production documentation under farm supervision. required skills: animal care, livestock production, elderly care nice to have: dairy production support, waste management"
JOB-147,K10,"Agriculture, Forestry, Fishery, and Environmental Work","Livestock and Animal Production
Food Service and Culinary Work
Manufacturing and Plant Operations",Dairy Production Aide,"Supports milking routines, animal handling, sanitation, milk-quality checks, and dairy production records in a farm or cooperative setting.","Dairy Production Support, Animal Care, Livestock Production",SK105;SK103;SK104,"Dairy Production Support, Animal Care, Livestock Production","Food Safety, Workplace Safety",SK086;SK091,"Food Safety, Workplace Safety",high,mapped,JobStreet PH role/listing-informed curated seed; paraphrased for Kareerly reference_jobs.,Entry Level,Laguna / Batangas,On-site,₱16000–₱26000/month,https://ph.jobstreet.com/job/92743858,JobStreet Philippines curated reference seed,"dairy production aide supports milking routines, animal handling, sanitation, milk-quality checks, and dairy production records in a farm or cooperative setting. required skills: dairy production support, animal care, livestock production nice to have: food safety, workplace safety"
JOB-148,K10,"Agriculture, Forestry, Fishery, and Environmental Work","Forestry and Conservation
Social, Religious, and Community Work
Manufacturing and Plant Operations",Environmental Conservation Assistant,"Assists conservation projects by monitoring sites, supporting waste-management activities, tree planting, environmental reporting, and community awareness activities.","Environmental Conservation, Tree Planting, Waste Management",SK106;SK107;SK108,"Environmental Conservation, Tree Planting, Waste Management","Community Engagement, Workplace Safety",SK051;SK091,"Community Engagement, Workplace Safety",high,mapped,JobStreet PH role/listing-informed curated seed; paraphrased for Kareerly reference_jobs.,Entry Level,Laguna / Quezon,Field-based,₱17000–₱28000/month,https://ph.jobstreet.com/jobs-in-farming-animals-conservation/in-Central-Luzon,JobStreet Philippines curated reference seed,"environmental conservation assistant assists conservation projects by monitoring sites, supporting waste-management activities, tree planting, environmental reporting, and community awareness activities. required skills: environmental conservation, tree planting, waste management nice to have: community engagement, workplace safety"
JOB-149,K10,"Agriculture, Forestry, Fishery, and Environmental Work","Fishery and Aquatic Work
Livestock and Animal Production
Forestry and Conservation
Manufacturing and Plant Operations",Aquaculture Technician,"Supports fish pond or hatchery operations, monitors water and stock condition, assists feeding routines, and records aquaculture production data.","Aquaculture Support, Fish Handling, Animal Care",SK109;SK110;SK103,"Aquaculture Support, Fish Handling, Animal Care","Waste Management, Workplace Safety",SK108;SK091,"Waste Management, Workplace Safety",high,mapped,JobStreet PH role/listing-informed curated seed; paraphrased for Kareerly reference_jobs.,Entry Level,Laguna / Batangas,On-site,₱16000–₱27000/month,https://ph.jobstreet.com/jobs-in-farming-animals-conservation/in-Central-Luzon,JobStreet Philippines curated reference seed,"aquaculture technician supports fish pond or hatchery operations, monitors water and stock condition, assists feeding routines, and records aquaculture production data. required skills: aquaculture support, fish handling, animal care nice to have: waste management, workplace safety"
JOB-150,K10,"Agriculture, Forestry, Fishery, and Environmental Work","Fishery and Aquatic Work
Food Service and Culinary Work
Assembly and Production Support
Manufacturing and Plant Operations",Fish Handling Processor,"Sorts, cleans, packs, and stores fish products while following hygiene, temperature control, food-safety, and documentation procedures.","Fish Handling, Food Safety, Packaging",SK110;SK086;SK093,"Fish Handling, Food Safety, Packaging","Aquaculture Support, Workplace Safety",SK109;SK091,"Aquaculture Support, Workplace Safety",high,mapped,JobStreet PH role/listing-informed curated seed; paraphrased for Kareerly reference_jobs.,Entry Level,Batangas / Metro Manila,On-site,₱15000–₱24000/month,https://ph.jobstreet.com/jobs-in-farming-animals-conservation/in-Central-Luzon,JobStreet Philippines curated reference seed,"fish handling processor sorts, cleans, packs, and stores fish products while following hygiene, temperature control, food-safety, and documentation procedures. required skills: fish handling, food safety, packaging nice to have: aquaculture support, workplace safety"
JOB-151,K11,"Public Service, Legal, and Protective Services","Government and Regulatory Services
Libraries, Archives, and Curatorial Work
Policy, Leadership, and Public Administration",Government Records Assistant,"Organizes public records, checks document completeness, supports request processing, and assists regulatory or administrative teams in maintaining accurate files.","Government Service Support, Public Records Management, Regulatory Compliance",SK111;SK113;SK112,"Government Service Support, Public Records Management, Regulatory Compliance","Records Organization, Policy Support",SK054;SK120,"Records Organization, Policy Support",high,mapped,JobStreet PH role/listing-informed curated seed; paraphrased for Kareerly reference_jobs.,Entry Level,Laguna / Metro Manila,On-site,₱16000–₱26000/month,https://ph.jobstreet.com/career-advice/article/whats-stopping-you-from-pursuing-a-government-job,JobStreet Philippines curated reference seed,"government records assistant organizes public records, checks document completeness, supports request processing, and assists regulatory or administrative teams in maintaining accurate files. required skills: government service support, public records management, regulatory compliance nice to have: records organization, policy support"
JOB-152,K11,"Public Service, Legal, and Protective Services","Government and Regulatory Services
Protective and Security Services
Policy, Leadership, and Public Administration",Regulatory Compliance Assistant,"Assists compliance monitoring, prepares regulatory documents, tracks permit requirements, and reports gaps to management or government-facing teams.","Regulatory Compliance, Government Service Support, Risk Reporting",SK112;SK111;SK119,"Regulatory Compliance, Government Service Support, Risk Reporting","Public Records Management, Policy Support",SK113;SK120,"Public Records Management, Policy Support",high,mapped,JobStreet PH role/listing-informed curated seed; paraphrased for Kareerly reference_jobs.,Entry to Mid Level,Metro Manila,Hybrid,₱25000–₱40000/month,https://ph.jobstreet.com/career-advice/article/whats-stopping-you-from-pursuing-a-government-job,JobStreet Philippines curated reference seed,"regulatory compliance assistant assists compliance monitoring, prepares regulatory documents, tracks permit requirements, and reports gaps to management or government-facing teams. required skills: regulatory compliance, government service support, risk reporting nice to have: public records management, policy support"
JOB-153,K11,"Public Service, Legal, and Protective Services","Legal Services
Government and Regulatory Services",Legal Assistant,"Prepares legal documents, organizes case files, supports contract tracking, coordinates with counsel, and maintains confidential records.","Legal Documentation, Contract Review Support, Public Records Management",SK114;SK116;SK113,"Legal Documentation, Contract Review Support, Public Records Management","Legal Research Support, Regulatory Compliance",SK115;SK112,"Legal Research Support, Regulatory Compliance",high,mapped,JobStreet PH role/listing-informed curated seed; paraphrased for Kareerly reference_jobs.,Entry Level,Pasig / Metro Manila,On-site,₱20000–₱32000/month,https://ph.jobstreet.com/Public-Attorney%27s-Office-Philippines-jobs/in-Marilao-Bulacan,JobStreet Philippines curated reference seed,"legal assistant prepares legal documents, organizes case files, supports contract tracking, coordinates with counsel, and maintains confidential records. required skills: legal documentation, contract review support, public records management nice to have: legal research support, regulatory compliance"
JOB-154,K11,"Public Service, Legal, and Protective Services","Legal Services
Government and Regulatory Services
Policy, Leadership, and Public Administration",Legal Research Assistant,"Researches laws and cases, summarizes findings, organizes legal references, and supports lawyers or compliance officers with documentation.","Legal Research Support, Legal Documentation, Public Records Management",SK115;SK114;SK113,"Legal Research Support, Legal Documentation, Public Records Management","Contract Review Support, Policy Support",SK116;SK120,"Contract Review Support, Policy Support",high,mapped,JobStreet PH role/listing-informed curated seed; paraphrased for Kareerly reference_jobs.,Entry Level,Metro Manila,Hybrid,₱22000–₱35000/month,https://ph.jobstreet.com/Public-Attorney%27s-Office-Philippines-jobs/in-Marilao-Bulacan,JobStreet Philippines curated reference seed,"legal research assistant researches laws and cases, summarizes findings, organizes legal references, and supports lawyers or compliance officers with documentation. required skills: legal research support, legal documentation, public records management nice to have: contract review support, policy support"
JOB-155,K11,"Public Service, Legal, and Protective Services","Legal Services
Government and Regulatory Services
Protective and Security Services",Contract Review Assistant,"Reviews contract checklists, prepares summaries, tracks obligations, supports revisions, and escalates legal or compliance concerns to counsel.","Contract Review Support, Legal Documentation, Regulatory Compliance",SK116;SK114;SK112,"Contract Review Support, Legal Documentation, Regulatory Compliance","Legal Research Support, Risk Reporting",SK115;SK119,"Legal Research Support, Risk Reporting",high,mapped,JobStreet PH role/listing-informed curated seed; paraphrased for Kareerly reference_jobs.,Entry to Mid Level,Metro Manila,Hybrid,₱25000–₱42000/month,https://ph.jobstreet.com/Public-Attorney%27s-Office-Philippines-jobs/in-Marilao-Bulacan,JobStreet Philippines curated reference seed,"contract review assistant reviews contract checklists, prepares summaries, tracks obligations, supports revisions, and escalates legal or compliance concerns to counsel. required skills: contract review support, legal documentation, regulatory compliance nice to have: legal research support, risk reporting"
JOB-156,K11,"Public Service, Legal, and Protective Services","Protective and Security Services
Transport, Driving, and Delivery
Manufacturing and Plant Operations",Security Guard,"Monitors premises, checks access points, responds to incidents, reports safety risks, and coordinates with supervisors or law enforcement when needed.","Security Monitoring, Emergency Response, Risk Reporting",SK117;SK118;SK119,"Security Monitoring, Emergency Response, Risk Reporting","Driving Safety, Workplace Safety",SK096;SK091,"Driving Safety, Workplace Safety",high,mapped,JobStreet PH role/listing-informed curated seed; paraphrased for Kareerly reference_jobs.,Entry Level,Metro Manila / Laguna,On-site,₱16000–₱25000/month,https://ph.jobstreet.com/career-advice/role/guard,JobStreet Philippines curated reference seed,"security guard monitors premises, checks access points, responds to incidents, reports safety risks, and coordinates with supervisors or law enforcement when needed. required skills: security monitoring, emergency response, risk reporting nice to have: driving safety, workplace safety"
JOB-157,K11,"Public Service, Legal, and Protective Services","Protective and Security Services
Nursing, Midwifery, and Caregiving
Manufacturing and Plant Operations",Emergency Response Aide,"Assists emergency response activities, reports hazards, supports evacuation or first-response procedures, and documents incidents for management review.","Emergency Response, Risk Reporting, Security Monitoring",SK118;SK119;SK117,"Emergency Response, Risk Reporting, Security Monitoring","Basic Life Support, Workplace Safety",SK061;SK091,"Basic Life Support, Workplace Safety",high,mapped,JobStreet PH role/listing-informed curated seed; paraphrased for Kareerly reference_jobs.,Entry Level,Metro Manila / CALABARZON,On-site,₱17000–₱28000/month,https://ph.jobstreet.com/career-advice/role/guard,JobStreet Philippines curated reference seed,"emergency response aide assists emergency response activities, reports hazards, supports evacuation or first-response procedures, and documents incidents for management review. required skills: emergency response, risk reporting, security monitoring nice to have: basic life support, workplace safety"
JOB-158,K11,"Public Service, Legal, and Protective Services","Protective and Security Services
Government and Regulatory Services
Policy, Leadership, and Public Administration",Risk Reporting Assistant,"Collects incident reports, prepares risk logs, tracks corrective actions, and supports compliance teams in monitoring operational or safety issues.","Risk Reporting, Regulatory Compliance, Public Records Management",SK119;SK112;SK113,"Risk Reporting, Regulatory Compliance, Public Records Management","Policy Support, Security Monitoring",SK120;SK117,"Policy Support, Security Monitoring",high,mapped,JobStreet PH role/listing-informed curated seed; paraphrased for Kareerly reference_jobs.,Entry Level,Metro Manila,Hybrid,₱22000–₱35000/month,https://ph.jobstreet.com/Public-Attorney%27s-Office-Philippines-jobs/in-Marilao-Bulacan,JobStreet Philippines curated reference seed,"risk reporting assistant collects incident reports, prepares risk logs, tracks corrective actions, and supports compliance teams in monitoring operational or safety issues. required skills: risk reporting, regulatory compliance, public records management nice to have: policy support, security monitoring"
JOB-159,K11,"Public Service, Legal, and Protective Services","Policy, Leadership, and Public Administration
Government and Regulatory Services
Legal Services",Policy Support Assistant,"Assists policy research, prepares briefing notes, coordinates stakeholder comments, and organizes records for public administration or organizational governance work.","Policy Support, Government Service Support, Legal Research Support",SK120;SK111;SK115,"Policy Support, Government Service Support, Legal Research Support","Leadership Support, Public Records Management",SK121;SK113,"Leadership Support, Public Records Management",high,mapped,JobStreet PH role/listing-informed curated seed; paraphrased for Kareerly reference_jobs.,Entry to Mid Level,Metro Manila / Laguna,Hybrid,₱24000–₱40000/month,https://ph.jobstreet.com/career-advice/role/liaison-officer,JobStreet Philippines curated reference seed,"policy support assistant assists policy research, prepares briefing notes, coordinates stakeholder comments, and organizes records for public administration or organizational governance work. required skills: policy support, government service support, legal research support nice to have: leadership support, public records management"
JOB-160,K11,"Public Service, Legal, and Protective Services","Government and Regulatory Services
Policy, Leadership, and Public Administration",Liaison Officer,"Coordinates with government agencies and external partners, maintains contact lists, facilitates document submissions, and communicates updates to internal teams.","Government Service Support, Regulatory Compliance, Leadership Support",SK111;SK112;SK121,"Government Service Support, Regulatory Compliance, Leadership Support","Public Records Management, Policy Support",SK113;SK120,"Public Records Management, Policy Support",high,mapped,JobStreet PH role/listing-informed curated seed; paraphrased for Kareerly reference_jobs.,Entry to Mid Level,Metro Manila / CALABARZON,Field-based,₱20000–₱35000/month,https://ph.jobstreet.com/career-advice/role/liaison-officer,JobStreet Philippines curated reference seed,"liaison officer coordinates with government agencies and external partners, maintains contact lists, facilitates document submissions, and communicates updates to internal teams. required skills: government service support, regulatory compliance, leadership support nice to have: public records management, policy support"
