skill_id,category_id,skill_category,skill_subcategory,skill_name,skill_description,psoc_code,psoc_category,isco08_code,esco_skill_reference,related_skills,esco_skill_uri,esco_preferred_label,esco_alternative_labels,esco_description,esco_version,mapping_confidence,mapping_status,source_note
SK001,K01,"Technology, Data, and Digital Systems",Software and Applications,Python Programming,"Ability to develop scripts, applications, or backend logic using Python.",2512,Software Developers,2512,programming languages,"Python Programming; programming languages; programming languages for smart contract; Software and Applications; Technology, Data, and Digital Systems",http://data.europa.eu/esco/skill/495ce586-09d7-4cec-83d7-2821be6590c4,smart contract programming languages,programming languages for smart contract,"Essential Smart Contract programming languages include Solidity, Rust, JavaScript, Vyper and Yul.",ESCO v1.2.0 / API-ready,0.65,manual_review,seed_reference
SK002,K01,"Technology, Data, and Digital Systems",Software and Applications,JavaScript Programming,Ability to build interactive web functions using JavaScript.,2512,Software Developers,2512,JavaScript,JavaScript Programming; JavaScript; Client-side JavaScript; Live Script; Escript; CSJS; Mocha; Software and Applications,http://data.europa.eu/esco/skill/3cd569a2-4f88-4c1e-9995-8dce8c5e51a7,JavaScript,Client-side JavaScript; Live Script; Escript; CSJS; Mocha; Server-side JavaScript,"The techniques and principles of software development, such as analysis, algorithms, coding, testing and compiling of programming paradigms in JavaScript.",ESCO v1.2.0 / API-ready,0.98,mapped,seed_reference
SK003,K01,"Technology, Data, and Digital Systems",Software and Applications,Web Development,Ability to create and maintain websites or web applications.,2513,Web and Multimedia Developers,2513,develop websites,"Web Development; develop websites; developing staff; help strengthen staff; build up staff; Software and Applications; Technology, Data, and Digital Systems",http://data.europa.eu/esco/skill/714eebcb-569a-4f1b-b592-28f70b59a9ba,develop staff,developing staff; help strengthen staff; build up staff,"Lead employees to meet the organisations expectations for productivity, quality and goal accomplishment. Provide effective performance feedback through employee recognition and reward in conjunction with the Human Resources Manager as required.",ESCO v1.2.0 / API-ready,0.62,manual_review,seed_reference
SK004,K01,"Technology, Data, and Digital Systems","Data, Analytics, and Statistics",SQL,"Ability to query, manage, and analyze structured data using SQL.",2521,Database Designers and Administrators,2521,database query languages,"SQL; database query languages; DMX; SuprTool; OttoQL; XPath; QUEL; Data, Analytics, and Statistics",http://data.europa.eu/esco/skill/9cf681c7-89ec-470c-b651-7fe03786f586,query languages,DMX; SuprTool; OttoQL; XPath; QUEL; ISBL; .QL; F-logic; SPL; FQL; OPath; MQL; Poliqarp; HTSQL; YQL; Gellish; XSPARQL; Concept-Oriented; TMQL; RDQL; OCL; OQL; CQLF; ReQL; Datalog,The field of standardised computer languages for retrieval of information from a database and of documents containing the needed information.,ESCO v1.2.0 / API-ready,0.73,partial_match,seed_reference
SK005,K01,"Technology, Data, and Digital Systems","Data, Analytics, and Statistics",Data Analysis,"Ability to interpret, clean, summarize, and communicate data for decision-making.",2421,Management and Organization Analysts,2421,data analysis,"Data Analysis; analyse data performance; perform analysis of data; implement data analysis; performing data analysis; undertake data analysis; Data, Analytics, and Statistics; Technology, Data, and Digital Systems",http://data.europa.eu/esco/skill/2b92a5b2-6758-4ee3-9fb4-b6387a55cc8f,perform data analysis,analyse data performance; perform analysis of data; implement data analysis; performing data analysis; undertake data analysis; complete data analysis,"Collect data and statistics to test and evaluate in order to generate assertions and pattern predictions, with the aim of discovering useful information in a decision-making process.",ESCO v1.2.0 / API-ready,0.73,partial_match,seed_reference
SK006,K01,"Technology, Data, and Digital Systems","Data, Analytics, and Statistics",Data Visualization,"Ability to present data through charts, dashboards, and visual reports.",2421,Management and Organization Analysts,2421,data visualisation,"Data Visualization; data visualisation; data presentation software; Data, Analytics, and Statistics; Technology, Data, and Digital Systems",http://data.europa.eu/esco/skill/65e58886-bd1e-4c5b-8ca5-8d9b353c8aa1,data visualisation software,data presentation software,"A computer tool or application that creates a graphical and visual representation of data, allowing a better understanding and interpretation of complex data through visual elements such as maps, charts, infographics or graphs.",ESCO v1.2.0 / API-ready,0.75,partial_match,seed_reference
SK007,K01,"Technology, Data, and Digital Systems","Networks, Databases, and IT Support",Technical Support,"Ability to troubleshoot user, device, network, or software issues.",3512,ICT User Support Technicians,3512,ICT troubleshooting,"Technical Support; ICT troubleshooting; undertake ICT troubleshooting; implement ICT troubleshooting; performing ICT troubleshooting; complete ICT troubleshooting; ICT troubleshooting performance; Networks, Databases, and IT Support",http://data.europa.eu/esco/skill/744442ac-c157-4350-8be0-ce454df4f5c5,perform ICT troubleshooting,undertake ICT troubleshooting; implement ICT troubleshooting; performing ICT troubleshooting; complete ICT troubleshooting; ICT troubleshooting performance,"Identify problems with servers, desktops, printers, networks, and remote access, and perform actions which solve the problems.",ESCO v1.2.0 / API-ready,0.77,partial_match,seed_reference
SK008,K01,"Technology, Data, and Digital Systems","Networks, Databases, and IT Support",Database Management,"Ability to organize, maintain, and secure database records.",2521,Database Designers and Administrators,2521,manage database,"Database Management; manage database; implement database theory; Networks, Databases, and IT Support; Technology, Data, and Digital Systems",http://data.europa.eu/esco/skill/29fb0fb5-dfc4-4098-ac9b-3a712000f48f,manage database,implement database theory,"Apply database design schemes and models, define data dependencies, use query languages and database management systems (DBMS) to develop and manage databases.",ESCO v1.2.0 / API-ready,0.98,mapped,seed_reference
SK009,K01,"Technology, Data, and Digital Systems","Networks, Databases, and IT Support",Network Administration,Ability to configure and maintain computer networks.,2522,Systems Administrators,2522,manage computer networks,"Network Administration; manage computer networks; design LAN; design wide area network; design WAN; design local area network; Networks, Databases, and IT Support; Technology, Data, and Digital Systems",http://data.europa.eu/esco/skill/2164e860-7f20-48bc-b98c-5d9f8a561550,design computer network,design LAN; design wide area network; design WAN; design local area network,"Develop and plan ICT networks, such as wide area network and local area network, that connect computers using cable or wireless connections and allow them to exchange data and assess their capacity requirements.",ESCO v1.2.0 / API-ready,0.62,manual_review,seed_reference
SK010,K01,"Technology, Data, and Digital Systems",Telecommunications and Digital Infrastructure,Cybersecurity Awareness,Ability to recognize and follow basic security practices for digital systems.,2529,Database and Network Professionals Not Elsewhere Classified,2529,cyber security,Cybersecurity Awareness; cyber security; ICT security; cybersecurity; digital security; information and communications technology security; IT security; Telecommunications and Digital Infrastructure,http://data.europa.eu/esco/skill/8088750d-8388-4170-a76f-48354c469c44,cyber security,ICT security; cybersecurity; digital security; information and communications technology security; IT security; information security,"The methods and best practices that protect ICT systems, networks, computers, devices, services, processes and people against unauthorised access, modification and/or denial of service of assets.",ESCO v1.2.0 / API-ready,0.98,mapped,seed_reference
SK011,K01,"Technology, Data, and Digital Systems",Telecommunications and Digital Infrastructure,Cloud Computing,"Ability to use cloud-based services for storage, deployment, and computing.",2529,Database and Network Professionals Not Elsewhere Classified,2529,cloud technologies,"Cloud Computing; cloud technologies; edge computing; Telecommunications and Digital Infrastructure; Technology, Data, and Digital Systems",http://data.europa.eu/esco/skill/bd14968e-e409-45af-b362-3495ed7b10e0,cloud technologies,cloud computing; edge computing,"The technologies which enable access to hardware, software, data and services through remote servers and software networks irrespective of their location and architecture.",ESCO v1.2.0 / API-ready,0.98,mapped,seed_reference
SK012,K02,"Business, Finance, and Office Administration","Finance, Accounting, and Bookkeeping",Bookkeeping,Ability to record and organize financial transactions and basic accounting records.,3313,Accounting Associate Professionals,3313,bookkeeping,"Bookkeeping; accounting controls; accounting governance; accounting supervision; accounting arrangements; book keeping supervision; Finance, Accounting, and Bookkeeping; Business, Finance, and Office Administration",http://data.europa.eu/esco/skill/2ff405ec-f59c-4a7b-84b6-9776a49582c4,bookkeeping regulations,accounting controls; accounting governance; accounting supervision; accounting arrangements; book keeping supervision; book keeping governance; book keeping arrangements; book keeping controls,The methods and regulations involved in the process of accurate bookkeeping.,ESCO v1.2.0 / API-ready,0.62,manual_review,seed_reference
SK013,K02,"Business, Finance, and Office Administration","Finance, Accounting, and Bookkeeping",Financial Reporting,Ability to prepare summaries of financial data for monitoring and decisions.,2411,Accountants,2411,financial reporting,"Financial Reporting; monetary estimating; monetary planning; financial planning; monetary calculating; financial calculating; Finance, Accounting, and Bookkeeping; Business, Finance, and Office Administration",http://data.europa.eu/esco/skill/4b2db903-cd8e-48ce-97fb-a92db4def54e,financial forecasting,monetary estimating; monetary planning; financial planning; monetary calculating; financial calculating; financial estimating,The tool used in performing fiscal financial management to identify revenue trends and estimated financial conditions.,ESCO v1.2.0 / API-ready,0.64,manual_review,seed_reference
SK014,K02,"Business, Finance, and Office Administration","Finance, Accounting, and Bookkeeping",Payroll Processing,"Ability to compute, prepare, and maintain payroll records.",4313,Payroll Clerks,4313,process payroll,"Payroll Processing; process payroll; collect payments; take payments for bills; handle payments; processing payments; accept payments; Finance, Accounting, and Bookkeeping",http://data.europa.eu/esco/skill/bdcac0c8-b77a-4640-9eaf-c0cf3efd1e23,process payments,collect payments; take payments for bills; handle payments; processing payments; accept payments; process a payment; process customer payments,"Accept payments such as cash, credit cards and debit cards. Handle reimbursement in case of returns or administer vouchers and marketing instruments such as bonus cards or membership cards. Pay attention to safety and the protection of personal data.",ESCO v1.2.0 / API-ready,0.62,manual_review,seed_reference
SK015,K02,"Business, Finance, and Office Administration",Office Administration and Clerical Support,Office Administration,"Ability to handle clerical, document, scheduling, and office coordination tasks.",4110,General Office Clerks,4110,office administration,"Office Administration; office control; office organisation; office management; Office Administration and Clerical Support; Business, Finance, and Office Administration",http://data.europa.eu/esco/skill/6a609f8f-1451-4102-ad2d-62c5270e1237,office administration,office control; office organisation; office management,"The paperwork processes related to the administrative areas of an office environment. The activities or processes may include financial planning, record keeping and billing and managing the general logistics of an organisation.",ESCO v1.2.0 / API-ready,0.98,mapped,seed_reference
SK016,K02,"Business, Finance, and Office Administration",Office Administration and Clerical Support,Document Management,"Ability to organize, file, retrieve, and maintain business documents.",4415,Filing and Copying Clerks,4415,manage documents,Document Management; manage documents; Alfresco Standard Network; Dokmee; Enterprise Content Management; FileHold; Athento Smart Document Management; Office Administration and Clerical Support,http://data.europa.eu/esco/skill/b769f524-0f25-44d7-8538-5c46710a040e,manage digital documents,Alfresco Standard Network; Dokmee; Enterprise Content Management; FileHold; Athento Smart Document Management; FileNet Content Manager; FileCenter Pro; SIVADOC; M-Files DMS; Nuxeo Document Management; DocuXplorer; BlueDoc; managing digital documents; manage digital files; PaperPort Pro; DocPoint; OneDrive; docSTAR eclipse,"Manage various data formats and files by naming, publishing, transforming and sharing files and documents and transforming file formats.",ESCO v1.2.0 / API-ready,0.75,partial_match,seed_reference
SK017,K02,"Business, Finance, and Office Administration",Office Administration and Clerical Support,Data Encoding,Ability to accurately enter and update information in digital systems.,4132,Data Entry Clerks,4132,data entry,Data Encoding; data entry; supervision of data entry; monitor data entry; oversee data entry; manage data entry; supervising data entry; Office Administration and Clerical Support,http://data.europa.eu/esco/skill/f399a9c1-be41-4117-bf86-a64b503c4cfd,supervise data entry,supervision of data entry; monitor data entry; oversee data entry; manage data entry; supervising data entry; data entry supervision; watch over data entry,"Supervise the entry of information such as addresses or names in a data storage and retrieval system via manual keying, electronic data transfer or by scanning.",ESCO v1.2.0 / API-ready,0.67,manual_review,seed_reference
SK018,K02,"Business, Finance, and Office Administration",Human Resources and Business Services,Human Resource Support,"Ability to assist with recruitment, records, and HR coordination.",4416,Human Resources Clerks,4416,human resource management,Human Resource Support; human resource management; human resource administration; HR management; human resources management; HR; human resource control; Human Resources and Business Services,http://data.europa.eu/esco/skill/e437eba1-3e22-41f2-8703-741e94785cba,human resource management,human resource administration; HR management; human resources management; HR; human resource control; HRM; human resource supervision,The function in an organisation concerned with the recruitment of employees and the optimisation of employee performance.,ESCO v1.2.0 / API-ready,0.98,mapped,seed_reference
SK019,K02,"Business, Finance, and Office Administration",Human Resources and Business Services,Recruitment Coordination,"Ability to support hiring schedules, applicant records, and recruitment communication.",2423,Personnel and Careers Professionals,2423,recruit employees,Recruitment Coordination; recruit employees; hire new personnel; hiring new personnel; recruit staff; employ new personnel; manage recruitment of employees; Human Resources and Business Services,http://data.europa.eu/esco/skill/496932f1-0b6b-4f73-9432-d95c7ddcd43b,recruit employees,hire new personnel; hiring new personnel; recruit staff; employ new personnel; manage recruitment of employees,"Hire new employees by scoping the job role, advertising, performing interviews and selecting staff in line with company policy and legislation.",ESCO v1.2.0 / API-ready,0.98,mapped,seed_reference
SK020,K02,"Business, Finance, and Office Administration",Human Resources and Business Services,Business Communication,Ability to communicate clearly in workplace and administrative settings.,4110,General Office Clerks,4110,business communication,"Business Communication; business communication process; Human Resources and Business Services; Business, Finance, and Office Administration; workplace skills",http://data.europa.eu/esco/skill/b17f4305-741a-4a1c-8fe8-6f11cb3d5c0a,business communication,business communication process,The process of effectively communicating within the workplace and to external bodies to achieve organisational goals.,ESCO v1.2.0 / API-ready,0.98,mapped,seed_reference
SK021,K02,"Business, Finance, and Office Administration",Management and Organizational Operations,Project Coordination,"Ability to organize tasks, timelines, and team coordination for projects.",3343,Administrative and Executive Secretaries,3343,project management,Project Coordination; project management; fundamentals of programme management; management of programmes; management of projects; fundamentals of project management; principles of project management; Management and Organizational Operations,http://data.europa.eu/esco/skill/7111b95d-0ce3-441a-9d92-4c75d05c4388,project management,fundamentals of programme management; management of programmes; management of projects; fundamentals of project management; principles of project management; programme management; principles of programme management; programme management activities; project management activities,"The discipline of project management, the activities which comprise this area and the variables implied in it, such as time, resources, requirements, deadlines, and responding to unexpected events.",ESCO v1.2.0 / API-ready,0.98,mapped,seed_reference
SK022,K02,"Business, Finance, and Office Administration",Management and Organizational Operations,Operations Support,Ability to assist with daily business processes and workflow monitoring.,3341,Office Supervisors,3341,business operations,Operations Support; business operations; certify lawful business operations; ensure lawful business operation; guarantee lawful business operations; ensuring lawful business operations; ensure business operations are lawful; Management and Organizational Operations,http://data.europa.eu/esco/skill/2910e2f0-115f-4868-9282-604067153c4f,ensure lawful business operations,certify lawful business operations; ensure lawful business operation; guarantee lawful business operations; ensuring lawful business operations; ensure business operations are lawful,Comply with legislation in the daily operations of a company.,ESCO v1.2.0 / API-ready,0.65,manual_review,seed_reference
SK023,K03,"Sales, Marketing, and Customer Relations",Sales and Retail,Sales Techniques,Ability to communicate product value and close customer transactions.,5223,Shop Sales Assistants,5223,sales techniques,"Sales Techniques; sales promoting techniques; a sales promotion technique; sales promotion performance; sales promotion skills; sales promotion methods; Sales and Retail; Sales, Marketing, and Customer Relations",http://data.europa.eu/esco/skill/756ae350-9e1f-4cb9-9c27-6bd99806dadc,sales promotion techniques,sales promoting techniques; a sales promotion technique; sales promotion performance; sales promotion skills; sales promotion methods; sales promotion technique; sales promotion approaches,The techniques used to persuade customers to purchase a product or a service.,ESCO v1.2.0 / API-ready,0.73,partial_match,seed_reference
SK024,K03,"Sales, Marketing, and Customer Relations",Sales and Retail,Retail Operations,"Ability to support store activities, stock display, and customer transactions.",5223,Shop Sales Assistants,5223,retail operations,"Retail Operations; mill performance; mill operation; mill production; mill working; Sales and Retail; Sales, Marketing, and Customer Relations",http://data.europa.eu/esco/skill/bf5b4ec8-330c-4d51-bbbb-fc7ac6b4b2a5,mill operations,mill performance; mill operation; mill production; mill working,"Details of milling operations related to grind size, particle size distribution, heat evolution. Milling processes for different cereals and grains.",ESCO v1.2.0 / API-ready,0.64,manual_review,seed_reference
SK025,K03,"Sales, Marketing, and Customer Relations",Sales and Retail,Product Knowledge,Ability to understand and explain product features and benefits.,5223,Shop Sales Assistants,5223,product comprehension,"Product Knowledge; product comprehension; products comprehension; comprehending products; product understanding; product requirements; Sales and Retail; Sales, Marketing, and Customer Relations",http://data.europa.eu/esco/skill/d6d3fee7-47e2-47f4-a0ec-6c75f28c6abd,product comprehension,products comprehension; comprehending products; product understanding; product requirements; product knowledge; comprehension of products,"The offered products, their functionalities, properties and legal and regulatory requirements.",ESCO v1.2.0 / API-ready,0.98,mapped,seed_reference
SK026,K03,"Sales, Marketing, and Customer Relations",Marketing and Public Relations,Digital Marketing,"Ability to plan and support online marketing, campaigns, and social media promotion.",2431,Advertising and Marketing Professionals,2431,digital marketing techniques,"Digital Marketing; digital marketing techniques; online marketing techniques; on-line marketing techniques; online ads software; web marketing techniques; Marketing and Public Relations; Sales, Marketing, and Customer Relations",http://data.europa.eu/esco/skill/43dfbe7f-9e10-4871-b171-e5076737b4cf,digital marketing techniques,online marketing techniques; on-line marketing techniques; online ads software; web marketing techniques,"The marketing techniques used on the web to reach and engage with stakeholders, customers and clients.",ESCO v1.2.0 / API-ready,0.98,mapped,seed_reference
SK027,K03,"Sales, Marketing, and Customer Relations",Marketing and Public Relations,Social Media Management,"Ability to create, schedule, and monitor social media content.",2431,Advertising and Marketing Professionals,2431,use social media,"Social Media Management; use social media; non-violent social conflict resolution; social mediations; process of creation and management of social life; Marketing and Public Relations; Sales, Marketing, and Customer Relations",http://data.europa.eu/esco/skill/2b3ac8b9-a5bd-4ec1-bb9a-f499fb3aa8d3,social mediation,non-violent social conflict resolution; social mediations; process of creation and management of social life,The non-violent way of resolving and preventing social conflicts between two parties through the use of a neutral third party who organises and mediates discussions between the two conflicting parties in order to find a solution or compromise that suits both parties.,ESCO v1.2.0 / API-ready,0.62,manual_review,seed_reference
SK028,K03,"Sales, Marketing, and Customer Relations",Marketing and Public Relations,Market Research,Ability to gather and interpret market and customer information.,2431,Advertising and Marketing Professionals,2431,market research,"Market Research; market studies; market analysis; Marketing and Public Relations; Sales, Marketing, and Customer Relations",http://data.europa.eu/esco/skill/8770350e-746f-4adb-9556-18ca68104be6,market research,market studies; market analysis,"The processes, techniques, and purposes comprised in the first step for developing marketing strategies such as the collection of information about customers and the definition of segments and targets.",ESCO v1.2.0 / API-ready,0.98,mapped,seed_reference
SK029,K03,"Sales, Marketing, and Customer Relations",Customer Service and Client Information,Customer Service,"Ability to assist customers, resolve concerns, and provide service information.",4225,Contact Centre Information Clerks,4225,customer service,"Customer Service; customer satisfaction; customer care; customer well being; customer servicing; customer support; Customer Service and Client Information; Sales, Marketing, and Customer Relations",http://data.europa.eu/esco/skill/15a33d76-4640-438d-ae64-fdc0c1d3eebc,customer service,customer satisfaction; customer care; customer well being; customer servicing; customer support; customer services,"Processes and principles related to the customer, client, service user and to personal services; these may include procedures to evaluate customer's or service user's satisfaction.",ESCO v1.2.0 / API-ready,0.98,mapped,seed_reference
SK030,K03,"Sales, Marketing, and Customer Relations",Customer Service and Client Information,Client Handling,Ability to manage client concerns professionally and courteously.,4225,Contact Centre Information Clerks,4225,handle customer complaints,"Client Handling; handle customer complaints; handle customers' complaints; handle complaints by customers; deal with client's negative feedback; address guest complaints; Customer Service and Client Information; Sales, Marketing, and Customer Relations",http://data.europa.eu/esco/skill/28d715e3-3e5b-4fb6-8dd2-4be4919c8587,handle customer complaints,handle customers' complaints; handle complaints by customers; deal with client's negative feedback; address guest complaints,Administer complaints and negative feedback from customers in order to address concerns and where applicable provide a quick service recovery.,ESCO v1.2.0 / API-ready,0.98,mapped,seed_reference
SK031,K03,"Sales, Marketing, and Customer Relations",Customer Service and Client Information,English Communication,Ability to communicate clearly in English for workplace or customer interactions.,4225,Contact Centre Information Clerks,4225,communicate in English,English Communication; communicate in English; effectively communicate in healthcare; communicate effectively in health care; use communication techniques to interact with patients families and caregivers; communicate effectively with patients families and caregivers; communicate effectively in healthcare; Customer Service and Client Information,http://data.europa.eu/esco/skill/7110bf9f-b245-4adc-9159-5081013fd64d,communicate in healthcare,effectively communicate in healthcare; communicate effectively in health care; use communication techniques to interact with patients families and caregivers; communicate effectively with patients families and caregivers; communicate effectively in healthcare,"Communicate effectively with patients, families and other caregivers, health care professionals, and community partners.",ESCO v1.2.0 / API-ready,0.67,manual_review,seed_reference
SK032,K03,"Sales, Marketing, and Customer Relations","Purchasing, Brokerage, and Commercial Support",Negotiation,Ability to discuss terms and reach mutually acceptable agreements.,3323,Buyers,3323,negotiate sales contracts,"Negotiation; negotiate sales contracts; debate sales contracts; negotiating sales contracts; negotiate a sales contract; sales contract negotiations; consult on sales contracts; Purchasing, Brokerage, and Commercial Support",http://data.europa.eu/esco/skill/71152876-b629-4a99-b9ea-0f25a0d07e4e,negotiate sales contracts,debate sales contracts; negotiating sales contracts; negotiate a sales contract; sales contract negotiations; consult on sales contracts; settle sales contracts; confer on sales contracts,"Come to an agreement between commercial partners with a focus on terms and conditions, specifications, delivery time, price etc.",ESCO v1.2.0 / API-ready,0.98,mapped,seed_reference
SK033,K03,"Sales, Marketing, and Customer Relations","Purchasing, Brokerage, and Commercial Support",Purchasing Support,Ability to assist with supplier coordination and purchase documentation.,3323,Buyers,3323,purchase supplies,"Purchasing Support; purchase supplies; acquire supplies; pay for supplies; gain supplies; purchase DIY supplies; purchase of supplies; Purchasing, Brokerage, and Commercial Support",http://data.europa.eu/esco/skill/015b0162-6dd3-4d46-bbfd-325086155dd5,purchase supplies,acquire supplies; pay for supplies; gain supplies; purchase DIY supplies; purchase of supplies; supplies purchasing; purchasing supplies; buy supplies,Purchase and replenish supplies; make sure that all required goods are available in stock.,ESCO v1.2.0 / API-ready,0.98,mapped,seed_reference
SK034,K04,"Creative, Media, and Communications","Writing, Journalism, and Language",Content Writing,"Ability to write clear, audience-appropriate content for digital or print use.",2641,Authors and Related Writers,2641,write content,"Content Writing; write content; correspond in written Montenegrin; show competency in written Montenegrin; Writing, Journalism, and Language; Creative, Media, and Communications",http://data.europa.eu/esco/skill/4aaa3e87-2b29-4a83-bdff-cbe51db03fc5,write Montenegrin,correspond in written Montenegrin; show competency in written Montenegrin,Compose written texts in Montenegrin.,ESCO v1.2.0 / API-ready,0.62,manual_review,seed_reference
SK035,K04,"Creative, Media, and Communications","Writing, Journalism, and Language",Copywriting,"Ability to write persuasive text for marketing, advertising, or campaigns.",2641,Authors and Related Writers,2641,copywriting,"Copywriting; undertake copywriting; performing copywriting; complete copywriting; implement copywriting; copywriting performance; Writing, Journalism, and Language; Creative, Media, and Communications",http://data.europa.eu/esco/skill/ce592b28-4467-4908-b2e6-64bbe18da631,perform copywriting,undertake copywriting; performing copywriting; complete copywriting; implement copywriting; copywriting performance; perform copy writing,Write creative texts targeted to a specific audience for marketing and advertising purposes and ensure that the message convinces potential customers to buy a product or a service and facilitates a positive outlook on the organisation.,ESCO v1.2.0 / API-ready,0.65,manual_review,seed_reference
SK036,K04,"Creative, Media, and Communications","Writing, Journalism, and Language",Proofreading,"Ability to review text for grammar, spelling, clarity, and accuracy.",2641,Authors and Related Writers,2641,proofread text,"Proofreading; proofread text; proofread content for publishing; Writing, Journalism, and Language; Creative, Media, and Communications",http://data.europa.eu/esco/skill/637ca2e2-0624-48b1-be6e-9ff4580344ac,proofread text,proofread content for publishing,"Read a text thoroughly, search for, review and correct errors to ensure content is valid for publishing.",ESCO v1.2.0 / API-ready,0.98,mapped,seed_reference
SK037,K04,"Creative, Media, and Communications",Creative and Performing Arts,Creative Concept Development,"Ability to generate creative ideas for media, campaign, or artistic outputs.",2654,"Film, Stage and Related Directors and Producers",2654,develop creative ideas,"Creative Concept Development; develop creative ideas; produce creative ideas; generate creative ideas; developing creative ideas; create creative ideas; Creative and Performing Arts; Creative, Media, and Communications",http://data.europa.eu/esco/skill/8c4c49d4-9708-433f-8ca7-bf2c5211ee49,develop creative ideas,produce creative ideas; generate creative ideas; developing creative ideas; create creative ideas,Developing new artistic concepts and creative ideas.,ESCO v1.2.0 / API-ready,0.98,mapped,seed_reference
SK038,K04,"Creative, Media, and Communications",Creative and Performing Arts,Photography,Ability to capture and prepare photographs for communication or documentation.,3431,Photographers,3431,photography,"Photography; picture taking; shooting; Creative and Performing Arts; Creative, Media, and Communications",http://data.europa.eu/esco/skill/38509fa4-7c06-4a4b-9622-f521f03c37b8,photography,picture taking; shooting,Art and practice of creating aesthetically appealing images by recording light or electromagnetic radiation.,ESCO v1.2.0 / API-ready,0.98,mapped,seed_reference
SK039,K04,"Creative, Media, and Communications",Creative and Performing Arts,Video Editing,Ability to assemble and edit video clips into coherent multimedia outputs.,3521,Broadcasting and Audiovisual Technicians,3521,edit recorded video,"Video Editing; edit recorded video; edit sound footage; edit recorded sounds; edit sound recording; edit audio recordings; Creative and Performing Arts; Creative, Media, and Communications",http://data.europa.eu/esco/skill/c2218533-3e2a-4f50-b4fd-afde71dcf442,edit recorded sound,edit sound footage; edit recorded sounds; edit sound recording; edit audio recordings,"Edit audio footage using a variety of sofware, tools, and techniques such as crossfading, speed effects, and removing unwanted noises.",ESCO v1.2.0 / API-ready,0.69,partial_match,seed_reference
SK040,K04,"Creative, Media, and Communications","Design, Multimedia, and Cultural Work",Graphic Design,"Ability to create visual layouts, digital graphics, and communication materials.",2166,Graphic and Multimedia Designers,2166,graphic design,"Graphic Design; graphic designs; graphic designing; visual design; Design, Multimedia, and Cultural Work; Creative, Media, and Communications",http://data.europa.eu/esco/skill/7fb699d9-182a-430e-b7a0-6d8ed05c284b,graphic design,graphic designs; graphic designing; visual design,The techniques to create a visual representation of ideas and messages.,ESCO v1.2.0 / API-ready,0.98,mapped,seed_reference
SK041,K04,"Creative, Media, and Communications","Design, Multimedia, and Cultural Work",Multimedia Design,"Ability to combine graphics, audio, animation, and video for digital content.",2166,Graphic and Multimedia Designers,2166,multimedia systems,"Multimedia Design; multimedia systems; a multimedia system; multimedia organisation; multimedia structure; multimedia arrangement; multimedia system; Design, Multimedia, and Cultural Work",http://data.europa.eu/esco/skill/a59708e3-e654-4e37-8b8a-741c3b756eee,multimedia systems,a multimedia system; multimedia organisation; multimedia structure; multimedia arrangement; multimedia system; multimedia scheme,"The methods, procedures and techniques pertaining to the operation of multimedia systems, usually a combination of software and hardware, presenting various types of media such as video and audio.",ESCO v1.2.0 / API-ready,0.98,mapped,seed_reference
SK042,K04,"Creative, Media, and Communications","Design, Multimedia, and Cultural Work",UI Design,Ability to design user interface layouts for websites or applications.,2166,Graphic and Multimedia Designers,2166,user interface design,"UI Design; user interface design; design user interface specifications; design user interfaces; Design, Multimedia, and Cultural Work; Creative, Media, and Communications",http://data.europa.eu/esco/skill/fd33c66c-70c4-40e6-b87c-5495bd3bf26e,design user interface,design user interface specifications; design user interfaces,"Create software or device components which enable interaction between humans and systems or machines, using appropriate techniques, languages and tools so as to streamline interaction while using the system or machine.",ESCO v1.2.0 / API-ready,0.78,partial_match,seed_reference
SK043,K04,"Creative, Media, and Communications",Broadcasting and Content Support,Audio Editing,"Ability to clean, arrange, and prepare audio materials for production.",3521,Broadcasting and Audiovisual Technicians,3521,edit audio,"Audio Editing; edit audio; edit the negatives; alter negatives; retouch negatives; editing of negatives; Broadcasting and Content Support; Creative, Media, and Communications",http://data.europa.eu/esco/skill/0fba68dc-6f5d-4974-b3cf-5d3215f7d363,edit negatives,edit the negatives; alter negatives; retouch negatives; editing of negatives,Use different software products and techniques to process photographic negatives and adapt the images to the desired specifications.,ESCO v1.2.0 / API-ready,0.62,manual_review,seed_reference
SK044,K04,"Creative, Media, and Communications",Broadcasting and Content Support,Content Planning,"Ability to organize topics, schedules, and formats for content publication.",2642,Journalists,2642,plan content,"Content Planning; plan content; organise and retrieve content; collect and arrange content; curate and organize content for targeted media; select and arrange content; Broadcasting and Content Support; Creative, Media, and Communications",http://data.europa.eu/esco/skill/96a67da1-881f-4d09-927e-ac75fcff4d93,compile content,organise and retrieve content; collect and arrange content; curate and organize content for targeted media; select and arrange content,"Retrieve, select and organise content from specific sources, according to the requirements of the output media such as printed materials, online applications, platforms, websites and video.",ESCO v1.2.0 / API-ready,0.62,manual_review,seed_reference
SK045,K05,"Education, Training, and Community Services",Teaching and Academic Support,Lesson Planning,"Ability to prepare objectives, learning activities, and assessments for instruction.",2330,Secondary Education Teachers,2330,prepare lesson content,Lesson Planning; prepare lesson content; organise lesson content; preparing lesson content; preparing lesson contents; prepare lesson contents; plan lesson content; Teaching and Academic Support,http://data.europa.eu/esco/skill/20f57a7f-b90e-4403-8c77-5ddd89b5835b,prepare lesson content,organise lesson content; preparing lesson content; preparing lesson contents; prepare lesson contents; plan lesson content; create lesson content,"Prepare content to be taught in class in accordance with curriculum objectives by drafting exercises, researching up-to-date examples etc.",ESCO v1.2.0 / API-ready,0.98,mapped,seed_reference
SK046,K05,"Education, Training, and Community Services",Teaching and Academic Support,Classroom Management,Ability to maintain an organized and respectful learning environment.,2330,Secondary Education Teachers,2330,manage classroom,"Classroom Management; manage classroom; oversee casino; supervise casino; managing casino; Teaching and Academic Support; Education, Training, and Community Services",http://data.europa.eu/esco/skill/ed025ebf-5154-4fb9-a2ec-5d259ee7aa1e,manage casino,oversee casino; supervise casino; managing casino,"Pro-actively manage all aspects of the casino operation with special emphasis upon the delivery of effective and efficient gaming performance. Maximise turnover and margin opportunities on all gaming offers, including electronic gaming by deploying all available resources effectively.",ESCO v1.2.0 / API-ready,0.62,manual_review,seed_reference
SK047,K05,"Education, Training, and Community Services",Teaching and Academic Support,Student Assessment,Ability to evaluate learner performance using appropriate tools.,2330,Secondary Education Teachers,2330,assess students,Student Assessment; assess students; test students; observe student's progress; track student's progress; oversee student's progress; conduct examination processes for apprentices; Teaching and Academic Support,http://data.europa.eu/esco/skill/6fe019dd-027f-45f3-b19c-d27f7ae00980,assess students,test students; observe student's progress; track student's progress; oversee student's progress; conduct examination processes for apprentices; provide examination processes for apprentices; assessing students; set examinations for apprentices; conduct and assess apprentice examinations; observe student progress; assesses students; monitor student's progress; set and assess apprentice examinations; supply examination processes for apprentices; assess student; set apprentice examinations; conduct,"Evaluate the students' (academic) progress, achievements, course knowledge and skills through assignments, tests, and examinations. Diagnose their needs and track their progress, strengths, and weaknesses. Formulate a summative statement of the goals the student achieved.",ESCO v1.2.0 / API-ready,0.98,mapped,seed_reference
SK048,K05,"Education, Training, and Community Services",Training and Instruction,Training Facilitation,Ability to plan and deliver learning or training sessions.,2424,Training and Staff Development Professionals,2424,provide training,Training Facilitation; provide training; train animals; instruct animals; deliver animal training; implement animal training; execute training programmes for animals; Training and Instruction,http://data.europa.eu/esco/skill/d92d88cf-dd72-4c3b-a98a-2c2a12600df3,provide animal training,train animals; instruct animals; deliver animal training; implement animal training; execute training programmes for animals; undertake activities related to animal training programme implementation; train animals to achieve specific objectives; supply animal training; implement training for animals; provide training for animals; implement animal training courses; deliver training for animals; provide animal instruction; execute animal training activities; implement training programmes for anima,"Provide training in basic handling, habituation, and obedience to enable the completion of day-to-day tasks while minimising the risks to the animal, the handler, and others.",ESCO v1.2.0 / API-ready,0.77,partial_match,seed_reference
SK049,K05,"Education, Training, and Community Services",Training and Instruction,Instructional Design,Ability to design structured learning materials and activities.,2351,Education Methods Specialists,2351,instructional design,"Instructional Design; instructional design methods; Training and Instruction; Education, Training, and Community Services; workplace skills",http://data.europa.eu/esco/skill/e3145bd7-7f35-44ec-a5dc-4417c5c9ab9a,instructional design models,instructional design methods,The guidelines or strategies for designing and developing instructions to ensure learners achieve the intended learning outcomes.,ESCO v1.2.0 / API-ready,0.79,partial_match,seed_reference
SK050,K05,"Education, Training, and Community Services",Training and Instruction,Learning Evaluation,Ability to assess training outcomes and learner progress.,2424,Training and Staff Development Professionals,2424,evaluate training,"Learning Evaluation; evaluate training; evaluate the training; assess training programme; evaluating training; analyse training outcome; Training and Instruction; Education, Training, and Community Services",http://data.europa.eu/esco/skill/728ad40d-4a79-4b4d-b77b-a48d094d73fa,evaluate training,evaluate the training; assess training programme; evaluating training; analyse training outcome,"Assess the realisation of the training's learning outcomes and goals, the quality of teaching, and give transparent feedback to the trainers and trainees.",ESCO v1.2.0 / API-ready,0.98,mapped,seed_reference
SK051,K05,"Education, Training, and Community Services","Social, Religious, and Community Work",Community Engagement,Ability to coordinate with communities and support participation in programs.,3412,Social Work Associate Professionals,3412,community outreach,"Community Engagement; community outreach; incorporate community activities; combine community outreach; integrate the community outreach; Social, Religious, and Community Work; Education, Training, and Community Services",http://data.europa.eu/esco/skill/594a002c-de7a-4805-8cb9-a4c6283b61c3,integrate community outreach,incorporate community activities; combine community outreach; integrate the community outreach,"Integrate community outreach within conservation projects to encompass knowledge, social and emotional aspects of learning and engagement.",ESCO v1.2.0 / API-ready,0.74,partial_match,seed_reference
SK052,K05,"Education, Training, and Community Services","Social, Religious, and Community Work",Case Documentation,Ability to document client or community service cases accurately.,3412,Social Work Associate Professionals,3412,maintain case records,"Case Documentation; maintain case records; maintain passenger name record; maintain records of customer; complete customer files; maintain customer history profiles; enter data into system; Social, Religious, and Community Work",http://data.europa.eu/esco/skill/c753a3b5-d5cc-406d-adfe-3372bb267f4b,maintain customer records,maintain passenger name record; maintain records of customer; complete customer files; maintain customer history profiles; enter data into system; update customer records; maintain personal name record; collect data about visitors; maintain customers' records; store customer records,Keep and store structured data and records about customers in accordance with customer data protection and privacy regulations.,ESCO v1.2.0 / API-ready,0.74,partial_match,seed_reference
SK053,K05,"Education, Training, and Community Services","Social, Religious, and Community Work",Counselling Support,Ability to provide basic guidance and referral support under supervision.,3412,Social Work Associate Professionals,3412,counselling methods,"Counselling Support; counselling methods; counselling method; counseling methods; counseling techniques; methods of counselling; methods of counseling; Social, Religious, and Community Work",http://data.europa.eu/esco/skill/0ffed47f-d320-48cf-988d-40449825085c,counselling methods,counselling method; counseling methods; counseling techniques; methods of counselling; methods of counseling; counseling method; counselling techniques,"Counselling techniques used in different settings and with various groups and individuals, especially concerning methods of supervision and mediation in the counselling process.",ESCO v1.2.0 / API-ready,0.98,mapped,seed_reference
SK054,K05,"Education, Training, and Community Services","Libraries, Archives, and Curatorial Work",Records Organization,"Ability to classify and maintain records, archives, or learning materials.",4411,Library Clerks,4411,organise information,"Records Organization; organise information; arrange information; order information; group information; use a specified set of rules to classify information; catalogue information; Libraries, Archives, and Curatorial Work",http://data.europa.eu/esco/skill/bf05da8d-772a-4423-adb2-df79672f46f7,organise information,arrange information; order information; group information; use a specified set of rules to classify information; catalogue information; organize information; use a specified set of rules to order information; use a specified set of rules to catalogue information; classify information; use a specified set of rules to arrange information,Arrange information according to a specified set of rules. Catalogue and classify information based on the characteristics of that information.,ESCO v1.2.0 / API-ready,0.98,mapped,seed_reference
SK055,K05,"Education, Training, and Community Services","Libraries, Archives, and Curatorial Work",Library Assistance,Ability to assist users in finding and borrowing information resources.,4411,Library Clerks,4411,assist library users,"Library Assistance; assist library users; give a hand to pool users; assisting pool users; assist pool user; help pool users; Libraries, Archives, and Curatorial Work; Education, Training, and Community Services",http://data.europa.eu/esco/skill/824828a8-393d-4195-8b4f-862fe1cb6da5,assist pool users,give a hand to pool users; assisting pool users; assist pool user; help pool users,Offer guidance to pool users within the facility and help them with any requirements such as towel provision or restroom direction.,ESCO v1.2.0 / API-ready,0.67,manual_review,seed_reference
SK056,K06,"Healthcare, Caregiving, and Wellness",Medical and Clinical Professionals,Patient Assessment Support,Ability to assist in gathering basic patient information and observations.,3256,Medical Assistants,3256,assess patients,Patient Assessment Support; assess patients; test students; observe student's progress; track student's progress; oversee student's progress; conduct examination processes for apprentices; Medical and Clinical Professionals,http://data.europa.eu/esco/skill/6fe019dd-027f-45f3-b19c-d27f7ae00980,assess students,test students; observe student's progress; track student's progress; oversee student's progress; conduct examination processes for apprentices; provide examination processes for apprentices; assessing students; set examinations for apprentices; conduct and assess apprentice examinations; observe student progress; assesses students; monitor student's progress; set and assess apprentice examinations; supply examination processes for apprentices; assess student; set apprentice examinations; conduct,"Evaluate the students' (academic) progress, achievements, course knowledge and skills through assignments, tests, and examinations. Diagnose their needs and track their progress, strengths, and weaknesses. Formulate a summative statement of the goals the student achieved.",ESCO v1.2.0 / API-ready,0.64,manual_review,seed_reference
SK057,K06,"Healthcare, Caregiving, and Wellness",Medical and Clinical Professionals,Medical Terminology,Ability to understand common healthcare terms and documentation language.,3256,Medical Assistants,3256,medical terminology,"Medical Terminology; technical terms in medicine; medical terms and abbreviations; medical language; Medical and Clinical Professionals; Healthcare, Caregiving, and Wellness",http://data.europa.eu/esco/skill/2806260f-6399-4add-8f11-070141423f9d,medical terminology,technical terms in medicine; medical terms and abbreviations; medical language,"The meaning of medical terms and abbreviations, of medical prescriptions and various medical specialties and when to use it correctly.",ESCO v1.2.0 / API-ready,0.98,mapped,seed_reference
SK058,K06,"Healthcare, Caregiving, and Wellness",Medical and Clinical Professionals,Clinical Documentation,Ability to maintain accurate patient and clinical records.,3256,Medical Assistants,3256,medical records management,"Clinical Documentation; medical records management; health records record keeping; health information management; record keeping in a medical environment; health records and information management; Medical and Clinical Professionals; Healthcare, Caregiving, and Wellness",http://data.europa.eu/esco/skill/5d7890d5-d229-4b79-a5da-6819e38a52b6,health records management,health records record keeping; health information management; record keeping in a medical environment; health records and information management,"The procedures and importance of record keeping in a healthcare system such as hospitals or clinics, the information systems used to keep and process records and how to achieve maximum accuracy of records.",ESCO v1.2.0 / API-ready,0.74,partial_match,seed_reference
SK059,K06,"Healthcare, Caregiving, and Wellness","Nursing, Midwifery, and Caregiving",Caregiving,"Ability to support basic care, daily living assistance, and client welfare.",5322,Home-based Personal Care Workers,5322,provide care,"Caregiving; provide care; look after lawn; provide care for lawns; take care of lawn; providing lawn care; Nursing, Midwifery, and Caregiving; Healthcare, Caregiving, and Wellness",http://data.europa.eu/esco/skill/fdff4747-70f6-4f1a-8285-8d31eb3c11e1,provide lawn care,look after lawn; provide care for lawns; take care of lawn; providing lawn care,"Care for lawns by applying techniques of organic, hybrid and integrated lawn care. Provide all necessary nutrients.",ESCO v1.2.0 / API-ready,0.77,partial_match,seed_reference
SK060,K06,"Healthcare, Caregiving, and Wellness","Nursing, Midwifery, and Caregiving",Elderly Care,Ability to assist older adults with daily needs and basic safety.,5322,Home-based Personal Care Workers,5322,care for elderly,"Elderly Care; care for elderly; caring for forest wildlife; protecting flora and fauna; caring for the wildlife; flora and fauna protecting; protect flora and fauna; Nursing, Midwifery, and Caregiving",http://data.europa.eu/esco/skill/50b7b13a-4e58-43b8-b7c4-edbd09145798,care for the wildlife,caring for forest wildlife; protecting flora and fauna; caring for the wildlife; flora and fauna protecting; protect flora and fauna; care for forest wildlife,"Care for the wildlife, trees and plants of the forest and maintain it.",ESCO v1.2.0 / API-ready,0.62,manual_review,seed_reference
SK061,K06,"Healthcare, Caregiving, and Wellness","Nursing, Midwifery, and Caregiving",Basic Life Support,Ability to provide basic emergency response following approved procedures.,3258,Ambulance Workers,3258,provide basic life support,"Basic Life Support; provide basic life support; contribute ICT support; ICT support provision; administer ICT support; furnish ICT support; provision of ICT support; Nursing, Midwifery, and Caregiving",http://data.europa.eu/esco/skill/c2296e2e-5fef-4f24-a24f-e5b3792268be,provide ICT support,contribute ICT support; ICT support provision; administer ICT support; furnish ICT support; provision of ICT support; arrange ICT support; providing ICT support,"Resolve ICT-related incidents and service requests from customers, clients or colleagues including password resets and updating databases such as Microsoft Exchange email.",ESCO v1.2.0 / API-ready,0.66,manual_review,seed_reference
SK062,K06,"Healthcare, Caregiving, and Wellness","Pharmacy, Laboratory, and Health Support",Medication Assistance,Ability to assist with medication reminders and safe handling under rules.,5322,Home-based Personal Care Workers,5322,assist with medication,"Medication Assistance; assist with medication; assist self-medication; support patients with self-medication; help with self-medication; assist in self-medication; assist individuals in taking their medication; Pharmacy, Laboratory, and Health Support",http://data.europa.eu/esco/skill/5915e97d-ecca-4713-941e-ad7c8c00720b,assist with self-medication,assist self-medication; support patients with self-medication; help with self-medication; assist in self-medication; assist individuals in taking their medication,Assist individuals with disability in taking their medication at appropriate times of the day.,ESCO v1.2.0 / API-ready,0.85,mapped,seed_reference
SK063,K06,"Healthcare, Caregiving, and Wellness","Pharmacy, Laboratory, and Health Support",Laboratory Safety,Ability to follow safety procedures in basic laboratory or health support settings.,3212,Medical and Pathology Laboratory Technicians,3212,laboratory safety,"Laboratory Safety; laboratory devices; laboratory gear; lab equipment; Pharmacy, Laboratory, and Health Support; Healthcare, Caregiving, and Wellness",http://data.europa.eu/esco/skill/35f1dcdc-577f-46c6-96d9-6c7a64501de9,laboratory equipment,laboratory devices; laboratory gear; lab equipment,The tools and equipment used by scientists and other scientific professionals in a laboratory.,ESCO v1.2.0 / API-ready,0.62,manual_review,seed_reference
SK064,K06,"Healthcare, Caregiving, and Wellness","Pharmacy, Laboratory, and Health Support",Pharmacy Support,Ability to assist with medicine inventory and customer support in pharmacy settings.,3213,Pharmaceutical Technicians and Assistants,3213,pharmacy operations,"Pharmacy Support; pharmacy operations; navy performance; seafaring exercises; naval exercises; naval manoeuvres; seafaring performance; Pharmacy, Laboratory, and Health Support",http://data.europa.eu/esco/skill/09b7de14-3aa8-493c-87f4-4eeb76daf800,navy operations,navy performance; seafaring exercises; naval exercises; naval manoeuvres; seafaring performance; navy activities; seafaring activities; seafaring manoeuvres,"The operational procedures and regulations of military naval organisations, on base and on ships during missions.",ESCO v1.2.0 / API-ready,0.62,manual_review,seed_reference
SK065,K06,"Healthcare, Caregiving, and Wellness","Fitness, Wellness, and Rehabilitation Support",Fitness Coaching,Ability to guide basic exercise and wellness routines safely.,3423,Fitness and Recreation Instructors and Program Leaders,3423,provide fitness instruction,"Fitness Coaching; provide fitness instruction; pass on fitness facts; give details on fitness; provide information on fitness; Fitness, Wellness, and Rehabilitation Support; Healthcare, Caregiving, and Wellness",http://data.europa.eu/esco/skill/70da7d81-87f5-4724-b72d-c0d79c1d5281,provide fitness information,pass on fitness facts; give details on fitness; provide information on fitness,Provide clients with accurate information on the principles of nutrition and fitness exercises.,ESCO v1.2.0 / API-ready,0.73,partial_match,seed_reference
SK066,K06,"Healthcare, Caregiving, and Wellness","Fitness, Wellness, and Rehabilitation Support",Wellness Support,Ability to support healthy lifestyle and client wellness activities.,3255,Physiotherapy Technicians and Assistants,3255,promote healthy lifestyle,"Wellness Support; promote healthy lifestyle; promote a healthy lifestyle; provide information about healthy lifestyles; promoting healthy lifestyle; encourage healthy lifestyle choices; Fitness, Wellness, and Rehabilitation Support; Healthcare, Caregiving, and Wellness",http://data.europa.eu/esco/skill/988c06ea-7ab9-4ee4-a64b-9e93f2527c6d,promote healthy lifestyle,promote a healthy lifestyle; provide information about healthy lifestyles; promoting healthy lifestyle; encourage healthy lifestyle choices,"Provide information to clients about the role of physical activity, modes of exercise and related services and the importance of healthy activities for daily living.",ESCO v1.2.0 / API-ready,0.98,mapped,seed_reference
SK067,K07,"Engineering, Construction, and Skilled Trades",Engineering and Architecture,Technical Drafting,Ability to prepare technical drawings and plans using drafting tools or software.,3118,Draughtspersons,3118,technical drawings,"Technical Drafting; technical drawings; technical drawing; scientific drawings; specialised drawings; mechanical drawings; Engineering and Architecture; Engineering, Construction, and Skilled Trades",http://data.europa.eu/esco/skill/59ea80e1-463a-4dba-82c6-d0b6d577d532,technical drawings,technical drawing; scientific drawings; specialised drawings; mechanical drawings,"Drawing software and the various symbols, perspectives, units of measurement, notation systems, visual styles and page layouts used in technical drawings.",ESCO v1.2.0 / API-ready,0.98,mapped,seed_reference
SK068,K07,"Engineering, Construction, and Skilled Trades",Engineering and Architecture,CAD Operation,Ability to create or modify computer-aided design drawings.,3118,Draughtspersons,3118,computer-aided design,CAD Operation; computer-aided design; computer-aided translation use; employ computer-aided translation; using computer-aided translation; apply computer-aided translation; operate computer-aided translation; Engineering and Architecture,http://data.europa.eu/esco/skill/95d84b77-ba94-492f-a1e6-18be13f16cf0,use computer-aided translation,computer-aided translation use; employ computer-aided translation; using computer-aided translation; apply computer-aided translation; operate computer-aided translation,Operate computer-aided translation (CAT) software to facilitate the language translation processes.,ESCO v1.2.0 / API-ready,0.62,manual_review,seed_reference
SK069,K07,"Engineering, Construction, and Skilled Trades",Engineering and Architecture,Engineering Measurement,Ability to take and interpret technical measurements accurately.,3112,Civil Engineering Technicians,3112,take measurements,"Engineering Measurement; take measurements; calculate performance space; take measurement of space for performance; measure performance area; measure performance space; Engineering and Architecture; Engineering, Construction, and Skilled Trades",http://data.europa.eu/esco/skill/b779205e-377e-4fda-88b0-8f6a3b71e02d,take measurements of performance space,calculate performance space; take measurement of space for performance; measure performance area; measure performance space,Measure the performance space in order to calculate the amount of lighting equipment needed and where to place them.,ESCO v1.2.0 / API-ready,0.62,manual_review,seed_reference
SK070,K07,"Engineering, Construction, and Skilled Trades",Construction and Building Trades,Construction Safety,Ability to follow safe work practices on construction sites.,7119,Building Frame and Related Trades Workers Not Elsewhere Classified,7119,construction safety regulations,Construction Safety; construction safety regulations; electrical installation safety regulations; standards for electrical safety; electrical maintenance regulations; electrical wiring safety regulations; electrical wiring regulations; Construction and Building Trades,http://data.europa.eu/esco/skill/76526bf6-bada-4ca1-8e79-6b9d4228b607,electrical safety regulations,electrical installation safety regulations; standards for electrical safety; electrical maintenance regulations; electrical wiring safety regulations; electrical wiring regulations; electrical safety standards; regulations concerning electrical safety; electrical maintenance safety regulations; regulations for electrical safety; electrical installation regulations,"The safety measures, standards and regulations for working with electrical equipment and the installation, operation and maintenance of electrical wiring and installations.",ESCO v1.2.0 / API-ready,0.67,manual_review,seed_reference
SK071,K07,"Engineering, Construction, and Skilled Trades",Construction and Building Trades,Masonry,"Ability to support brick, block, or concrete construction work.",7112,Bricklayers and Related Workers,7112,masonry,"Masonry; sand blast construction materials; sand blast masonry; masonry cleansing; construction materials cleansing; blow masonry; Construction and Building Trades; Engineering, Construction, and Skilled Trades",http://data.europa.eu/esco/skill/b4a74617-3439-4911-aa85-4b731899570a,blast masonry,sand blast construction materials; sand blast masonry; masonry cleansing; construction materials cleansing; blow masonry; clean masonry; blow construction materials; clean construction materials,"Blast the surface of construction materials used in masonry such as bricks, stones and concrete with abrasive blasting equipment to smoothen or texture surfaces.",ESCO v1.2.0 / API-ready,0.63,manual_review,seed_reference
SK072,K07,"Engineering, Construction, and Skilled Trades",Construction and Building Trades,Carpentry,"Ability to construct, install, or repair wooden structures and fixtures.",7115,Carpenters and Joiners,7115,carpentry,"Carpentry; making and repairing of wooden objects and structures; woodworking; Construction and Building Trades; Engineering, Construction, and Skilled Trades",http://data.europa.eu/esco/skill/19858dd3-a5fe-4855-b644-6ecfefd1c384,carpentry,making and repairing of wooden objects and structures; woodworking,"Construction methods related to timber items, such as construction of roofs, floors and timber framed buildings and other related products such as doors or skirting boards.",ESCO v1.2.0 / API-ready,0.98,mapped,seed_reference
SK073,K07,"Engineering, Construction, and Skilled Trades","Electrical, Electronics, and Mechanical Trades",Electrical Installation,Ability to install and maintain basic electrical wiring and fixtures.,7411,Building and Related Electricians,7411,electrical wiring,"Electrical Installation; electrical wiring; electrical wiring diagrams; an electrical wiring plan; electrical wiring schemes; electrical wiring blueprints; electrical wiring planning; Electrical, Electronics, and Mechanical Trades",http://data.europa.eu/esco/skill/d15e92c4-c8dc-48cd-a1f6-94fe13347f87,electrical wiring plans,electrical wiring diagrams; an electrical wiring plan; electrical wiring schemes; electrical wiring blueprints; electrical wiring planning; electrical wiring plan; electrical wiring maps,"Pictorial representation of an electrical circuit. It shows the components of the circuit as simplified shapes, and the power and signal connections between the devices. It gives information about the relative position and arrangement of devices and terminals on the devices, to help in building or servicing the device. A wiring diagram is often used to troubleshoot problems and to make sure that all the connections have been made and that everything is present.",ESCO v1.2.0 / API-ready,0.79,partial_match,seed_reference
SK074,K07,"Engineering, Construction, and Skilled Trades","Electrical, Electronics, and Mechanical Trades",Mechanical Maintenance,"Ability to inspect, maintain, and repair basic mechanical equipment.",7233,Agricultural and Industrial Machinery Mechanics and Repairers,7233,mechanical engineering,"Mechanical Maintenance; mechanical engineering; analyse mechanisms; design mechanisms; mechanism engineering; engineering of mechanical systems; maintain mechanisms; Electrical, Electronics, and Mechanical Trades",http://data.europa.eu/esco/skill/9c071f1d-eac3-449d-b004-c14775b5a3b9,mechanical engineering,analyse mechanisms; design mechanisms; mechanism engineering; engineering of mechanical systems; maintain mechanisms; mechanical system engineering; manufacture mechanisms; engineering of mechanisms,"Discipline that applies principles of physics, engineering and materials science to design, analyse, manufacture and maintain mechanical systems.",ESCO v1.2.0 / API-ready,0.98,mapped,seed_reference
SK075,K07,"Engineering, Construction, and Skilled Trades","Electrical, Electronics, and Mechanical Trades",Electronics Repair,Ability to diagnose and repair simple electronic devices or components.,7421,Electronics Mechanics and Servicers,7421,repair electronic equipment,"Electronics Repair; repair electronic equipment; packing electronic equipment; pack electronic devices; pack computerised devices; Electrical, Electronics, and Mechanical Trades; Engineering, Construction, and Skilled Trades",http://data.europa.eu/esco/skill/57d4d1f4-28b2-4a38-b7a9-a80626e99afc,pack electronic equipment,packing electronic equipment; pack electronic devices; pack computerised devices,Safely pack sensitive electronic equipment for storage and transport.,ESCO v1.2.0 / API-ready,0.75,partial_match,seed_reference
SK076,K07,"Engineering, Construction, and Skilled Trades","Technical Drafting, Surveying, and Control",Quality Control,Ability to inspect outputs against standards and report defects.,7543,Product Graders and Testers,7543,quality control,"Quality Control; total quality management; kaizen; total quality control methods; tqm; total quality control principles; Technical Drafting, Surveying, and Control; Engineering, Construction, and Skilled Trades",http://data.europa.eu/esco/skill/8af372fa-7b85-4bab-ab20-3f2eb980c400,total quality control,total quality management; kaizen; total quality control methods; tqm; total quality control principles; total quality control philosophy; tqc; total quality control approach; kaizen principles; quality manufacturing principles,"The quality control philosophy that expects each part to be of top quality, without any tolerance for subpar materials or methods. The mindset of striving to deliver top quality work without compromises.",ESCO v1.2.0 / API-ready,0.78,partial_match,seed_reference
SK077,K07,"Engineering, Construction, and Skilled Trades","Technical Drafting, Surveying, and Control",Surveying Support,Ability to assist in collecting measurements for land or construction surveys.,3112,Civil Engineering Technicians,3112,surveying,"Surveying Support; surveying; land survey; land surveying; survey; Technical Drafting, Surveying, and Control; Engineering, Construction, and Skilled Trades",http://data.europa.eu/esco/skill/1cca610d-2afc-44a7-97fc-f2262fb5fc75,surveying,land survey; land surveying; survey,The technique of determining the terrestrial or three-dimensional position of points and the distances and angles between them.,ESCO v1.2.0 / API-ready,0.98,mapped,seed_reference
SK078,K08,"Hospitality, Tourism, Food, and Personal Services",Hospitality and Accommodation,Front Desk Support,"Ability to assist guests with check-in, inquiries, and basic accommodation services.",4224,Hotel Receptionists,4224,reception desk,"Front Desk Support; reception desk; train booking staff; train staff in reception; train in reception duties; instruct front-office employees; Hospitality and Accommodation; Hospitality, Tourism, Food, and Personal Services",http://data.europa.eu/esco/skill/41b5208f-0f30-4f73-9c9e-4e1cb506249f,train reception staff,train booking staff; train staff in reception; train in reception duties; instruct front-office employees,"Instruct the reception staff in order to make sure the staff can execute their tasks adequately, efficiently and according to guidelines.",ESCO v1.2.0 / API-ready,0.62,manual_review,seed_reference
SK079,K08,"Hospitality, Tourism, Food, and Personal Services",Hospitality and Accommodation,Housekeeping,"Ability to clean, organize, and maintain rooms or facilities.",9112,"Cleaners and Helpers in Offices, Hotels and Other Establishments",9112,clean rooms,Housekeeping; clean rooms; rooms tidying; tidy rooms; room cleaning; cleaning rooms; room tidying; Hospitality and Accommodation,http://data.europa.eu/esco/skill/7bb01a18-4637-4535-ba18-258f48f705b8,clean rooms,rooms tidying; tidy rooms; room cleaning; cleaning rooms; room tidying; tidying rooms,"Clean rooms by cleaning glasswork and windows, polishing furniture, vacuuming carpets, scrubing hard floors, and removing garbage.",ESCO v1.2.0 / API-ready,0.98,mapped,seed_reference
SK080,K08,"Hospitality, Tourism, Food, and Personal Services",Hospitality and Accommodation,Guest Relations,Ability to address guest needs and concerns professionally.,4224,Hotel Receptionists,4224,assist guests,"Guest Relations; assist guests; assist very important guests; provide assistance to very important guests; offer support to important guests; assist guests who are VIPs; Hospitality and Accommodation; Hospitality, Tourism, Food, and Personal Services",http://data.europa.eu/esco/skill/496fd702-885e-488c-a48a-27e0ab692292,assist VIP guests,assist very important guests; provide assistance to very important guests; offer support to important guests; assist guests who are VIPs,Help VIP-guests with their personal orders and requests.,ESCO v1.2.0 / API-ready,0.8,mapped,seed_reference
SK081,K08,"Hospitality, Tourism, Food, and Personal Services","Travel, Tourism, and Events",Tourism Assistance,Ability to provide travel information and support tourist services.,4221,Travel Consultants and Clerks,4221,tourism market,"Tourism Assistance; tourism market; tourist market; tourism industry; market of tourism; tourism sector; Travel, Tourism, and Events; Hospitality, Tourism, Food, and Personal Services",http://data.europa.eu/esco/skill/6ee0f29a-2be7-4dd1-bee3-6ee2a3539376,tourism market,tourist market; tourism industry; market of tourism; tourism sector,"The study of the tourism market on a international, regional and local level and considering worldwide tourist destinations.",ESCO v1.2.0 / API-ready,0.98,mapped,seed_reference
SK082,K08,"Hospitality, Tourism, Food, and Personal Services","Travel, Tourism, and Events",Event Coordination,Ability to help plan and organize event logistics and schedules.,3332,Conference and Event Planners,3332,coordinate events,"Event Coordination; coordinate events; organise projects; coordinating events; coordinate an event; plan events; Travel, Tourism, and Events; Hospitality, Tourism, Food, and Personal Services",http://data.europa.eu/esco/skill/2111dff8-f830-46ad-80ce-7885893b3134,coordinate events,organise projects; coordinating events; coordinate an event; plan events,"Lead events by managing budget, logistics, event support, security, emergency plans and follow up.",ESCO v1.2.0 / API-ready,0.98,mapped,seed_reference
SK083,K08,"Hospitality, Tourism, Food, and Personal Services","Travel, Tourism, and Events",Reservation Management,Ability to process bookings and maintain reservation records.,4221,Travel Consultants and Clerks,4221,manage reservations,"Reservation Management; manage reservations; make bookings; make reservation; making reservations; reserve; Travel, Tourism, and Events; Hospitality, Tourism, Food, and Personal Services",http://data.europa.eu/esco/skill/fdc21239-053c-4b52-9bef-2bc2771a4939,make reservations,make bookings; make reservation; making reservations; reserve,"Book restaurants, hotels or flights.",ESCO v1.2.0 / API-ready,0.69,partial_match,seed_reference
SK084,K08,"Hospitality, Tourism, Food, and Personal Services",Food Service and Culinary Work,Food Service,Ability to serve food and beverages and support safe dining operations.,5131,Waiters,5131,serve food,"Food Service; serve food; supervise quality of food; control quality standards of food; ensure safety of food; supervising food quality; Food Service and Culinary Work; Hospitality, Tourism, Food, and Personal Services",http://data.europa.eu/esco/skill/9b67cbf3-085c-4578-8a8e-8d130ed3fced,supervise food quality,supervise quality of food; control quality standards of food; ensure safety of food; supervising food quality,Oversee the quality and safety of food served to visitors and customers according to food standards.,ESCO v1.2.0 / API-ready,0.62,manual_review,seed_reference
SK085,K08,"Hospitality, Tourism, Food, and Personal Services",Food Service and Culinary Work,Food Preparation,Ability to prepare basic ingredients and food items safely.,9412,Kitchen Helpers,9412,prepare food,"Food Preparation; prepare food; taking orders; take orders; receive requests for food and beverages; Food Service and Culinary Work; Hospitality, Tourism, Food, and Personal Services",http://data.europa.eu/esco/skill/24c4beb4-429c-4cd1-b0bd-c04ba4c82e13,prepare orders,taking orders; take orders; receive requests for food and beverages,Make food and drinks orders ready in order to be served to the customers.,ESCO v1.2.0 / API-ready,0.62,manual_review,seed_reference
SK086,K08,"Hospitality, Tourism, Food, and Personal Services",Food Service and Culinary Work,Food Safety,Ability to follow hygiene and safety standards in food handling.,5120,Cooks,5120,food safety standards,Food Safety; food safety standards; food safety measures; food safety standard; food safety rules; standards of safety standards; food safety codes; Food Service and Culinary Work,http://data.europa.eu/esco/skill/fa46ff13-5ad7-4a11-85d6-4b0614e411de,food safety standards,food safety measures; food safety standard; food safety rules; standards of safety standards; food safety codes; food safety requirements,"Food safety standards (i.e. ISO 22000) developed by the recognised organisations for Standardization dealing with food safety. For example, the ISO 22000 international standard specifies the requirements for an effective food safety management system. It covers interactive communication, system management, prerequisite programs and HACCP principles.",ESCO v1.2.0 / API-ready,0.98,mapped,seed_reference
SK087,K08,"Hospitality, Tourism, Food, and Personal Services",Personal Services and Housekeeping,Personal Grooming Services,Ability to provide basic grooming or personal-care services.,5142,Beauticians and Related Workers,5142,beauty treatment,Personal Grooming Services; beauty treatment; types of thermal treatment; incineration of waste; thermal treatment technologies; waste burning; kinds of thermal treatment; Personal Services and Housekeeping,http://data.europa.eu/esco/skill/750c0a9d-248e-49f1-a270-1bfdcf980bbd,thermal treatment,types of thermal treatment; incineration of waste; thermal treatment technologies; waste burning; kinds of thermal treatment; burning of waste; typology of thermal treatment; waste incineration,"Technologies used for the treatment and processing of waste which involve high temperatures, and the processes involving the combustion of waste materials and energy recovery from waste treatment.",ESCO v1.2.0 / API-ready,0.62,manual_review,seed_reference
SK088,K08,"Hospitality, Tourism, Food, and Personal Services",Personal Services and Housekeeping,Laundry Services,"Ability to wash, dry, press, and organize laundry items.",9121,Hand Launderers and Pressers,9121,laundry process,Laundry Services; laundry process; the mashing process; mashing process; the process of mashing; process of lautering; lautering processes; Personal Services and Housekeeping,http://data.europa.eu/esco/skill/c33075f4-c3ab-421f-bc5e-65d6c1fdc950,lautering process,the mashing process; mashing process; the process of mashing; process of lautering; lautering processes,"Process of lautering, where the mash is separated into clear, liquid wort and residual grain. Lautering usually takes three steps: mashout, recirculation and sparging.",ESCO v1.2.0 / API-ready,0.62,manual_review,seed_reference
SK089,K09,"Logistics, Manufacturing, and Operations",Manufacturing and Plant Operations,Machine Operation,Ability to operate basic machines following production instructions.,8189,Stationary Plant and Machine Operators Not Elsewhere Classified,8189,operate machinery,Machine Operation; operate machinery; oversee router machinery; manage router machinery; operate a router machine; work router machinery; operate router machines; Manufacturing and Plant Operations,http://data.europa.eu/esco/skill/257b8857-5da2-46ea-be52-6dc67f6b996f,operate router machinery,oversee router machinery; manage router machinery; operate a router machine; work router machinery; operate router machines; use router machinery,"Operate machines and equipment used for cutting various hard materials, such as wood, composites, aluminium, steel, plastics and foams.",ESCO v1.2.0 / API-ready,0.77,partial_match,seed_reference
SK090,K09,"Logistics, Manufacturing, and Operations",Manufacturing and Plant Operations,Production Monitoring,Ability to observe production flow and report issues.,3122,Manufacturing Supervisors,3122,monitor production,Production Monitoring; monitor production; monitoring mine production rates; oversee mine productivity; mine production rate monitoring; oversee mine production rate; overseeing mine production rate; Manufacturing and Plant Operations,http://data.europa.eu/esco/skill/9ebae336-b0dc-4711-9aef-0aeb3504ba63,monitor mine production,monitoring mine production rates; oversee mine productivity; mine production rate monitoring; oversee mine production rate; overseeing mine production rate; mine production monitoring; monitoring mine production; overseeing mine productivity; monitoring of mine production; monitoring of mine production rates; monitor mine production rates,Oversee mining production rates in order to estimate operational effectiveness.,ESCO v1.2.0 / API-ready,0.8,mapped,seed_reference
SK091,K09,"Logistics, Manufacturing, and Operations",Manufacturing and Plant Operations,Workplace Safety,Ability to follow safety procedures and use protective equipment.,3257,Environmental and Occupational Health Inspectors and Associates,3257,workplace safety,"Workplace Safety; workplace health; workplace hygiene; workplace cleanliness; Manufacturing and Plant Operations; Logistics, Manufacturing, and Operations",http://data.europa.eu/esco/skill/06bd47bc-d9f3-4517-8e34-c55c2e81f8c2,workplace sanitation,workplace health; workplace hygiene; workplace cleanliness,"The importance of a clean, sanitary workspace for example through use of hand disinfectant and sanitizer, in order to minimise infection risk between colleagues or when working with children.",ESCO v1.2.0 / API-ready,0.62,manual_review,seed_reference
SK092,K09,"Logistics, Manufacturing, and Operations",Assembly and Production Support,Assembly Work,Ability to assemble parts or products according to instructions.,8219,Assemblers Not Elsewhere Classified,8219,assemble products,Assembly Work; assemble products; robots assembling; assembling robots; robotic machines assembling; assembling robotic machines; robot assembling; Assembly and Production Support,http://data.europa.eu/esco/skill/7ffae77a-93ce-40a3-af99-fae5729e8b15,assemble robots,robots assembling; assembling robots; robotic machines assembling; assembling robotic machines; robot assembling; robotic machine assembling; assemble robotic machines,"Assemble robotic machines, devices, and components according to engineering drawings. Program and install the necessary components of robotic systems, such as robot controllers, conveyors, and end-of-arm tools.",ESCO v1.2.0 / API-ready,0.64,manual_review,seed_reference
SK093,K09,"Logistics, Manufacturing, and Operations",Assembly and Production Support,Packaging,"Ability to prepare products for storage, shipment, or sale.",9321,Hand Packers,9321,pack goods,"Packaging; pack goods; pack manufactured products or goods in use; pack manufactured products by hand; package goods; pack goods by hand; Assembly and Production Support; Logistics, Manufacturing, and Operations",http://data.europa.eu/esco/skill/667cbbaf-f377-46d8-8f2d-1f6d8a55d74a,pack goods,pack manufactured products or goods in use; pack manufactured products by hand; package goods; pack goods by hand,"Pack different kinds of goods such as finished manufactured products or goods in use. Pack goods by hand in boxes, bags and other types of containers.",ESCO v1.2.0 / API-ready,0.98,mapped,seed_reference
SK094,K09,"Logistics, Manufacturing, and Operations",Assembly and Production Support,Quality Inspection,Ability to check products for defects and standard compliance.,7543,Product Graders and Testers,7543,inspect quality,"Quality Inspection; inspect quality; review paint quality; inspect quality of paint; inspect paint condition; check paint quality; Assembly and Production Support; Logistics, Manufacturing, and Operations",http://data.europa.eu/esco/skill/026db24f-6972-460b-a784-d34afaf8d498,inspect paint quality,review paint quality; inspect quality of paint; inspect paint condition; check paint quality,"Inspect paint to ensure it is of a good quality by testing the viscosity, homogeneity and other factors.",ESCO v1.2.0 / API-ready,0.78,partial_match,seed_reference
SK095,K09,"Logistics, Manufacturing, and Operations","Transport, Driving, and Delivery",Delivery Coordination,Ability to plan and monitor deliveries and dispatch schedules.,4323,Transport Clerks,4323,coordinate transportation,"Delivery Coordination; coordinate transportation; schedule transportation; set up transportation; coordinating transportation; organize transportation; arrange transportation; Transport, Driving, and Delivery",http://data.europa.eu/esco/skill/3a0f10bd-4c3f-4020-b29c-f03cfe6d6e5b,coordinate transportation,schedule transportation; set up transportation; coordinating transportation; organize transportation; arrange transportation; coordinate transport,Scheduling of transportation operations.,ESCO v1.2.0 / API-ready,0.98,mapped,seed_reference
SK096,K09,"Logistics, Manufacturing, and Operations","Transport, Driving, and Delivery",Driving Safety,Ability to follow safe driving practices and road regulations.,8322,"Car, Taxi and Van Drivers",8322,drive vehicles,"Driving Safety; drive vehicles; driving vehicles; drive a vehicle; operate vehicles; control vehicles; driving a vehicle; Transport, Driving, and Delivery",http://data.europa.eu/esco/skill/2a82241a-216e-44d8-bb50-6b9a0ef82084,drive vehicles,driving vehicles; drive a vehicle; operate vehicles; control vehicles; driving a vehicle; be in control of vehicles; handle vehicles,Be able to drive vehicles; have the approapriate type of driving license according to the type of motor vehicle used.,ESCO v1.2.0 / API-ready,0.98,mapped,seed_reference
SK097,K09,"Logistics, Manufacturing, and Operations","Transport, Driving, and Delivery",Route Planning,Ability to identify efficient routes for transport or delivery.,4323,Transport Clerks,4323,plan transport operations,"Route Planning; plan transport operations; plot transport operations; design transport operations; undertake transport operations planning; design transportation operations; execute transport operations planning; Transport, Driving, and Delivery",http://data.europa.eu/esco/skill/de857fbb-91a6-4a3f-8a47-93a9c1a616c8,plan transport operations,plot transport operations; design transport operations; undertake transport operations planning; design transportation operations; execute transport operations planning; plot transportation operations; carry out transport operations planning; conduct planning for transport operations; develop plans for transport operations; plan transportation operations; undertake planning for transport operations,"Plan mobility and transport for different departments, in order to obtain the best possible movement of equipment and materials. Negotiate the best possible delivery rates; compare different bids and select the most reliable and cost-effective bid.",ESCO v1.2.0 / API-ready,0.98,mapped,seed_reference
SK098,K09,"Logistics, Manufacturing, and Operations","Warehouse, Inventory, and Distribution",Inventory Management,"Ability to monitor, record, and organize stock, supplies, or warehouse items.",4321,Stock Clerks,4321,inventory management,"Inventory Management; inventory oversight rules; inventory regulation rules; inventory managing rule; inventory management rule; inventory supervision rules; Warehouse, Inventory, and Distribution; Logistics, Manufacturing, and Operations",http://data.europa.eu/esco/skill/5aaf2780-04d7-4bbf-8b06-af36eafe8eba,inventory management rules,inventory oversight rules; inventory regulation rules; inventory managing rule; inventory management rule; inventory supervision rules; inventory managing rules; inventory administration rules,The specific principles and techniques used in order to determine the approapriate level of inventory required.,ESCO v1.2.0 / API-ready,0.8,mapped,seed_reference
SK099,K09,"Logistics, Manufacturing, and Operations","Warehouse, Inventory, and Distribution",Warehouse Operations,"Ability to receive, store, pick, and dispatch warehouse goods.",4321,Stock Clerks,4321,warehouse operations,"Warehouse Operations; paradigms of warehouse operations; principles and practices of warehouse operations; principles of warehouse operations; operations of warehouses; warehouse practices; Warehouse, Inventory, and Distribution; Logistics, Manufacturing, and Operations",http://data.europa.eu/esco/skill/089ddb19-1c7a-43ff-ba64-070f7ce4787a,warehouse operations,paradigms of warehouse operations; principles and practices of warehouse operations; principles of warehouse operations; operations of warehouses; warehouse practices; fundamentals of warehouse operations; fundamental principles of warehouse operations; operations in warehouses; functions of warehouses; warehouse functions,The basic principles and practices of warehouse operations such as goods storage and the organisation of warehouse facilities.,ESCO v1.2.0 / API-ready,0.98,mapped,seed_reference
SK100,K10,"Agriculture, Forestry, Fishery, and Environmental Work",Crop and Horticulture,Crop Production,"Ability to support planting, cultivation, and basic agricultural production work.",6111,Field Crop and Vegetable Growers,6111,crop production,"Crop Production; manage crop maintenance functions; supervise crop production; crop production managing; crop production analysing; manage production of crops; Crop and Horticulture; Agriculture, Forestry, Fishery, and Environmental Work",http://data.europa.eu/esco/skill/754de174-292f-4ddc-ae08-24b8fb8cff2e,manage crop production,manage crop maintenance functions; supervise crop production; crop production managing; crop production analysing; manage production of crops; crop production supervising; supervise production of crops; analyse crop production; supervise crop maintenance functions; crop maintenance functions supervise,"Perform crop production duties such as planning, tilling, planting, fertilising, cultivating, spraying, and harvesting. Supervise all steps of the crop production and ranging process, including planting, fertilising, harvesting, herding as well as controlling pests or weeds.",ESCO v1.2.0 / API-ready,0.76,partial_match,seed_reference
SK101,K10,"Agriculture, Forestry, Fishery, and Environmental Work",Crop and Horticulture,Horticulture,"Ability to cultivate plants, flowers, fruits, or ornamental crops.",6113,"Gardeners, Horticultural and Nursery Growers",6113,horticulture principles,Horticulture; horticulture principles; practices of horticulture; scope of horticulture practices; application of horticulture principles; implementation of horticulture practices; implementation of horticulture principles; Crop and Horticulture,http://data.europa.eu/esco/skill/dcb01a4f-720a-480f-b61a-11a1286d56f3,horticulture principles,practices of horticulture; scope of horticulture practices; application of horticulture principles; implementation of horticulture practices; implementation of horticulture principles; application of horticulture practices; principles of horticulture; range of horticulture principles; scope of horticulture principles; range of horticulture practices,"The standard horticultural practices, including but not limited to planting, pruning, corrective pruning, and fertilisation.",ESCO v1.2.0 / API-ready,0.98,mapped,seed_reference
SK102,K10,"Agriculture, Forestry, Fishery, and Environmental Work",Crop and Horticulture,Pest Management,Ability to identify pests and support safe pest-control practices.,6111,Field Crop and Vegetable Growers,6111,pest management,"Pest Management; IPM techniques; IPM methods; integrated pest management methods; IPM; integrated pest management techniques; Crop and Horticulture; Agriculture, Forestry, Fishery, and Environmental Work",http://data.europa.eu/esco/skill/dbe63ddf-76f8-4177-a482-fee995a57b77,integrated pest management,IPM techniques; IPM methods; integrated pest management methods; IPM; integrated pest management techniques,An integrated approach to the prevention and/or suppression of organisms harmful to plants that aims to keep the use of pesticides and other forms of intervention only to levels that are economically and ecologically justified and which reduce or minimise risks for the human health and the environment.,ESCO v1.2.0 / API-ready,0.71,partial_match,seed_reference
SK103,K10,"Agriculture, Forestry, Fishery, and Environmental Work",Livestock and Animal Production,Animal Care,"Ability to feed, monitor, and support the welfare of animals.",6121,Livestock and Dairy Producers,6121,animal welfare,"Animal Care; animal welfare; animal welfare needs; animal's welfare needs; knowledge of animal welfare; Livestock and Animal Production; Agriculture, Forestry, Fishery, and Environmental Work",http://data.europa.eu/esco/skill/4e6cfb60-9579-4822-8a5e-424bc0c8835c,animal welfare,animal welfare needs; animal's welfare needs; knowledge of animal welfare,"Universally recognized animal welfare needs as applied to species, situation and occupation. These are: need for a suitable environment need for a suitable diet need to be able to exhibit normal behaviour patterns need to be housed with, or apart, from other animals need to be protected from pain, suffering, injury and disease.",ESCO v1.2.0 / API-ready,0.98,mapped,seed_reference
SK104,K10,"Agriculture, Forestry, Fishery, and Environmental Work",Livestock and Animal Production,Livestock Production,Ability to support animal production and farm-care activities.,6121,Livestock and Dairy Producers,6121,livestock production,"Livestock Production; researching production of livestock; livestock production researching; livestock production analysing; analysing livestock production; analysing production of livestock; Livestock and Animal Production; Agriculture, Forestry, Fishery, and Environmental Work",http://data.europa.eu/esco/skill/d4eeb8f1-50d2-4a62-a405-f5eeaeec7f52,research livestock production,researching production of livestock; livestock production researching; livestock production analysing; analysing livestock production; analysing production of livestock; analyse livestock production; researching livestock production; analyse production of livestock; research production of livestock,Collect and use the livestock production facts and the results of analysis as a input to scientific research. Research and keep up to date with any relevant developments in livestock production review and gather information to inform business decisions.,ESCO v1.2.0 / API-ready,0.76,partial_match,seed_reference
SK105,K10,"Agriculture, Forestry, Fishery, and Environmental Work",Livestock and Animal Production,Dairy Production Support,Ability to assist with basic dairy handling and production tasks.,6121,Livestock and Dairy Producers,6121,dairy products,Dairy Production Support; dairy products; cream products; product of a dairy; cheese products; milk products; dairy product; Livestock and Animal Production,http://data.europa.eu/esco/skill/6f46e227-f6d3-422f-b391-2b42169aac2c,dairy products,cream products; product of a dairy; cheese products; milk products; dairy product; yogurt products; a dairy product,"Variety of products deriving from dairy products such as milk, butter, cheese, and evaporated milk in liquid, solid or powdered form.",ESCO v1.2.0 / API-ready,0.98,mapped,seed_reference
SK106,K10,"Agriculture, Forestry, Fishery, and Environmental Work",Forestry and Conservation,Environmental Conservation,Ability to support conservation and sustainable resource practices.,2133,Environmental Protection Professionals,2133,environmental protection,Environmental Conservation; environmental protection; informing customers environmental protection; notify clients of environmental protection status; brief clients on environmental protection; notify customers of environmental protection status; brief customers on environmental protection; Forestry and Conservation,http://data.europa.eu/esco/skill/e671c957-b998-49df-b630-7908806966f1,inform customers environmental protection,informing customers environmental protection; notify clients of environmental protection status; brief clients on environmental protection; notify customers of environmental protection status; brief customers on environmental protection; inform clients environmental protection; inform customer environmental protection,Provide customers with information on the impact their heating systems have on the environment and to what extent this impact can be reduced to a minimum by handling the systems in an environmentally friendly way or by using environmentally friendly systems.,ESCO v1.2.0 / API-ready,0.66,manual_review,seed_reference
SK107,K10,"Agriculture, Forestry, Fishery, and Environmental Work",Forestry and Conservation,Tree Planting,"Ability to assist in planting, maintaining, and monitoring trees.",6210,Forestry and Related Workers,6210,plant trees,"Tree Planting; plant trees; transplant trees; Forestry and Conservation; Agriculture, Forestry, Fishery, and Environmental Work",http://data.europa.eu/esco/skill/a281365c-a432-4e82-97ce-2dcc4907685f,plant trees,transplant trees,Transplant and plant trees or tree seeds in woodland areas and forests.,ESCO v1.2.0 / API-ready,0.98,mapped,seed_reference
SK108,K10,"Agriculture, Forestry, Fishery, and Environmental Work",Forestry and Conservation,Waste Management,"Ability to support proper segregation, recycling, and disposal processes.",9612,Refuse Sorters,9612,waste management,"Waste Management; waste managing; waste oversight; solid waste management; waste supervision; waste regulation; Forestry and Conservation; Agriculture, Forestry, Fishery, and Environmental Work",http://data.europa.eu/esco/skill/40f65a56-ccbe-4601-9f32-1cc6cdd24f28,waste management,waste managing; waste oversight; solid waste management; waste supervision; waste regulation; waste administration,"The methods, materials and regulations used to collect, transport, treat and dispose of waste. This includes recycling and monitoring of waste disposal. It excludes procedures related to waste incineration.",ESCO v1.2.0 / API-ready,0.98,mapped,seed_reference
SK109,K10,"Agriculture, Forestry, Fishery, and Environmental Work",Fishery and Aquatic Work,Aquaculture Support,Ability to assist in fish or aquatic production activities.,6221,Aquaculture Workers,6221,aquaculture,Aquaculture Support; aquaculture; scope of aquaculture industry; typology of aquaculture industry; range of aquaculture industry; range of aquafarming industry; typology of aquafarming industry; Fishery and Aquatic Work,http://data.europa.eu/esco/skill/71b48d23-8a2d-4f99-8d90-7e904de607ca,aquaculture industry,scope of aquaculture industry; typology of aquaculture industry; range of aquaculture industry; range of aquafarming industry; typology of aquafarming industry; scope of aquafarming industry; types of aquafarming industry; types of aquaculture industry,"The characteristics and business models of the aquaculture industry, its designs and installations.",ESCO v1.2.0 / API-ready,0.64,manual_review,seed_reference
SK110,K10,"Agriculture, Forestry, Fishery, and Environmental Work",Fishery and Aquatic Work,Fish Handling,"Ability to handle, sort, and prepare fishery products safely.",6222,Inland and Coastal Waters Fishery Workers,6222,handle fish,Fish Handling; handle fish; fish product storing; store fish products; fish products storing; handling fish products; storing fish products; Fishery and Aquatic Work,http://data.europa.eu/esco/skill/9b3c7861-8df8-4276-8553-390563526607,handle fish products,fish product storing; store fish products; fish products storing; handling fish products; storing fish products; fish products handling; fish product handling,Handle fish with care and hygiene required to maintain quality. Adequately prepare fish products for storage.,ESCO v1.2.0 / API-ready,0.69,partial_match,seed_reference
SK111,K11,"Public Service, Legal, and Protective Services",Government and Regulatory Services,Government Service Support,Ability to assist with public office transactions and records.,4110,General Office Clerks,4110,public administration,Government Service Support; public administration; public governance; government administration; public bodies administration; public sector management; public service administration; Government and Regulatory Services,http://data.europa.eu/esco/skill/d39022ab-d102-4720-b689-540d6f056b17,public administration,public governance; government administration; public bodies administration; public sector management; public service administration,"The field where policy acts to pursue the improvement of public goods and produce beneficial changes in societies. Includes the set of public entities and bodies that serve the public interest, within the framework of local, regional, or state government.",ESCO v1.2.0 / API-ready,0.98,mapped,seed_reference
SK112,K11,"Public Service, Legal, and Protective Services",Government and Regulatory Services,Regulatory Compliance,"Ability to follow and support compliance with rules, policies, or standards.",3359,Regulatory Government Associate Professionals Not Elsewhere Classified,3359,ensure regulatory compliance,Regulatory Compliance; ensure regulatory compliance; enable customs compliance; assure customs compliance; secure customs compliance; provide customs compliance; ensuring customs compliance; Government and Regulatory Services,http://data.europa.eu/esco/skill/42ab725f-e57f-4320-a9fd-ac3d6717963d,ensure customs compliance,enable customs compliance; assure customs compliance; secure customs compliance; provide customs compliance; ensuring customs compliance; customs compliance ensuring,"Implement and monitor compliance with import and export requirements in order to avoid customs claims, supply chain interruption, increased overall costs.",ESCO v1.2.0 / API-ready,0.69,partial_match,seed_reference
SK113,K11,"Public Service, Legal, and Protective Services",Government and Regulatory Services,Public Records Management,Ability to organize and protect official records and documents.,4415,Filing and Copying Clerks,4415,record management,Public Records Management; record management; administer record management; oversee a record management system; supervise record management; oversee records management; oversee management of records; Government and Regulatory Services,http://data.europa.eu/esco/skill/d4f9906e-3b22-4c27-9b32-1c1f457ced44,oversee record management,administer record management; oversee a record management system; supervise record management; oversee records management; oversee management of records; manage record management; control record management,Control and oversee electronic records of an organisation throughout the records life-cycle.,ESCO v1.2.0 / API-ready,0.76,partial_match,seed_reference
SK114,K11,"Public Service, Legal, and Protective Services",Legal Services,Legal Documentation,"Ability to prepare, organize, or support legal documents and records.",3411,Legal and Related Associate Professionals,3411,legal documentation,"Legal Documentation; verify group travel documents; check documents for travel; check travelling documentation; review travel documents; Legal Services; Public Service, Legal, and Protective Services",http://data.europa.eu/esco/skill/ecf9d792-1218-4020-a807-b756aeadad14,check travel documentation,verify group travel documents; check documents for travel; check travelling documentation; review travel documents,"Control tickets and travel documents, allocate seats and note food preferences of people on tour.",ESCO v1.2.0 / API-ready,0.62,manual_review,seed_reference
SK115,K11,"Public Service, Legal, and Protective Services",Legal Services,Legal Research Support,Ability to gather and organize legal information under supervision.,3411,Legal and Related Associate Professionals,3411,conduct legal research,Legal Research Support; conduct legal research; judicial probing; judicial inquiries; judicial investigations; legal inquiries; legal analysis; Legal Services,http://data.europa.eu/esco/skill/a8585efe-4011-47b2-9aed-cd01bd3652c0,legal research,judicial probing; judicial inquiries; judicial investigations; legal inquiries; legal analysis; legal investigations; legal probing; judicial analysis,"The methods and procedures of research in legal matters, such as the regulations, and different approaches to analyses and source gathering, and the knowledge on how to adapt the research methodology to a specific case to obtain the required information.",ESCO v1.2.0 / API-ready,0.74,partial_match,seed_reference
SK116,K11,"Public Service, Legal, and Protective Services",Legal Services,Contract Review Support,Ability to assist in checking contract details and documentation.,3411,Legal and Related Associate Professionals,3411,review legal documents,"Contract Review Support; review legal documents; revise legal document; modify legal documents; revising legal documents; assess legal documents; Legal Services; Public Service, Legal, and Protective Services",http://data.europa.eu/esco/skill/82ae17ef-a422-4803-923e-d62da42476a9,revise legal documents,revise legal document; modify legal documents; revising legal documents; review legal documents; assess legal documents,Read and interpret legal documents and proofs about happenings in relation with the legal case.,ESCO v1.2.0 / API-ready,0.8,mapped,seed_reference
SK117,K11,"Public Service, Legal, and Protective Services",Protective and Security Services,Security Monitoring,"Ability to observe, report, and respond to basic safety or security concerns.",5414,Security Guards,5414,surveillance methods,Security Monitoring; surveillance methods; surveillance processes; scrutiny processes; scrutiny approaches; surveillance approaches; surveillance arrangements: surveillance mechanisms; Protective and Security Services,http://data.europa.eu/esco/skill/ff8bd17c-77e9-4d4e-929a-a0cf86f3ed34,surveillance methods,surveillance processes; scrutiny processes; scrutiny approaches; surveillance approaches; surveillance arrangements: surveillance mechanisms; scrutiny arrangements: scrutiny mechanisms,Surveillance methods used in the gathering of information and intelligence for investigation purposes.,ESCO v1.2.0 / API-ready,0.98,mapped,seed_reference
SK118,K11,"Public Service, Legal, and Protective Services",Protective and Security Services,Emergency Response,Ability to follow emergency procedures and coordinate basic response actions.,5419,Protective Services Workers Not Elsewhere Classified,5419,respond to emergencies,Emergency Response; respond to emergencies; responding to nuclear emergencies; nuclear emergencies responding; implement actions in response to nuclear emergency; implementing actions in response to nuclear emergency; dealing with emergencies at nuclear facilities; Protective and Security Services,http://data.europa.eu/esco/skill/b66b7130-e851-4e54-a3cc-7bd1f8db531e,respond to nuclear emergencies,responding to nuclear emergencies; nuclear emergencies responding; implement actions in response to nuclear emergency; implementing actions in response to nuclear emergency; dealing with emergencies at nuclear facilities; deal with emergencies at nuclear facilities,"Set in motion the strategies for reacting in the event of equipment malfunctions, errors, or other events which may lead to contamination and other nuclear emergencies, ensuring that the facility is secured, all necessary areas are evacuated, and further damages and risks are contained.",ESCO v1.2.0 / API-ready,0.81,mapped,seed_reference
SK119,K11,"Public Service, Legal, and Protective Services",Protective and Security Services,Risk Reporting,"Ability to document incidents, hazards, and security-related observations.",5414,Security Guards,5414,report incidents,"Risk Reporting; report incidents; report incidents on gaming; reporting incidents on gaming; denounce gaming incidents; inform on gambling incidents; Protective and Security Services; Public Service, Legal, and Protective Services",http://data.europa.eu/esco/skill/7253896a-fa39-4064-8b2c-0db4bd9b823e,report gaming incidents,report incidents on gaming; reporting incidents on gaming; denounce gaming incidents; inform on gambling incidents,"Report accordingly about incidents during gambling, betting and lottery games.",ESCO v1.2.0 / API-ready,0.77,partial_match,seed_reference
SK120,K11,"Public Service, Legal, and Protective Services","Policy, Leadership, and Public Administration",Policy Support,"Ability to assist with policy documentation, coordination, and monitoring.",3359,Regulatory Government Associate Professionals Not Elsewhere Classified,3359,policy analysis,"Policy Support; policy analysis; policy evaluation; analysis of policymaking in a specific sector; evaluation of policymaking in a specific sector; Policy, Leadership, and Public Administration; Public Service, Legal, and Protective Services",http://data.europa.eu/esco/skill/c5449667-9b40-4114-8d74-f51177669984,policy analysis,policy evaluation; analysis of policymaking in a specific sector; evaluation of policymaking in a specific sector,"Understanding of the basic tenets of policymaking in a specific sector, its implementation processes and its consequences.",ESCO v1.2.0 / API-ready,0.98,mapped,seed_reference
SK121,K11,"Public Service, Legal, and Protective Services","Policy, Leadership, and Public Administration",Leadership Support,Ability to coordinate tasks and support team decision-making.,3341,Office Supervisors,3341,lead a team,"Leadership Support; lead a team; leading a team; direct a team; lead teams; supervise a group of people; Policy, Leadership, and Public Administration; Public Service, Legal, and Protective Services",http://data.europa.eu/esco/skill/1f1d2ff8-c4c1-45cc-9812-6a7ee84a73cb,lead a team,leading a team; direct a team; lead teams; supervise a group of people,"Lead, supervise and motivate a group of people, in order to meet the expected results within a given timeline and with the foreseen resources in mind.",ESCO v1.2.0 / API-ready,0.98,mapped,seed_reference
SK122,K01,"Technology, Data, and Digital Systems","Data, Analytics, and Statistics",Perform data mining,"Explore large datasets to reveal patterns using statistics, database systems or artificial intelligence and present the information in a comprehensible way.",2521,Database Designers and Administrators,2521,perform data mining,"Perform data mining; perform data mining; mine data; use model data; Data, Analytics, and Statistics; Technology, Data, and Digital Systems",http://data.europa.eu/esco/skill/4216e465-7baa-4884-a241-54b197bb9278,perform data mining,mine data; use model data,"Explore large datasets to reveal patterns using statistics, database systems or artificial intelligence and present the information in a comprehensible way.",ESCO v1.2.0 / API-ready,0.78,auto_generated_review,esco_auto_expansion_500_review_needed
SK123,K01,"Technology, Data, and Digital Systems","Data, Analytics, and Statistics",Data mining,"The methods of artificial intelligence, machine learning, statistics and databases used to extract content from a dataset.",2521,Database Designers and Administrators,2521,data mining,"Data mining; data mining; data scraping; Data, Analytics, and Statistics; Technology, Data, and Digital Systems",http://data.europa.eu/esco/skill/25f0ea33-b4a2-4f31-b7b4-7d20e827b180,data mining,data scraping,"The methods of artificial intelligence, machine learning, statistics and databases used to extract content from a dataset.",ESCO v1.2.0 / API-ready,0.78,auto_generated_review,esco_auto_expansion_500_review_needed
SK124,K01,"Technology, Data, and Digital Systems",Software and Applications,Web programming,"The programming paradigm that is based on combining markup (which adds context and structure to text) and other web programming code, such as AJAX, javascript and PHP, in order to carry out appropriate actions and visualise the content.",2512,Software Developers,2512,web programming,"Web programming; web programming; markup programming; Software and Applications; Technology, Data, and Digital Systems",http://data.europa.eu/esco/skill/69bbd53f-fbb0-4476-b4b2-ef7844464e28,web programming,markup programming,"The programming paradigm that is based on combining markup (which adds context and structure to text) and other web programming code, such as AJAX, javascript and PHP, in order to carry out appropriate actions and visualise the content.",ESCO v1.2.0 / API-ready,0.78,auto_generated_review,esco_auto_expansion_500_review_needed
SK125,K01,"Technology, Data, and Digital Systems","Networks, Databases, and IT Support",Cyber attack counter-measures,"Methods, technologies and techniques used to defend (detect, monitor and recover) against cyber attacks. These cyber attacks include several attack vectors such as malware, denial of service (DoS) attacks and phishing. Intrusion prevention systems (IPS), firewall, antivirus, intrusion detection systems (IDS), cybersecurity training, backup, Information Security Management System (ISM), multi-factor authentication and employ awareness, are some examples of the methods used.",2522,Systems Administrators,2522,cyber attack counter-measures,"Cyber attack counter-measures; cyber attack counter-measures; network communications security measures; cyber defence mechanisms; cyber/digital/IT/ICT/information security controls; cybersecurity measures; Networks, Databases, and IT Support; Technology, Data, and Digital Systems",http://data.europa.eu/esco/skill/5898d99a-62a4-4e10-a2e3-0d815ce44248,cyber attack counter-measures,network communications security measures; cyber defence mechanisms; cyber/digital/IT/ICT/information security controls; cybersecurity measures,"Methods, technologies and techniques used to defend (detect, monitor and recover) against cyber attacks. These cyber attacks include several attack vectors such as malware, denial of service (DoS) attacks and phishing. Intrusion prevention systems (IPS), firewall, antivirus, intrusion detection systems (IDS), cybersecurity training, backup, Information Security Management System (ISM), multi-factor authentication and employ awareness, are some examples of the methods used.",ESCO v1.2.0 / API-ready,0.78,auto_generated_review,esco_auto_expansion_500_review_needed
SK126,K01,"Technology, Data, and Digital Systems","Data, Analytics, and Statistics",Apply statistical analysis techniques,"Use models (descriptive or inferential statistics) and techniques (data mining or machine learning) for statistical analysis and ICT tools to analyse data, uncover correlations and forecast trends.",2521,Database Designers and Administrators,2521,apply statistical analysis techniques,"Apply statistical analysis techniques; apply statistical analysis techniques; apply numerical analysis to data; apply JMP statistical analysis techniques; apply minitab statistical analysis techniques; Data, Analytics, and Statistics; Technology, Data, and Digital Systems",http://data.europa.eu/esco/skill/382c11ed-20d5-4ae7-b60e-15fec527fa6c,apply statistical analysis techniques,apply numerical analysis to data; apply JMP statistical analysis techniques; apply minitab statistical analysis techniques,"Use models (descriptive or inferential statistics) and techniques (data mining or machine learning) for statistical analysis and ICT tools to analyse data, uncover correlations and forecast trends.",ESCO v1.2.0 / API-ready,0.78,auto_generated_review,esco_auto_expansion_500_review_needed
SK127,K01,"Technology, Data, and Digital Systems","Data, Analytics, and Statistics",Statistics,"The study of statistical theory, methods and practices such as collection, organisation, analysis, interpretation and presentation of data. It deals with all aspects of data including the planning of data collection in terms of the design of surveys and experiments in order to forecast and plan work-related activities.",2521,Database Designers and Administrators,2521,statistics,"Statistics; statistics; experimental data; use of data in performance of work; use of statistics; organisation of data; data analysis; survey data; use of statistics in performance of work; data collection; Data, Analytics, and Statistics; Technology, Data, and Digital Systems",http://data.europa.eu/esco/skill/7ee4c2ea-b349-4bd2-81a3-ec31475d4833,statistics,experimental data; use of data in performance of work; use of statistics; organisation of data; data analysis; survey data; use of statistics in performance of work; data collection,"The study of statistical theory, methods and practices such as collection, organisation, analysis, interpretation and presentation of data. It deals with all aspects of data including the planning of data collection in terms of the design of surveys and experiments in order to forecast and plan work-related activities.",ESCO v1.2.0 / API-ready,0.78,auto_generated_review,esco_auto_expansion_500_review_needed
SK128,K01,"Technology, Data, and Digital Systems","Networks, Databases, and IT Support",ICT security legislation,"The set of legislative rules that safeguards information technology, ICT networks and computer systems and legal consequences which result from their misuse. Regulated measures include firewalls, intrusion detection, anti-virus software and encryption.",2522,Systems Administrators,2522,ICT security legislation,"ICT security legislation; ICT security legislation; cyber-security regulation; network and information security legislation; ICT law; legal aspects of computing; Networks, Databases, and IT Support; Technology, Data, and Digital Systems",http://data.europa.eu/esco/skill/7814e88f-c133-4c3b-b27f-857afa145d42,ICT security legislation,cyber-security regulation; network and information security legislation; ICT law; legal aspects of computing,"The set of legislative rules that safeguards information technology, ICT networks and computer systems and legal consequences which result from their misuse. Regulated measures include firewalls, intrusion detection, anti-virus software and encryption.",ESCO v1.2.0 / API-ready,0.78,auto_generated_review,esco_auto_expansion_500_review_needed
SK129,K01,"Technology, Data, and Digital Systems",Software and Applications,Use scripting programming,"Utilise specialised ICT tools to create computer code that is interpreted by the corresponding run-time environments in order to extend applications and automate common computer operations. Use programming languages which support this method such as Unix Shell scripts, JavaScript, Python and Ruby.",2512,Software Developers,2512,use scripting programming,"Use scripting programming; use scripting programming; employ ICT tools for computer code creation; use ICT tools for computer code generation; employ programming languages for computer code creation; use ICT tools for computer code development; use ICT tools for computer code creation; Software and Applications; Technology, Data, and Digital Systems",http://data.europa.eu/esco/skill/5ef0c719-5bcb-49f8-b8eb-824388225333,use scripting programming,employ ICT tools for computer code creation; use ICT tools for computer code generation; employ programming languages for computer code creation; use ICT tools for computer code development; use ICT tools for computer code creation,"Utilise specialised ICT tools to create computer code that is interpreted by the corresponding run-time environments in order to extend applications and automate common computer operations. Use programming languages which support this method such as Unix Shell scripts, JavaScript, Python and Ruby.",ESCO v1.2.0 / API-ready,0.78,auto_generated_review,esco_auto_expansion_500_review_needed
SK130,K01,"Technology, Data, and Digital Systems","Data, Analytics, and Statistics",Data science,The field of study that deals with big amount of data using AI techniques such as machine learning algorithms to predict patterns and obtain useful information to make business decisions.,2521,Database Designers and Administrators,2521,data science,"Data science; data science; data science process; science of data; Data, Analytics, and Statistics; Technology, Data, and Digital Systems",http://data.europa.eu/esco/skill/edebd83d-35f6-4ed5-a940-6c203d178c01,data science,data science process; science of data,The field of study that deals with big amount of data using AI techniques such as machine learning algorithms to predict patterns and obtain useful information to make business decisions.,ESCO v1.2.0 / API-ready,0.78,auto_generated_review,esco_auto_expansion_500_review_needed
SK131,K01,"Technology, Data, and Digital Systems","Data, Analytics, and Statistics",Analyse big data,"Collect and evaluate numerical data in large quantities, especially for the purpose of identifying patterns between the data.",2521,Database Designers and Administrators,2521,analyse big data,"Analyse big data; analyse big data; analyze big data; scrutinise big data; big data analysis; investigate big data; search big data; test big data; analysing big data; big data analysing; Data, Analytics, and Statistics; Technology, Data, and Digital Systems",http://data.europa.eu/esco/skill/47a49cd6-097d-457a-9f7b-c290c14930d5,analyse big data,analyze big data; scrutinise big data; big data analysis; investigate big data; search big data; test big data; analysing big data; big data analysing,"Collect and evaluate numerical data in large quantities, especially for the purpose of identifying patterns between the data.",ESCO v1.2.0 / API-ready,0.78,auto_generated_review,esco_auto_expansion_500_review_needed
SK132,K01,"Technology, Data, and Digital Systems",Software and Applications,Develop code exploits,Create and test software exploits in a controlled environment to uncover and check system bugs or vulnerabilities.,2512,Software Developers,2512,develop code exploits,"Develop code exploits; develop code exploits; develop software exploits; Software and Applications; Technology, Data, and Digital Systems",http://data.europa.eu/esco/skill/af313ba1-a39e-49ac-99ec-94630fbe4f7f,develop code exploits,develop software exploits,Create and test software exploits in a controlled environment to uncover and check system bugs or vulnerabilities.,ESCO v1.2.0 / API-ready,0.78,auto_generated_review,esco_auto_expansion_500_review_needed
SK133,K01,"Technology, Data, and Digital Systems",Software and Applications,Java (computer programming),"The techniques and principles of software development, such as analysis, algorithms, coding, testing and compiling of programming paradigms in Java.",2512,Software Developers,2512,Java (computer programming),"Java (computer programming); Java (computer programming); Java 2; Java 2 enterprise edition; Java; Software and Applications; Technology, Data, and Digital Systems",http://data.europa.eu/esco/skill/19a8293b-8e95-4de3-983f-77484079c389,Java (computer programming),Java 2; Java 2 enterprise edition; Java,"The techniques and principles of software development, such as analysis, algorithms, coding, testing and compiling of programming paradigms in Java.",ESCO v1.2.0 / API-ready,0.78,auto_generated_review,esco_auto_expansion_500_review_needed
SK134,K01,"Technology, Data, and Digital Systems",Software and Applications,Python (computer programming),"The techniques and principles of software development, such as analysis, algorithms, coding, testing and compiling of programming paradigms in Python.",2512,Software Developers,2512,Python (computer programming),"Python (computer programming); Python (computer programming); Python 3K; Python; Software and Applications; Technology, Data, and Digital Systems",http://data.europa.eu/esco/skill/ccd0a1d9-afda-43d9-b901-96344886e14d,Python (computer programming),Python 3K; Python,"The techniques and principles of software development, such as analysis, algorithms, coding, testing and compiling of programming paradigms in Python.",ESCO v1.2.0 / API-ready,0.78,auto_generated_review,esco_auto_expansion_500_review_needed
SK135,K01,"Technology, Data, and Digital Systems",Software and Applications,Integrated development environment software,"The suite of software development tools for writing programs, such as compiler, debugger, code editor, code highlights, packaged in a unified user interface, such as Visual Studio or Eclipse.",2512,Software Developers,2512,integrated development environment software,"Integrated development environment software; integrated development environment software; Zeus IDE; Borland C++ Builder; CodeForge; Dev-C++; DialogBlocks; CodeLite; Anjuta; Philasmicos Entwickler Studio; Software and Applications; Technology, Data, and Digital Systems",http://data.europa.eu/esco/skill/925463a7-d51f-4d5b-9f79-4d28cf30acde,integrated development environment software,Zeus IDE; Borland C++ Builder; CodeForge; Dev-C++; DialogBlocks; CodeLite; Anjuta; Philasmicos Entwickler Studio,"The suite of software development tools for writing programs, such as compiler, debugger, code editor, code highlights, packaged in a unified user interface, such as Visual Studio or Eclipse.",ESCO v1.2.0 / API-ready,0.78,auto_generated_review,esco_auto_expansion_500_review_needed
SK136,K01,"Technology, Data, and Digital Systems",Software and Applications,JavaScript Framework,"The JavaScript software development environments which provide specific features and components ( such as HTML generation tools, Canvas support or Visual design) that support and guide JavaScript web applications development.",2512,Software Developers,2512,JavaScript Framework,"JavaScript Framework; JavaScript Framework; Software and Applications; Technology, Data, and Digital Systems",http://data.europa.eu/esco/skill/9b9de2a4-d8af-4a7b-933a-a8334ae60067,JavaScript Framework,,"The JavaScript software development environments which provide specific features and components ( such as HTML generation tools, Canvas support or Visual design) that support and guide JavaScript web applications development.",ESCO v1.2.0 / API-ready,0.78,auto_generated_review,esco_auto_expansion_500_review_needed
SK137,K01,"Technology, Data, and Digital Systems",Software and Applications,Develop software prototype,Create a first incomplete or preliminary version of a piece of software application to simulate some specific aspects of the final product.,2512,Software Developers,2512,develop software prototype,"Develop software prototype; develop software prototype; develop software throw-away simulation; develop software mockup; Software and Applications; Technology, Data, and Digital Systems",http://data.europa.eu/esco/skill/797a4416-0b8d-44f3-8fcd-eb10bd0be6b4,develop software prototype,develop software throw-away simulation; develop software mockup,Create a first incomplete or preliminary version of a piece of software application to simulate some specific aspects of the final product.,ESCO v1.2.0 / API-ready,0.78,auto_generated_review,esco_auto_expansion_500_review_needed
SK138,K01,"Technology, Data, and Digital Systems","Data, Analytics, and Statistics",Statistical analysis system software,"Specific software system (SAS) used for advanced analytics, business intelligence, data management, and predictive analytics.",2521,Database Designers and Administrators,2521,statistical analysis system software,"Statistical analysis system software; statistical analysis system software; statistical analysing of system software; statistical analysis of system software; statistical analysis of software systems; statistical analysis system programme; statistical analysis system operating system; statistical analysis system application; Data, Analytics, and Statistics; Technology, Data, and Digital Systems",http://data.europa.eu/esco/skill/ad59afe4-6f8a-4bc4-acfd-0f228277508a,statistical analysis system software,statistical analysing of system software; statistical analysis of system software; statistical analysis of software systems; statistical analysis system programme; statistical analysis system operating system; statistical analysis system application,"Specific software system (SAS) used for advanced analytics, business intelligence, data management, and predictive analytics.",ESCO v1.2.0 / API-ready,0.78,auto_generated_review,esco_auto_expansion_500_review_needed
SK139,K01,"Technology, Data, and Digital Systems","Networks, Databases, and IT Support",Establish an Information Security Management System,"Design, apply, monitor and review an Information Security Management System (ISMS) that preserves the confidentiality, integrity and availability of information by applying a risk management process, and gives confidence to interested parties regarding the adequate management of such cybersecurity-related risks.",2522,Systems Administrators,2522,establish an Information Security Management System,"Establish an Information Security Management System; establish an Information Security Management System; apply an ISMS; define an ISMS; implement an ISMS; define an Information Security Management System; monitor an ISMS; apply an Information Security Management System; implement an Information Security Management System; monitor an Information Security Management System; Networks, Databases, and IT Support; Technology, Data, and Digital Systems",http://data.europa.eu/esco/skill/4918ec9a-0204-4935-8b09-b0112370daa8,establish an Information Security Management System,apply an ISMS; define an ISMS; implement an ISMS; define an Information Security Management System; monitor an ISMS; apply an Information Security Management System; implement an Information Security Management System; monitor an Information Security Management System,"Design, apply, monitor and review an Information Security Management System (ISMS) that preserves the confidentiality, integrity and availability of information by applying a risk management process, and gives confidence to interested parties regarding the adequate management of such cybersecurity-related risks.",ESCO v1.2.0 / API-ready,0.78,auto_generated_review,esco_auto_expansion_500_review_needed
SK140,K01,"Technology, Data, and Digital Systems",Software and Applications,COBOL,"The techniques and principles of software development, such as analysis, algorithms, coding, testing and compiling of programming paradigms in COBOL.",2512,Software Developers,2512,COBOL,"COBOL; COBOL; COBOL programming language; Cobol; COBOL applications; COBOL software; Software and Applications; Technology, Data, and Digital Systems",http://data.europa.eu/esco/skill/def007fa-5fed-4a5f-91a2-b0d7e3db1be1,COBOL,COBOL programming language; Cobol; COBOL applications; COBOL software,"The techniques and principles of software development, such as analysis, algorithms, coding, testing and compiling of programming paradigms in COBOL.",ESCO v1.2.0 / API-ready,0.78,auto_generated_review,esco_auto_expansion_500_review_needed
SK141,K01,"Technology, Data, and Digital Systems",Software and Applications,VBScript,"The techniques and principles of software development, such as analysis, algorithms, coding, testing and compiling of programming paradigms in VBScript.",2512,Software Developers,2512,VBScript,"VBScript; VBScript; VBScript for web-based scripting; VBScript programming paradigms; VBScript coding techniques; VBScript scripting techniques; VBScript algorithms; Software and Applications; Technology, Data, and Digital Systems",http://data.europa.eu/esco/skill/dcdd5ddf-82a6-4ac3-8edc-d4b23cae9a88,VBScript,VBScript for web-based scripting; VBScript programming paradigms; VBScript coding techniques; VBScript scripting techniques; VBScript algorithms,"The techniques and principles of software development, such as analysis, algorithms, coding, testing and compiling of programming paradigms in VBScript.",ESCO v1.2.0 / API-ready,0.78,auto_generated_review,esco_auto_expansion_500_review_needed
SK142,K01,"Technology, Data, and Digital Systems","Networks, Databases, and IT Support",Attack vectors,"Paths or methods that threat actors use to exploit vulnerabilities in information networks or systems from a concrete organisation and impact its availability, integrity and confidentiality. Attack vectors may include social engineering tactics such as phishing mails or pretexting, technical exploits as SQL injection as well as buffer overflow attacks.",2522,Systems Administrators,2522,attack vectors,"Attack vectors; attack vectors; information security threats; cybersecurity threats; ICT security threats; Networks, Databases, and IT Support; Technology, Data, and Digital Systems",http://data.europa.eu/esco/skill/501537a7-9d63-491d-ae02-09f04767ff1e,attack vectors,information security threats; cybersecurity threats; ICT security threats,"Paths or methods that threat actors use to exploit vulnerabilities in information networks or systems from a concrete organisation and impact its availability, integrity and confidentiality. Attack vectors may include social engineering tactics such as phishing mails or pretexting, technical exploits as SQL injection as well as buffer overflow attacks.",ESCO v1.2.0 / API-ready,0.78,auto_generated_review,esco_auto_expansion_500_review_needed
SK143,K01,"Technology, Data, and Digital Systems","Data, Analytics, and Statistics",Data mining methods,Data mining techniques used to determine and analyse the relationship between different elements of economy and marketing.,2521,Database Designers and Administrators,2521,data mining methods,"Data mining methods; data mining methods; data mining approaches; data mining mechanisms; data mining arrangements; data mining methodology; data mining processes; a data mining method; methods of data mining; Data, Analytics, and Statistics; Technology, Data, and Digital Systems",http://data.europa.eu/esco/skill/9effa3d7-c0c4-4583-ad94-b496ba5e5f2c,data mining methods,data mining approaches; data mining mechanisms; data mining arrangements; data mining methodology; data mining processes; a data mining method; methods of data mining,Data mining techniques used to determine and analyse the relationship between different elements of economy and marketing.,ESCO v1.2.0 / API-ready,0.78,auto_generated_review,esco_auto_expansion_500_review_needed
SK144,K01,"Technology, Data, and Digital Systems","Networks, Databases, and IT Support",Security engineering,"Interdisciplinary field of study that focuses on the realisation of secure systems and the technology to protect individuals or information from malice, errors, or unauthorized access. It involves defining security protection requirements, processes, and methods to ensure the resilience of systems and data.",2522,Systems Administrators,2522,security engineering,"Security engineering; security engineering; information security engineering; network security engineering; systems security engineering; security management; Networks, Databases, and IT Support; Technology, Data, and Digital Systems",http://data.europa.eu/esco/skill/6f1edc19-191f-4ba5-a048-ee69aff05bab,security engineering,information security engineering; network security engineering; systems security engineering; security management,"Interdisciplinary field of study that focuses on the realisation of secure systems and the technology to protect individuals or information from malice, errors, or unauthorized access. It involves defining security protection requirements, processes, and methods to ensure the resilience of systems and data.",ESCO v1.2.0 / API-ready,0.78,auto_generated_review,esco_auto_expansion_500_review_needed
SK145,K01,"Technology, Data, and Digital Systems","Data, Analytics, and Statistics",Business intelligence,The tools used to transform large amounts of raw data into relevant and helpful business information.,2521,Database Designers and Administrators,2521,business intelligence,"Business intelligence; business intelligence; business analytics; BI; business intelligence tools; Data, Analytics, and Statistics; Technology, Data, and Digital Systems",http://data.europa.eu/esco/skill/143769cb-b61e-47d8-a61e-eedfbec1016c,business intelligence,business analytics; BI; business intelligence tools,The tools used to transform large amounts of raw data into relevant and helpful business information.,ESCO v1.2.0 / API-ready,0.78,auto_generated_review,esco_auto_expansion_500_review_needed
SK146,K01,"Technology, Data, and Digital Systems","Networks, Databases, and IT Support",ICT security standards,"Best practices and guidelines established for securing information and communication technology (ICT) systems and data. Standards as is the case of ISO 27000 series, provide a framework for implementing effective security controls, including access control, risk assessment and incident management, as well as to provide compliance of anorganisation.",2522,Systems Administrators,2522,ICT security standards,"ICT security standards; ICT security standards; ICT security compliances; cyber security frameworks; IT security frameworks; cyber security compliances; ICT security frameworks; information security compliances; information security frameworks; cyber security standards; Networks, Databases, and IT Support; Technology, Data, and Digital Systems",http://data.europa.eu/esco/skill/3ff589b7-68df-4ea5-ae41-b395bdb2378f,ICT security standards,ICT security compliances; cyber security frameworks; IT security frameworks; cyber security compliances; ICT security frameworks; information security compliances; information security frameworks; cyber security standards,"Best practices and guidelines established for securing information and communication technology (ICT) systems and data. Standards as is the case of ISO 27000 series, provide a framework for implementing effective security controls, including access control, risk assessment and incident management, as well as to provide compliance of anorganisation.",ESCO v1.2.0 / API-ready,0.78,auto_generated_review,esco_auto_expansion_500_review_needed
SK147,K01,"Technology, Data, and Digital Systems","Networks, Databases, and IT Support",Ensure information security,"Ensure that the information gathered during surveillance or investigations remains in the hands of those authorised to receive and use it, and does not fall into enemy or otherwise non-authorised individuals' hands.",2522,Systems Administrators,2522,ensure information security,"Ensure information security; ensure information security; secure information surveillance; assure information security; assure information surveillance; provide information security; enable information surveillance; secure information security; provide information surveillance; enable information security; Networks, Databases, and IT Support; Technology, Data, and Digital Systems",http://data.europa.eu/esco/skill/6833e58b-eceb-4599-9375-1b7e6ec64087,ensure information security,secure information surveillance; assure information security; assure information surveillance; provide information security; enable information surveillance; secure information security; provide information surveillance; enable information security,"Ensure that the information gathered during surveillance or investigations remains in the hands of those authorised to receive and use it, and does not fall into enemy or otherwise non-authorised individuals' hands.",ESCO v1.2.0 / API-ready,0.78,auto_generated_review,esco_auto_expansion_500_review_needed
SK148,K01,"Technology, Data, and Digital Systems",Software and Applications,Swift (computer programming),"The techniques and principles of software development, such as analysis, algorithms, coding, testing and compiling of programming paradigms in Swift.",2512,Software Developers,2512,Swift (computer programming),"Swift (computer programming); Swift (computer programming); Swift programming paradigms; Swift software development techniques; Swift software development principles; Swift; Swift algorithms; Software and Applications; Technology, Data, and Digital Systems",http://data.europa.eu/esco/skill/be80acfc-b6f2-4411-9b8d-b19d9cd2556a,Swift (computer programming),Swift programming paradigms; Swift software development techniques; Swift software development principles; Swift; Swift algorithms,"The techniques and principles of software development, such as analysis, algorithms, coding, testing and compiling of programming paradigms in Swift.",ESCO v1.2.0 / API-ready,0.78,auto_generated_review,esco_auto_expansion_500_review_needed
SK149,K01,"Technology, Data, and Digital Systems","Networks, Databases, and IT Support",Information security strategy,"The plan defined by a company which sets the information security objectives and measures to mitigate risks, define control objectives, establish metrics and benchmarks while complying with legal, internal and contractual requirements.",2522,Systems Administrators,2522,information security strategy,"Information security strategy; information security strategy; InfoSec strategy; Networks, Databases, and IT Support; Technology, Data, and Digital Systems",http://data.europa.eu/esco/skill/11eebd42-44ab-401d-8a2c-bdb9fc9beb50,information security strategy,InfoSec strategy,"The plan defined by a company which sets the information security objectives and measures to mitigate risks, define control objectives, establish metrics and benchmarks while complying with legal, internal and contractual requirements.",ESCO v1.2.0 / API-ready,0.78,auto_generated_review,esco_auto_expansion_500_review_needed
SK150,K01,"Technology, Data, and Digital Systems",Software and Applications,Assembly (computer programming),"The techniques and principles of software development, such as analysis, algorithms, coding, testing and compiling of programming paradigms in Assembly.",2512,Software Developers,2512,Assembly (computer programming),"Assembly (computer programming); Assembly (computer programming); Assembly computer programming paradigms; Assembly software development techniques; Assembly software development principles; Assembly; Assembly algorithms; Software and Applications; Technology, Data, and Digital Systems",http://data.europa.eu/esco/skill/47b9bbcf-356c-4782-83a4-7f5a1b2b51a3,Assembly (computer programming),Assembly computer programming paradigms; Assembly software development techniques; Assembly software development principles; Assembly; Assembly algorithms,"The techniques and principles of software development, such as analysis, algorithms, coding, testing and compiling of programming paradigms in Assembly.",ESCO v1.2.0 / API-ready,0.78,auto_generated_review,esco_auto_expansion_500_review_needed
SK151,K01,"Technology, Data, and Digital Systems","Networks, Databases, and IT Support",Apply information security policies,"Implement policies, methods and regulations for data and information security in order to respect confidentiality, integrity and availability principles.",2522,Systems Administrators,2522,apply information security policies,"Apply information security policies; apply information security policies; protect data; information security policy; comply with data protection regulations; ensure CIA; ensure confidentiality principles; secure data; protect information; apply data protection; Networks, Databases, and IT Support; Technology, Data, and Digital Systems",http://data.europa.eu/esco/skill/86d2e2ea-1ba2-4aa6-b465-8a1f9abc81b8,apply information security policies,protect data; information security policy; comply with data protection regulations; ensure CIA; ensure confidentiality principles; secure data; protect information; apply data protection,"Implement policies, methods and regulations for data and information security in order to respect confidentiality, integrity and availability principles.",ESCO v1.2.0 / API-ready,0.78,auto_generated_review,esco_auto_expansion_500_review_needed
SK152,K01,"Technology, Data, and Digital Systems","Data, Analytics, and Statistics",Use specific data analysis software,"Use specific software for data analysis, including statistics, spreadsheets, and databases. Explore possibilities in order to make reports to managers, superiors, or clients.",2521,Database Designers and Administrators,2521,use specific data analysis software,"Use specific data analysis software; use specific data analysis software; use particular data analysis software; utilise particular data analysis software; utilise specific data analysis software; undertake data analysis through use of specific software; perform data analysis using specific software; conduct data analysis activities utilising specific software; conduct data analysis using particular software; carry out data analysis using specific software; Data, Analytics, and Statistics; Technology, Data, and Digital Systems",http://data.europa.eu/esco/skill/c95c29fe-3971-46b7-80e9-1f7e75ba99b3,use specific data analysis software,use particular data analysis software; utilise particular data analysis software; utilise specific data analysis software; undertake data analysis through use of specific software; perform data analysis using specific software; conduct data analysis activities utilising specific software; conduct data analysis using particular software; carry out data analysis using specific software,"Use specific software for data analysis, including statistics, spreadsheets, and databases. Explore possibilities in order to make reports to managers, superiors, or clients.",ESCO v1.2.0 / API-ready,0.78,auto_generated_review,esco_auto_expansion_500_review_needed
SK153,K01,"Technology, Data, and Digital Systems","Networks, Databases, and IT Support",Develop information security strategy,"Create company strategy related to the safety and security of information in order to maximise information integrity, availability and data privacy.",2522,Systems Administrators,2522,develop information security strategy,"Develop information security strategy; develop information security strategy; define information security approach; define information security strategy; Networks, Databases, and IT Support; Technology, Data, and Digital Systems",http://data.europa.eu/esco/skill/3579208e-49b3-4ce4-98e7-20e41b1ce8d4,develop information security strategy,define information security approach; define information security strategy,"Create company strategy related to the safety and security of information in order to maximise information integrity, availability and data privacy.",ESCO v1.2.0 / API-ready,0.78,auto_generated_review,esco_auto_expansion_500_review_needed
SK154,K01,"Technology, Data, and Digital Systems","Data, Analytics, and Statistics",Analyse large-scale data in healthcare,"Carry out large-scale data gathering such as questionnaire surveys, and analyse the obtained data.",2521,Database Designers and Administrators,2521,analyse large-scale data in healthcare,"Analyse large-scale data in healthcare; analyse large-scale data in healthcare; analyse large-scale data in health care; analyse statistics in healthcare; analyse statistic in healthcare; interpret large-scale data in healthcare; assay large-scale data in healthcare; evaluate large-scale data in healthcare; carry out large-scale data in healthcare; analyze large-scale data in healthcare; Data, Analytics, and Statistics; Technology, Data, and Digital Systems",http://data.europa.eu/esco/skill/3e8e862d-2f1a-40c6-bb6d-d1d7eeb78854,analyse large-scale data in healthcare,analyse large-scale data in health care; analyse statistics in healthcare; analyse statistic in healthcare; interpret large-scale data in healthcare; assay large-scale data in healthcare; evaluate large-scale data in healthcare; carry out large-scale data in healthcare; analyze large-scale data in healthcare,"Carry out large-scale data gathering such as questionnaire surveys, and analyse the obtained data.",ESCO v1.2.0 / API-ready,0.78,auto_generated_review,esco_auto_expansion_500_review_needed
SK155,K01,"Technology, Data, and Digital Systems",Software and Applications,Lisp,"The techniques and principles of software development, such as analysis, algorithms, coding, testing and compiling of programming paradigms in Lisp.",2512,Software Developers,2512,Lisp,"Lisp; Lisp; Lisp software development principles; Lisp algorithms; Lisp software development techniques; Lisp programming paradigms; Lisp coding techniques; Software and Applications; Technology, Data, and Digital Systems",http://data.europa.eu/esco/skill/0de61385-de6d-4146-ba32-1cc1bc102220,Lisp,Lisp software development principles; Lisp algorithms; Lisp software development techniques; Lisp programming paradigms; Lisp coding techniques,"The techniques and principles of software development, such as analysis, algorithms, coding, testing and compiling of programming paradigms in Lisp.",ESCO v1.2.0 / API-ready,0.78,auto_generated_review,esco_auto_expansion_500_review_needed
SK156,K01,"Technology, Data, and Digital Systems",Software and Applications,Xcode,"The computer program Xcode is a suite of software development tools for writing programs, such as compiler, debugger, code editor, code highlights, packaged in a unified user interface. It is developed by the software company Apple.",2512,Software Developers,2512,Xcode,"Xcode; Xcode; Xcode IDE; Software and Applications; Technology, Data, and Digital Systems",http://data.europa.eu/esco/skill/449d119b-2d66-43a9-9230-7d27f16afbb6,Xcode,Xcode IDE,"The computer program Xcode is a suite of software development tools for writing programs, such as compiler, debugger, code editor, code highlights, packaged in a unified user interface. It is developed by the software company Apple.",ESCO v1.2.0 / API-ready,0.78,auto_generated_review,esco_auto_expansion_500_review_needed
SK157,K01,"Technology, Data, and Digital Systems",Software and Applications,MATLAB,"The techniques and principles of software development, such as analysis, algorithms, coding, testing and compiling of programming paradigms in MATLAB.",2512,Software Developers,2512,MATLAB,"MATLAB; MATLAB; MATLAB software development principles; MATLAB coding techniques; MATLAB algorithms; MATLAB software development techniques; MATLAB programming paradigms; Software and Applications; Technology, Data, and Digital Systems",http://data.europa.eu/esco/skill/c3a03c5a-c260-4c26-9b9a-873abb396f4d,MATLAB,MATLAB software development principles; MATLAB coding techniques; MATLAB algorithms; MATLAB software development techniques; MATLAB programming paradigms,"The techniques and principles of software development, such as analysis, algorithms, coding, testing and compiling of programming paradigms in MATLAB.",ESCO v1.2.0 / API-ready,0.78,auto_generated_review,esco_auto_expansion_500_review_needed
SK158,K01,"Technology, Data, and Digital Systems",Software and Applications,CoffeeScript,"The techniques and principles of software development, such as analysis, algorithms, coding, testing and compiling of programming paradigms in CoffeeScript.",2512,Software Developers,2512,CoffeeScript,"CoffeeScript; CoffeeScript; CoffeeScript coding techniques; CoffeeScript software development techniques; CoffeeScript programming paradigms; CoffeeScript software development principles; CoffeeScript algorithms; Software and Applications; Technology, Data, and Digital Systems",http://data.europa.eu/esco/skill/993b1e23-f2de-4bd8-b33f-f86dde1c8e9d,CoffeeScript,CoffeeScript coding techniques; CoffeeScript software development techniques; CoffeeScript programming paradigms; CoffeeScript software development principles; CoffeeScript algorithms,"The techniques and principles of software development, such as analysis, algorithms, coding, testing and compiling of programming paradigms in CoffeeScript.",ESCO v1.2.0 / API-ready,0.78,auto_generated_review,esco_auto_expansion_500_review_needed
SK159,K01,"Technology, Data, and Digital Systems",Software and Applications,SAS language,"The techniques and principles of software development, such as analysis, algorithms, coding, testing and compiling of programming paradigms in SAS language.",2512,Software Developers,2512,SAS language,"SAS language; SAS language; SAS coding; SAS algorithms; SAS testing; SAS algorithm; SAS programming language; SAS principles for software development; SAS techniques for software development; Software and Applications; Technology, Data, and Digital Systems",http://data.europa.eu/esco/skill/04f1b938-d4d4-4cb1-a863-982af76b9d93,SAS language,SAS coding; SAS algorithms; SAS testing; SAS algorithm; SAS programming language; SAS principles for software development; SAS techniques for software development,"The techniques and principles of software development, such as analysis, algorithms, coding, testing and compiling of programming paradigms in SAS language.",ESCO v1.2.0 / API-ready,0.78,auto_generated_review,esco_auto_expansion_500_review_needed
SK160,K01,"Technology, Data, and Digital Systems",Software and Applications,Debug software,"Repair computer code by analysing testing results, locating the defects causing the software to output an incorrect or unexpected result and remove these faults.",2512,Software Developers,2512,debug software,"Debug software; debug software; analyse testing results for incorrect software output; locate defects causing unexpected software output; repair computer code for software; fix computer code for software; Software and Applications; Technology, Data, and Digital Systems",http://data.europa.eu/esco/skill/2522a6ce-3202-4ac8-9f5b-b9cb5a3a83a1,debug software,analyse testing results for incorrect software output; locate defects causing unexpected software output; repair computer code for software; fix computer code for software,"Repair computer code by analysing testing results, locating the defects causing the software to output an incorrect or unexpected result and remove these faults.",ESCO v1.2.0 / API-ready,0.78,auto_generated_review,esco_auto_expansion_500_review_needed
SK161,K01,"Technology, Data, and Digital Systems","Data, Analytics, and Statistics",Machine learning,"The principles, methods and algorithms of machine learning, a subfield of artificial intelligence. Common machine learning models such as supervised or unsupervised models, semi- supervised models and reinforcement learning models.",2521,Database Designers and Administrators,2521,machine learning,"Machine learning; machine learning; ML; supervised learning; machine learning models; semi-supervised learning; unsupervised learning; Data, Analytics, and Statistics; Technology, Data, and Digital Systems",http://data.europa.eu/esco/skill/3a2d5b45-56e4-4f5a-a55a-4a4a65afdc43,machine learning,ML; supervised learning; machine learning models; semi-supervised learning; unsupervised learning,"The principles, methods and algorithms of machine learning, a subfield of artificial intelligence. Common machine learning models such as supervised or unsupervised models, semi- supervised models and reinforcement learning models.",ESCO v1.2.0 / API-ready,0.78,auto_generated_review,esco_auto_expansion_500_review_needed
SK162,K01,"Technology, Data, and Digital Systems",Software and Applications,Agile development,The agile development model is a methodology to design software systems and applications.,2512,Software Developers,2512,Agile development,"Agile development; Agile development; Agile Development Environment; Agile Software Development Practices; Agile frameworks; Agile software environment; Agile development framework; Agile software development methods; Agile software development; Agile scrum development framework; Software and Applications; Technology, Data, and Digital Systems",http://data.europa.eu/esco/skill/dba46f87-0831-49cd-a1c7-340a653c0221,Agile development,Agile Development Environment; Agile Software Development Practices; Agile frameworks; Agile software environment; Agile development framework; Agile software development methods; Agile software development; Agile scrum development framework,The agile development model is a methodology to design software systems and applications.,ESCO v1.2.0 / API-ready,0.78,auto_generated_review,esco_auto_expansion_500_review_needed
SK163,K01,"Technology, Data, and Digital Systems","Networks, Databases, and IT Support",Execute ICT audits,"Organise and execute audits in order to evaluate ICT systems, compliance of components of systems, information processing systems and information security. Identify and collect potential critical issues and recommend solutions based on required standards and solutions.",2522,Systems Administrators,2522,execute ICT audits,"Execute ICT audits; execute ICT audits; execute information security audits; execute IT security audits; execute cyber security audits; execute ICT security audits; Networks, Databases, and IT Support; Technology, Data, and Digital Systems",http://data.europa.eu/esco/skill/7e1f9657-ab4e-407c-842f-b846197060e3,execute ICT audits,execute information security audits; execute IT security audits; execute cyber security audits; execute ICT security audits,"Organise and execute audits in order to evaluate ICT systems, compliance of components of systems, information processing systems and information security. Identify and collect potential critical issues and recommend solutions based on required standards and solutions.",ESCO v1.2.0 / API-ready,0.78,auto_generated_review,esco_auto_expansion_500_review_needed
SK164,K01,"Technology, Data, and Digital Systems",Software and Applications,Use media software,"Use mainly visual programming software such as sound, lighting, image, capturing, motion control, UV mapping, augmented reality, virtual reality, or 3D projecting software. This software could be used for example in performing art and event applications.",2512,Software Developers,2512,use media software,"Use media software; use media software; operate sound editing software; use image editing software; use 3D projecting software; operate media editing software; employ visual programming software; Software and Applications; Technology, Data, and Digital Systems",http://data.europa.eu/esco/skill/2a69d6a0-b90f-4d50-bef8-a05d6704575d,use media software,operate sound editing software; use image editing software; use 3D projecting software; operate media editing software; employ visual programming software,"Use mainly visual programming software such as sound, lighting, image, capturing, motion control, UV mapping, augmented reality, virtual reality, or 3D projecting software. This software could be used for example in performing art and event applications.",ESCO v1.2.0 / API-ready,0.78,auto_generated_review,esco_auto_expansion_500_review_needed
SK165,K01,"Technology, Data, and Digital Systems",Software and Applications,Computer programming,"The techniques and principles of software development, such as analysis, algorithms, coding, testing and compiling of programming paradigms (e.g. object oriented programming, functional programming) and of programming languages.",2512,Software Developers,2512,computer programming,"Computer programming; computer programming; GCC; Ada; ALGOL; Visual Basic .NET; Visual Basic; HyperTalk; AppleScript; Ceylon; Software and Applications; Technology, Data, and Digital Systems",http://data.europa.eu/esco/skill/21d2f96d-35f7-4e3f-9745-c533d2dd6e97,computer programming,GCC; Ada; ALGOL; Visual Basic .NET; Visual Basic; HyperTalk; AppleScript; Ceylon,"The techniques and principles of software development, such as analysis, algorithms, coding, testing and compiling of programming paradigms (e.g. object oriented programming, functional programming) and of programming languages.",ESCO v1.2.0 / API-ready,0.78,auto_generated_review,esco_auto_expansion_500_review_needed
SK166,K01,"Technology, Data, and Digital Systems","Networks, Databases, and IT Support",Manage system security,Analyse the critical assets of a company and identify weaknesses and vulnerabilities that lead to intrusion or attack. Apply security detection techniques. Understand cyber attack techniques and implement effective countermeasures.,2522,Systems Administrators,2522,manage system security,"Manage system security; manage system security; manage information security; Networks, Databases, and IT Support; Technology, Data, and Digital Systems",http://data.europa.eu/esco/skill/2a3a96a3-709e-4d60-81f6-d247d6933f13,manage system security,manage information security,Analyse the critical assets of a company and identify weaknesses and vulnerabilities that lead to intrusion or attack. Apply security detection techniques. Understand cyber attack techniques and implement effective countermeasures.,ESCO v1.2.0 / API-ready,0.78,auto_generated_review,esco_auto_expansion_500_review_needed
SK167,K01,"Technology, Data, and Digital Systems",Software and Applications,ML (computer programming),"The techniques and principles of software development, such as analysis, algorithms, coding, testing and compiling of programming paradigms in ML.",2512,Software Developers,2512,ML (computer programming),"ML (computer programming); ML (computer programming); ML; ML systems; ML development principles; Software and Applications; Technology, Data, and Digital Systems",http://data.europa.eu/esco/skill/a4d336a6-9ffd-402a-91cc-f359716ba4e0,ML (computer programming),ML; ML systems; ML development principles,"The techniques and principles of software development, such as analysis, algorithms, coding, testing and compiling of programming paradigms in ML.",ESCO v1.2.0 / API-ready,0.78,auto_generated_review,esco_auto_expansion_500_review_needed
SK168,K01,"Technology, Data, and Digital Systems",Software and Applications,Use automatic programming,"Utilise specialised software tools to generate computer code from specifications, such as diagrams, structured informations or other means of describing functionality.",2512,Software Developers,2512,use automatic programming,"Use automatic programming; use automatic programming; use visual programming; Software and Applications; Technology, Data, and Digital Systems",http://data.europa.eu/esco/skill/7d10fcb2-b368-48ab-996b-7c9fafcf68ed,use automatic programming,use visual programming,"Utilise specialised software tools to generate computer code from specifications, such as diagrams, structured informations or other means of describing functionality.",ESCO v1.2.0 / API-ready,0.78,auto_generated_review,esco_auto_expansion_500_review_needed
SK169,K01,"Technology, Data, and Digital Systems","Data, Analytics, and Statistics",Database management systems,"The tools for creating, updating and managing databases, such as Oracle, MySQL and Microsoft SQL Server.",2521,Database Designers and Administrators,2521,database management systems,"Database management systems; database management systems; PointBase Embedded; R:Base; Adaptive Server Anywhere; Oracle Lite; Rdb; Interbase; Velocis; Jasmine ii; Data, Analytics, and Statistics; Technology, Data, and Digital Systems",http://data.europa.eu/esco/skill/ab1e97ed-2319-4293-a8b7-072d2648822f,database management systems,PointBase Embedded; R:Base; Adaptive Server Anywhere; Oracle Lite; Rdb; Interbase; Velocis; Jasmine ii,"The tools for creating, updating and managing databases, such as Oracle, MySQL and Microsoft SQL Server.",ESCO v1.2.0 / API-ready,0.78,auto_generated_review,esco_auto_expansion_500_review_needed
SK170,K01,"Technology, Data, and Digital Systems",Software and Applications,Ruby (computer programming),"The techniques and principles of software development, such as analysis, algorithms, coding, testing and compiling of programming paradigms in Ruby.",2512,Software Developers,2512,Ruby (computer programming),"Ruby (computer programming); Ruby (computer programming); Ruby; Software and Applications; Technology, Data, and Digital Systems",http://data.europa.eu/esco/skill/0ccdfe98-f845-4598-84a1-3dca66e9d9a3,Ruby (computer programming),Ruby,"The techniques and principles of software development, such as analysis, algorithms, coding, testing and compiling of programming paradigms in Ruby.",ESCO v1.2.0 / API-ready,0.78,auto_generated_review,esco_auto_expansion_500_review_needed
SK171,K01,"Technology, Data, and Digital Systems","Data, Analytics, and Statistics",Perform safety data analysis,Use different safety databases to perform analyses of information on actual or potential safety threats.,2521,Database Designers and Administrators,2521,perform safety data analysis,"Perform safety data analysis; perform safety data analysis; perform analysis of safety data; analyse safety data to identify safety threats; conduct safety analyses using database information; conduct safety data analysis; evaluate safety data; analyse safety data to determine safety threats; perform assessments of safety data; utilise information from safety bases to analyse threats to safety; Data, Analytics, and Statistics; Technology, Data, and Digital Systems",http://data.europa.eu/esco/skill/c2ce7fe9-203b-492a-961e-9698dce7de19,perform safety data analysis,perform analysis of safety data; analyse safety data to identify safety threats; conduct safety analyses using database information; conduct safety data analysis; evaluate safety data; analyse safety data to determine safety threats; perform assessments of safety data; utilise information from safety bases to analyse threats to safety,Use different safety databases to perform analyses of information on actual or potential safety threats.,ESCO v1.2.0 / API-ready,0.78,auto_generated_review,esco_auto_expansion_500_review_needed
SK172,K01,"Technology, Data, and Digital Systems",Software and Applications,Pascal (computer programming),"The techniques and principles of software development, such as analysis, algorithms, coding, testing and compiling of programming paradigms in Pascal.",2512,Software Developers,2512,Pascal (computer programming),"Pascal (computer programming); Pascal (computer programming); Pascal; Software and Applications; Technology, Data, and Digital Systems",http://data.europa.eu/esco/skill/e8b89eb6-51e8-4c3a-babb-88b2e110376b,Pascal (computer programming),Pascal,"The techniques and principles of software development, such as analysis, algorithms, coding, testing and compiling of programming paradigms in Pascal.",ESCO v1.2.0 / API-ready,0.78,auto_generated_review,esco_auto_expansion_500_review_needed
SK173,K01,"Technology, Data, and Digital Systems",Software and Applications,Prolog (computer programming),"The techniques and principles of software development, such as analysis, algorithms, coding, testing and compiling of programming paradigms in Prolog.",2512,Software Developers,2512,Prolog (computer programming),"Prolog (computer programming); Prolog (computer programming); Prolog; Software and Applications; Technology, Data, and Digital Systems",http://data.europa.eu/esco/skill/2bde42ae-e776-41c1-9ded-b07b30bfe985,Prolog (computer programming),Prolog,"The techniques and principles of software development, such as analysis, algorithms, coding, testing and compiling of programming paradigms in Prolog.",ESCO v1.2.0 / API-ready,0.78,auto_generated_review,esco_auto_expansion_500_review_needed
SK174,K01,"Technology, Data, and Digital Systems",Software and Applications,Apply basic programming skills,List simple instructions for a computing system to solve problems or perform tasks at a basic level and with appropriate guidance where needed.,2512,Software Developers,2512,apply basic programming skills,"Apply basic programming skills; apply basic programming skills; use query languages; use basic coding skills; use basic programming language skills; Software and Applications; Technology, Data, and Digital Systems",http://data.europa.eu/esco/skill/bf4d884f-c848-402a-b130-69c266b04164,apply basic programming skills,use query languages; use basic coding skills; use basic programming language skills,List simple instructions for a computing system to solve problems or perform tasks at a basic level and with appropriate guidance where needed.,ESCO v1.2.0 / API-ready,0.78,auto_generated_review,esco_auto_expansion_500_review_needed
SK175,K01,"Technology, Data, and Digital Systems",Software and Applications,Scratch (computer programming),"The techniques and principles of software development, such as analysis, algorithms, coding, testing and compiling of programming paradigms in Scratch.",2512,Software Developers,2512,Scratch (computer programming),"Scratch (computer programming); Scratch (computer programming); Scratch; Software and Applications; Technology, Data, and Digital Systems",http://data.europa.eu/esco/skill/d56fc2b5-4b0a-4e7e-9bde-a33736f6ff18,Scratch (computer programming),Scratch,"The techniques and principles of software development, such as analysis, algorithms, coding, testing and compiling of programming paradigms in Scratch.",ESCO v1.2.0 / API-ready,0.78,auto_generated_review,esco_auto_expansion_500_review_needed
SK176,K01,"Technology, Data, and Digital Systems",Software and Applications,Use object-oriented programming,"Utilise specialised ICT tools for programming paradigm based on the concept of objects, which can contain data in the form of fields and code in the form of procedures. Use programming languages which support this method such as JAVA and C++.",2512,Software Developers,2512,use object-oriented programming,"Use object-oriented programming; use object-oriented programming; utilise object-oriented programming; Software and Applications; Technology, Data, and Digital Systems",http://data.europa.eu/esco/skill/5b9cde20-f1b9-4adc-bfb3-dbf70b14138d,use object-oriented programming,utilise object-oriented programming,"Utilise specialised ICT tools for programming paradigm based on the concept of objects, which can contain data in the form of fields and code in the form of procedures. Use programming languages which support this method such as JAVA and C++.",ESCO v1.2.0 / API-ready,0.78,auto_generated_review,esco_auto_expansion_500_review_needed
SK177,K01,"Technology, Data, and Digital Systems",Software and Applications,Smalltalk (computer programming),"The techniques and principles of software development, such as analysis, algorithms, coding, testing and compiling of programming paradigms in Smalltalk.",2512,Software Developers,2512,Smalltalk (computer programming),"Smalltalk (computer programming); Smalltalk (computer programming); Smalltalk programming system; Smalltalk; Software and Applications; Technology, Data, and Digital Systems",http://data.europa.eu/esco/skill/42ed3bfb-1a01-4c8b-9758-fc6438865734,Smalltalk (computer programming),Smalltalk programming system; Smalltalk,"The techniques and principles of software development, such as analysis, algorithms, coding, testing and compiling of programming paradigms in Smalltalk.",ESCO v1.2.0 / API-ready,0.78,auto_generated_review,esco_auto_expansion_500_review_needed
SK178,K01,"Technology, Data, and Digital Systems","Data, Analytics, and Statistics",Review meteorological forecast data,Revise estimated meteorological parameters. Solve gaps between real-time conditions and estimated conditions.,2521,Database Designers and Administrators,2521,review meteorological forecast data,"Review meteorological forecast data; review meteorological forecast data; survey meteorological forecast data; evaluate weather forecast data; use meteorological forecast data to anticipate weather conditions; use meteorological forecast data to predict weather conditions; review weather forecast data; review meteorological data; make assessments of weather forecast data; assess meteorological forecast data; Data, Analytics, and Statistics; Technology, Data, and Digital Systems",http://data.europa.eu/esco/skill/5e09534b-9ba1-4f29-84ad-1b3ad66d2dc8,review meteorological forecast data,survey meteorological forecast data; evaluate weather forecast data; use meteorological forecast data to anticipate weather conditions; use meteorological forecast data to predict weather conditions; review weather forecast data; review meteorological data; make assessments of weather forecast data; assess meteorological forecast data,Revise estimated meteorological parameters. Solve gaps between real-time conditions and estimated conditions.,ESCO v1.2.0 / API-ready,0.78,auto_generated_review,esco_auto_expansion_500_review_needed
SK179,K01,"Technology, Data, and Digital Systems","Data, Analytics, and Statistics",Analyse pipeline database information,"Retrieve and analyse different types of information extracted from the databases of pipelines companies. Analyse information such as risks, project management KPIs (key performance indicators), goods transportation times, and document back-up processes.",2521,Database Designers and Administrators,2521,analyse pipeline database information,"Analyse pipeline database information; analyse pipeline database information; evaluate pipeline database information; perform analysis on pipeline database information; analyze pipeline database information; evaluate information in pipeline databases; retrieve and assess information from pipeline company database; conduct analysis on pipeline database information; retrieve and analyse information from pipeline company database; analyse information in pipeline databases; Data, Analytics, and Statistics; Technology, Data, and Digital Systems",http://data.europa.eu/esco/skill/484d048c-a5d1-46a5-b57f-45b69c0ac552,analyse pipeline database information,evaluate pipeline database information; perform analysis on pipeline database information; analyze pipeline database information; evaluate information in pipeline databases; retrieve and assess information from pipeline company database; conduct analysis on pipeline database information; retrieve and analyse information from pipeline company database; analyse information in pipeline databases,"Retrieve and analyse different types of information extracted from the databases of pipelines companies. Analyse information such as risks, project management KPIs (key performance indicators), goods transportation times, and document back-up processes.",ESCO v1.2.0 / API-ready,0.78,auto_generated_review,esco_auto_expansion_500_review_needed
SK180,K01,"Technology, Data, and Digital Systems","Data, Analytics, and Statistics",Use methods of logistical data analysis,"Read and interpret supply chain and transportation data. Analyse the reliability and availability of findings by using methods such as data mining, data modelling and cost-benefit analysis.",2521,Database Designers and Administrators,2521,use methods of logistical data analysis,"Use methods of logistical data analysis; use methods of logistical data analysis; interpret data on elements of logistics; interpret logistical data through analytical methods; analyse data on logistical elements; use methods for analysing logistical data; interpret logistical data; utilise methods for analysing logistical data; interpret logistical data through use of analytical methods; utilise logistical data analysis methods; Data, Analytics, and Statistics; Technology, Data, and Digital Systems",http://data.europa.eu/esco/skill/6f993130-082b-4732-b62f-52cdf2096ad9,use methods of logistical data analysis,interpret data on elements of logistics; interpret logistical data through analytical methods; analyse data on logistical elements; use methods for analysing logistical data; interpret logistical data; utilise methods for analysing logistical data; interpret logistical data through use of analytical methods; utilise logistical data analysis methods,"Read and interpret supply chain and transportation data. Analyse the reliability and availability of findings by using methods such as data mining, data modelling and cost-benefit analysis.",ESCO v1.2.0 / API-ready,0.78,auto_generated_review,esco_auto_expansion_500_review_needed
SK181,K01,"Technology, Data, and Digital Systems",Software and Applications,Eclipse (integrated development environment software),"The computer program Eclipse is a suite of software development tools for writing programs, such as compiler, debugger, code editor, code highlights, packaged in a unified user interface. It is developed by the Eclipse Foundation.",2512,Software Developers,2512,Eclipse (integrated development environment software),"Eclipse (integrated development environment software); Eclipse (integrated development environment software); Eclipse; knowledge of Eclipse; Eclipse IDE; Software and Applications; Technology, Data, and Digital Systems",http://data.europa.eu/esco/skill/6b6a9252-2ed7-4862-a02f-1578f4a532ea,Eclipse (integrated development environment software),Eclipse; knowledge of Eclipse; Eclipse IDE,"The computer program Eclipse is a suite of software development tools for writing programs, such as compiler, debugger, code editor, code highlights, packaged in a unified user interface. It is developed by the Eclipse Foundation.",ESCO v1.2.0 / API-ready,0.78,auto_generated_review,esco_auto_expansion_500_review_needed
SK182,K01,"Technology, Data, and Digital Systems",Software and Applications,ABAP,"The techniques and principles of software development, such as analysis, algorithms, coding, testing and compiling of programming paradigms in ABAP.",2512,Software Developers,2512,ABAP,"ABAP; ABAP; ABAP Programming Techniques; ABAP software development; ABAP programming techniques; ABAP software techniques; Software and Applications; Technology, Data, and Digital Systems",http://data.europa.eu/esco/skill/eb0e5615-1575-4a86-a1a2-7d39595033c5,ABAP,ABAP Programming Techniques; ABAP software development; ABAP programming techniques; ABAP software techniques,"The techniques and principles of software development, such as analysis, algorithms, coding, testing and compiling of programming paradigms in ABAP.",ESCO v1.2.0 / API-ready,0.78,auto_generated_review,esco_auto_expansion_500_review_needed
SK183,K01,"Technology, Data, and Digital Systems",Software and Applications,Groovy,"The techniques and principles of software development, such as analysis, algorithms, coding, testing and compiling of programming paradigms in Groovy.",2512,Software Developers,2512,Groovy,"Groovy; Groovy; Groovy software techniques; Groovy programming language; Groorvy software development; Software and Applications; Technology, Data, and Digital Systems",http://data.europa.eu/esco/skill/52cf3037-ab53-4806-85ed-7fd21ea7f6a1,Groovy,Groovy software techniques; Groovy programming language; Groorvy software development,"The techniques and principles of software development, such as analysis, algorithms, coding, testing and compiling of programming paradigms in Groovy.",ESCO v1.2.0 / API-ready,0.78,auto_generated_review,esco_auto_expansion_500_review_needed
SK184,K01,"Technology, Data, and Digital Systems",Software and Applications,Angular,"The techniques and principles of software development, such as analysis, algorithms, coding, testing and compiling of programming paradigms in Angular.",2512,Software Developers,2512,Angular,"Angular; Angular; Angular related algorithms; testing in Angular; programming paradigms in Angular; coding in Angular; Angular techniques and principles; Software and Applications; Technology, Data, and Digital Systems",http://data.europa.eu/esco/skill/1ffac4ac-fda7-407d-8ed1-ca8f4a8dc146,Angular,Angular related algorithms; testing in Angular; programming paradigms in Angular; coding in Angular; Angular techniques and principles,"The techniques and principles of software development, such as analysis, algorithms, coding, testing and compiling of programming paradigms in Angular.",ESCO v1.2.0 / API-ready,0.78,auto_generated_review,esco_auto_expansion_500_review_needed
SK185,K01,"Technology, Data, and Digital Systems",Software and Applications,Clinical coding,The matching of clinical statements with standard codes of illnesses and treatments through use of a classification system.,2512,Software Developers,2512,clinical coding,"Clinical coding; clinical coding; application of clinical codes; utilisation of clinical codes; clinical codification; use of classification codes to reflect clinical statements; use of clinical codes; matching of clinical statements with standard codes of illness and treatments; use of clinical codes to reflect medical statements; translation of medical statements into coded format; Software and Applications; Technology, Data, and Digital Systems",http://data.europa.eu/esco/skill/cf0b92de-4bd0-46ee-b383-7765b4cbcac9,clinical coding,application of clinical codes; utilisation of clinical codes; clinical codification; use of classification codes to reflect clinical statements; use of clinical codes; matching of clinical statements with standard codes of illness and treatments; use of clinical codes to reflect medical statements; translation of medical statements into coded format,The matching of clinical statements with standard codes of illnesses and treatments through use of a classification system.,ESCO v1.2.0 / API-ready,0.78,auto_generated_review,esco_auto_expansion_500_review_needed
SK186,K01,"Technology, Data, and Digital Systems",Software and Applications,Office software,"The characteristics and functioning of software programs for office tasks such as word processing, spreadsheets, presentation, email and database.",2512,Software Developers,2512,office software,"Office software; office software; office operating system; office IT software; office application; office programme; office soft-ware; Software and Applications; Technology, Data, and Digital Systems",http://data.europa.eu/esco/skill/cf310cff-0d28-4dbc-9dbb-cc500a3196c2,office software,office operating system; office IT software; office application; office programme; office soft-ware,"The characteristics and functioning of software programs for office tasks such as word processing, spreadsheets, presentation, email and database.",ESCO v1.2.0 / API-ready,0.78,auto_generated_review,esco_auto_expansion_500_review_needed
SK187,K01,"Technology, Data, and Digital Systems","Data, Analytics, and Statistics",Audit techniques,"The techniques and methods that support a systematic and independent examination of data, policies, operations and performances using computer-assisted audit tools and techniques (CAATs) such as spreadsheets, databases, statistical analysis and business intelligence software.",2521,Database Designers and Administrators,2521,audit techniques,"Audit techniques; audit techniques; audit procedures; battery audit process; Data, Analytics, and Statistics; Technology, Data, and Digital Systems",http://data.europa.eu/esco/skill/6a536b36-c5c7-4d10-bf67-a4fb0f8549b2,audit techniques,audit procedures; battery audit process,"The techniques and methods that support a systematic and independent examination of data, policies, operations and performances using computer-assisted audit tools and techniques (CAATs) such as spreadsheets, databases, statistical analysis and business intelligence software.",ESCO v1.2.0 / API-ready,0.78,auto_generated_review,esco_auto_expansion_500_review_needed
SK188,K01,"Technology, Data, and Digital Systems",Software and Applications,Program firmware,"Program permanent software with a read-only memory (ROM) on a hardware device, such as an integrated circuit.",2512,Software Developers,2512,program firmware,"Program firmware; program firmware; program permanent software; programme firmware; programming firmware; permanent software programming; programme permanent software; firmware programming; programming permanent software; Software and Applications; Technology, Data, and Digital Systems",http://data.europa.eu/esco/skill/cf200547-25b5-47c8-9eda-bca4aedc13fb,program firmware,program permanent software; programme firmware; programming firmware; permanent software programming; programme permanent software; firmware programming; programming permanent software,"Program permanent software with a read-only memory (ROM) on a hardware device, such as an integrated circuit.",ESCO v1.2.0 / API-ready,0.78,auto_generated_review,esco_auto_expansion_500_review_needed
SK189,K01,"Technology, Data, and Digital Systems","Data, Analytics, and Statistics",Business analytics,The disciplines and technologies for solving business problems through employing quantitative methods such as data analysis and statistical models.,2521,Database Designers and Administrators,2521,business analytics,"Business analytics; business analytics; business data analytics; Data, Analytics, and Statistics; Technology, Data, and Digital Systems",http://data.europa.eu/esco/skill/98a1dec3-8138-4f46-a596-5e2a83b884b9,business analytics,business data analytics,The disciplines and technologies for solving business problems through employing quantitative methods such as data analysis and statistical models.,ESCO v1.2.0 / API-ready,0.78,auto_generated_review,esco_auto_expansion_500_review_needed
SK190,K01,"Technology, Data, and Digital Systems",Software and Applications,ICT debugging tools,"The ICT tools used to test and debug programs and software code, such as GNU Debugger (GDB), Intel Debugger (IDB), Microsoft Visual Studio Debugger, Valgrind and WinDbg.",2512,Software Developers,2512,ICT debugging tools,"ICT debugging tools; ICT debugging tools; software debugging tools; ICT testing tools; Software and Applications; Technology, Data, and Digital Systems",http://data.europa.eu/esco/skill/6014921e-1d25-4039-adc2-04852d61880e,ICT debugging tools,software debugging tools; ICT testing tools,"The ICT tools used to test and debug programs and software code, such as GNU Debugger (GDB), Intel Debugger (IDB), Microsoft Visual Studio Debugger, Valgrind and WinDbg.",ESCO v1.2.0 / API-ready,0.78,auto_generated_review,esco_auto_expansion_500_review_needed
SK191,K01,"Technology, Data, and Digital Systems","Networks, Databases, and IT Support",Implement a firewall,"Download, install and update a network security system designed to prevent unauthorized access to a private network.",2522,Systems Administrators,2522,implement a firewall,"Implement a firewall; implement a firewall; installing a network security firewall; install a network security firewall; implementing network firewall; install a firewall; implementing a firewall; firewall implementing; implement network firewall; network firewall implementing; Networks, Databases, and IT Support; Technology, Data, and Digital Systems",http://data.europa.eu/esco/skill/e5b5053e-0ef6-4c4e-a3f2-42f955f4322c,implement a firewall,installing a network security firewall; install a network security firewall; implementing network firewall; install a firewall; implementing a firewall; firewall implementing; implement network firewall; network firewall implementing,"Download, install and update a network security system designed to prevent unauthorized access to a private network.",ESCO v1.2.0 / API-ready,0.78,auto_generated_review,esco_auto_expansion_500_review_needed
SK192,K01,"Technology, Data, and Digital Systems",Software and Applications,Use logic programming,"Utilise specialised ICT tools to create computer code composed of series of sentences in logical form, expressing rules and facts about some problem domain. Use programming languages which support this method such as Prolog, Answer Set Programming and Datalog.",2512,Software Developers,2512,use logic programming,"Use logic programming; use logic programming; utilise ICT tools for logic programming; use Datalog for logic programming; employ Answer Set Programming; employ ICT tools for logic programming; use Prolog for logic programming; Software and Applications; Technology, Data, and Digital Systems",http://data.europa.eu/esco/skill/2c4e11ef-da18-4e19-816b-e6bc19e12424,use logic programming,utilise ICT tools for logic programming; use Datalog for logic programming; employ Answer Set Programming; employ ICT tools for logic programming; use Prolog for logic programming,"Utilise specialised ICT tools to create computer code composed of series of sentences in logical form, expressing rules and facts about some problem domain. Use programming languages which support this method such as Prolog, Answer Set Programming and Datalog.",ESCO v1.2.0 / API-ready,0.78,auto_generated_review,esco_auto_expansion_500_review_needed
SK193,K01,"Technology, Data, and Digital Systems",Software and Applications,Execute software tests,"Perform tests to ensure that a software product will perform flawlessly under the specified customer requirements and identify software defects (bugs) and malfunctions, using specialised software tools and testing techniques.",2512,Software Developers,2512,execute software tests,"Execute software tests; execute software tests; test application; test programs; Software and Applications; Technology, Data, and Digital Systems",http://data.europa.eu/esco/skill/913e7e83-b8f8-4574-b1ca-1b38f3fd974a,execute software tests,test application; test programs,"Perform tests to ensure that a software product will perform flawlessly under the specified customer requirements and identify software defects (bugs) and malfunctions, using specialised software tools and testing techniques.",ESCO v1.2.0 / API-ready,0.78,auto_generated_review,esco_auto_expansion_500_review_needed
SK194,K01,"Technology, Data, and Digital Systems",Software and Applications,ICT system programming,"The methods and tools required to develop system software, specifications of system architectures and interfacing techniques between network and system modules and components.",2512,Software Developers,2512,ICT system programming,"ICT system programming; ICT system programming; network programming; server side programming; Software and Applications; Technology, Data, and Digital Systems",http://data.europa.eu/esco/skill/b105ec9b-0857-41d6-8d07-a83e58b73d90,ICT system programming,network programming; server side programming,"The methods and tools required to develop system software, specifications of system architectures and interfacing techniques between network and system modules and components.",ESCO v1.2.0 / API-ready,0.78,auto_generated_review,esco_auto_expansion_500_review_needed
SK195,K01,"Technology, Data, and Digital Systems","Networks, Databases, and IT Support",Data security principles,"The principles of information and data security. They include, among others, confidentiality, integrity, and availability.",2522,Systems Administrators,2522,data security principles,"Data security principles; data security principles; data security methods; information security principles; Networks, Databases, and IT Support; Technology, Data, and Digital Systems",http://data.europa.eu/esco/skill/adcca622-b933-4ba3-bc43-bf371879edc3,data security principles,data security methods; information security principles,"The principles of information and data security. They include, among others, confidentiality, integrity, and availability.",ESCO v1.2.0 / API-ready,0.78,auto_generated_review,esco_auto_expansion_500_review_needed
SK196,K01,"Technology, Data, and Digital Systems","Data, Analytics, and Statistics",Utilise machine learning,"Use techniques and algorithms that are able to extract mastery out of data, learn from it and make predictions, to be used for program optimisation, application adaptation, pattern recognition, filtering, search engines and computer vision.",2521,Database Designers and Administrators,2521,utilise machine learning,"Utilise machine learning; utilise machine learning; carry out machine learning; use machine learning; utilize machine learning; perform machine learning; Data, Analytics, and Statistics; Technology, Data, and Digital Systems",http://data.europa.eu/esco/skill/8369c2d6-c100-4cf6-bd83-9668d8678433,utilise machine learning,carry out machine learning; use machine learning; utilize machine learning; perform machine learning,"Use techniques and algorithms that are able to extract mastery out of data, learn from it and make predictions, to be used for program optimisation, application adaptation, pattern recognition, filtering, search engines and computer vision.",ESCO v1.2.0 / API-ready,0.78,auto_generated_review,esco_auto_expansion_500_review_needed
SK197,K01,"Technology, Data, and Digital Systems",Software and Applications,Use spreadsheets software,"Use software tools to create and edit tabular data to carry out mathematical calculations, organise data and information, create diagrams based on data and to retrieve them.",2512,Software Developers,2512,use spreadsheets software,"Use spreadsheets software; use spreadsheets software; Google Sheets; PlanMaker; Gnumeric; OxygenOffice Professional Calc; ResolverOne; ThinkFree Office Calc; CellPro; Simple Spreadsheet; Software and Applications; Technology, Data, and Digital Systems",http://data.europa.eu/esco/skill/1973c966-f236-40c9-b2d4-5d71a89019be,use spreadsheets software,Google Sheets; PlanMaker; Gnumeric; OxygenOffice Professional Calc; ResolverOne; ThinkFree Office Calc; CellPro; Simple Spreadsheet,"Use software tools to create and edit tabular data to carry out mathematical calculations, organise data and information, create diagrams based on data and to retrieve them.",ESCO v1.2.0 / API-ready,0.78,auto_generated_review,esco_auto_expansion_500_review_needed
SK198,K01,"Technology, Data, and Digital Systems","Networks, Databases, and IT Support",ICT network security risks,"The security risk factors, such as hardware and software components, devices, interfaces and policies in ICT networks, risk assessment techniques that can be applied to assess the severity and the consequences of security threats and contingency plans for each security risk factor.",2522,Systems Administrators,2522,ICT network security risks,"ICT network security risks; ICT network security risks; ICT network security threats; information systems security risks; Networks, Databases, and IT Support; Technology, Data, and Digital Systems",http://data.europa.eu/esco/skill/2ddb1226-1117-4eb4-ae65-3a2f5a5a3c80,ICT network security risks,ICT network security threats; information systems security risks,"The security risk factors, such as hardware and software components, devices, interfaces and policies in ICT networks, risk assessment techniques that can be applied to assess the severity and the consequences of security threats and contingency plans for each security risk factor.",ESCO v1.2.0 / API-ready,0.78,auto_generated_review,esco_auto_expansion_500_review_needed
SK199,K01,"Technology, Data, and Digital Systems","Data, Analytics, and Statistics",Manage membership database,Add and update membership information and analyze and report on statistical membership information.,2521,Database Designers and Administrators,2521,manage membership database,"Manage membership database; manage membership database; operate association database; oversee membership database; operate membership database; supervise association database; oversee association database; supervise membership database; Data, Analytics, and Statistics; Technology, Data, and Digital Systems",http://data.europa.eu/esco/skill/58888680-07cd-4baa-8eb1-f846bff7e2d4,manage membership database,operate association database; oversee membership database; operate membership database; supervise association database; oversee association database; supervise membership database,Add and update membership information and analyze and report on statistical membership information.,ESCO v1.2.0 / API-ready,0.78,auto_generated_review,esco_auto_expansion_500_review_needed
SK200,K01,"Technology, Data, and Digital Systems",Software and Applications,Use functional programming,"Utilise specialised ICT tools to create computer code which treats computation as the evaluation of mathematical functions and seeks to avoid state and mutable data. Use programming languages which support this method such as LISP, PROLOG and Haskell.",2512,Software Developers,2512,use functional programming,"Use functional programming; use functional programming; apply functional programming principles; Software and Applications; Technology, Data, and Digital Systems",http://data.europa.eu/esco/skill/d31fab87-2a7d-485c-b699-2901ca294b15,use functional programming,apply functional programming principles,"Utilise specialised ICT tools to create computer code which treats computation as the evaluation of mathematical functions and seeks to avoid state and mutable data. Use programming languages which support this method such as LISP, PROLOG and Haskell.",ESCO v1.2.0 / API-ready,0.78,auto_generated_review,esco_auto_expansion_500_review_needed
SK201,K01,"Technology, Data, and Digital Systems",Software and Applications,ICT software specifications,"The characteristics, use and operations of various software products such as computer programmes and application software.",2512,Software Developers,2512,ICT software specifications,"ICT software specifications; ICT software specifications; ICT system specifications; specify use of ICT software; ICT software specification; ICT programme specifications; ICT application specifications; ICT software specifying; Software and Applications; Technology, Data, and Digital Systems",http://data.europa.eu/esco/skill/9ce670ec-318c-4a91-9179-03437db728dc,ICT software specifications,ICT system specifications; specify use of ICT software; ICT software specification; ICT programme specifications; ICT application specifications; ICT software specifying,"The characteristics, use and operations of various software products such as computer programmes and application software.",ESCO v1.2.0 / API-ready,0.78,auto_generated_review,esco_auto_expansion_500_review_needed
SK202,K02,"Business, Finance, and Office Administration",Office Administration and Clerical Support,Perform clerical duties,"Perform administrative tasks such as filing, typing up reports and maintaining mail correspondence.",4110,General Office Clerks,4110,perform clerical duties,"Perform clerical duties; perform clerical duties; do administration work; perform administration duties; executing administration; execute administration; keep professional administration documents; organise professional administration records; carry out office work; maintain professional administration; Office Administration and Clerical Support; Business, Finance, and Office Administration",http://data.europa.eu/esco/skill/ab986bc4-df92-4351-9ac1-aa75af943cf7,perform clerical duties,do administration work; perform administration duties; executing administration; execute administration; keep professional administration documents; organise professional administration records; carry out office work; maintain professional administration,"Perform administrative tasks such as filing, typing up reports and maintaining mail correspondence.",ESCO v1.2.0 / API-ready,0.78,auto_generated_review,esco_auto_expansion_500_review_needed
SK203,K02,"Business, Finance, and Office Administration",Human Resources and Business Services,Manage human resources,"Conduct employee recruitment, helping employees to develop their personal and organisational skills, knowledge, and competencies as well as providing feedback and performance appraisals. It includes motivating employees, by implementing rewarding systems (managing pay and benefit systems) in order to maximise employee performance with regard to employer's strategic objectives.",4416,Human Resources Clerks,4416,manage human resources,"Manage human resources; manage human resources; manage hr; managing human resources; supervise human resources; oversee human resources; direct human resources; Human Resources and Business Services; Business, Finance, and Office Administration",http://data.europa.eu/esco/skill/279a4b1d-21df-4d78-9f4d-324c73fd7536,manage human resources,manage hr; managing human resources; supervise human resources; oversee human resources; direct human resources,"Conduct employee recruitment, helping employees to develop their personal and organisational skills, knowledge, and competencies as well as providing feedback and performance appraisals. It includes motivating employees, by implementing rewarding systems (managing pay and benefit systems) in order to maximise employee performance with regard to employer's strategic objectives.",ESCO v1.2.0 / API-ready,0.78,auto_generated_review,esco_auto_expansion_500_review_needed
SK204,K02,"Business, Finance, and Office Administration",Human Resources and Business Services,Human resources department processes,"The different processes, duties, jargon, role in an organisation, and other specificities of the human resources department within an organisation such as recruitment, pension systems, and personnel development programs.",4416,Human Resources Clerks,4416,human resources department processes,"Human resources department processes; human resources department processes; HR department processes; human resources processes; human resources department procedures; human resources department's processes; human resources department process; human resources department methods; Human Resources and Business Services; Business, Finance, and Office Administration",http://data.europa.eu/esco/skill/c6e308b4-8799-4461-a9bd-560bdecb0dbb,human resources department processes,HR department processes; human resources processes; human resources department procedures; human resources department's processes; human resources department process; human resources department methods,"The different processes, duties, jargon, role in an organisation, and other specificities of the human resources department within an organisation such as recruitment, pension systems, and personnel development programs.",ESCO v1.2.0 / API-ready,0.78,auto_generated_review,esco_auto_expansion_500_review_needed
SK205,K02,"Business, Finance, and Office Administration",Office Administration and Clerical Support,Maintain administrative records in the veterinary office,Create and maintain administrative records for activities such as appointments and sales in the veterinary office.'.,4110,General Office Clerks,4110,maintain administrative records in the veterinary office,"Maintain administrative records in the veterinary office; maintain administrative records in the veterinary office; perform administrative record keeping in veterinary office; keep veterinary administration records; produce and update veterinary administration records; create administrative records in the veterinary office; maintain veterinary administration records; produce and update administrative records in veterinary office; keep administrative records in the veterinary office; create veterinary administration records; Office Administration and Clerical Support; Business, Finance, and Office Administration",http://data.europa.eu/esco/skill/fa96f4e2-71ef-45b7-9bc7-823ad398cbc4,maintain administrative records in the veterinary office,perform administrative record keeping in veterinary office; keep veterinary administration records; produce and update veterinary administration records; create administrative records in the veterinary office; maintain veterinary administration records; produce and update administrative records in veterinary office; keep administrative records in the veterinary office; create veterinary administration records,Create and maintain administrative records for activities such as appointments and sales in the veterinary office.'.,ESCO v1.2.0 / API-ready,0.78,auto_generated_review,esco_auto_expansion_500_review_needed
SK206,K02,"Business, Finance, and Office Administration",Management and Organizational Operations,Operations management,The backend business functions that are implemented with the aim of achieving the high efficiency and profitability within an organisation.,1219,Business Services and Administration Managers,1219,operations management,"Operations management; operations management; business operations management; Management and Organizational Operations; Business, Finance, and Office Administration",http://data.europa.eu/esco/skill/2d140a3a-45a6-4248-80dd-b3760ebc9cc6,operations management,business operations management,The backend business functions that are implemented with the aim of achieving the high efficiency and profitability within an organisation.,ESCO v1.2.0 / API-ready,0.78,auto_generated_review,esco_auto_expansion_500_review_needed
SK207,K02,"Business, Finance, and Office Administration",Management and Organizational Operations,Support implementation of quality management systems,"Advocate the introduction of new business processes to help achieve quality standards, such as the improvement of the organisational structure or the development of new procedures in case of quality defects.",1219,Business Services and Administration Managers,1219,support implementation of quality management systems,"Support implementation of quality management systems; support implementation of quality management systems; supporting quality management systems implementation; assist implementation of quality management systems; aid implementation of quality management systems; implementation support for quality management systems; quality management systems implementation support; help implementation of quality management systems; facilitate implementation of quality management systems; Management and Organizational Operations; Business, Finance, and Office Administration",http://data.europa.eu/esco/skill/ccbd0898-e225-4abc-8992-57a23b0e2eec,support implementation of quality management systems,supporting quality management systems implementation; assist implementation of quality management systems; aid implementation of quality management systems; implementation support for quality management systems; quality management systems implementation support; help implementation of quality management systems; facilitate implementation of quality management systems,"Advocate the introduction of new business processes to help achieve quality standards, such as the improvement of the organisational structure or the development of new procedures in case of quality defects.",ESCO v1.2.0 / API-ready,0.78,auto_generated_review,esco_auto_expansion_500_review_needed
SK208,K02,"Business, Finance, and Office Administration",Office Administration and Clerical Support,Office equipment,"The offered office machinery and equipment products, its functionalities, properties and legal and regulatory requirements.",4110,General Office Clerks,4110,office equipment,"Office equipment; office equipment; equipment found in offices; office machines; office apparatus; equipment in an office; office machinery; office devices; Office Administration and Clerical Support; Business, Finance, and Office Administration",http://data.europa.eu/esco/skill/5a234b3b-63b4-482f-b481-a1ff9d95bbf8,office equipment,equipment found in offices; office machines; office apparatus; equipment in an office; office machinery; office devices,"The offered office machinery and equipment products, its functionalities, properties and legal and regulatory requirements.",ESCO v1.2.0 / API-ready,0.78,auto_generated_review,esco_auto_expansion_500_review_needed
SK209,K02,"Business, Finance, and Office Administration",Office Administration and Clerical Support,Sell office equipment,"Sell office equipment such as modems, computer hardware or printers. Provide advice on purchase decisions and try to meet customers wishes. Process payments.",4110,General Office Clerks,4110,sell office equipment,"Sell office equipment; sell office equipment; sell equipment for offices; put office equipment up for sale; peddle office equipment; selling office equipment; Office Administration and Clerical Support; Business, Finance, and Office Administration",http://data.europa.eu/esco/skill/c5ee60f3-cc2c-4b83-8e3a-c3d191b3084b,sell office equipment,sell equipment for offices; put office equipment up for sale; peddle office equipment; selling office equipment,"Sell office equipment such as modems, computer hardware or printers. Provide advice on purchase decisions and try to meet customers wishes. Process payments.",ESCO v1.2.0 / API-ready,0.78,auto_generated_review,esco_auto_expansion_500_review_needed
SK210,K02,"Business, Finance, and Office Administration",Management and Organizational Operations,ICT project management,"The methodologies for the planning, implementation, review and follow-up of ICT projects, such as the development, integration, modification and sales of ICT products and services, as well as projects relating technological innovation in the field of ICT.",1219,Business Services and Administration Managers,1219,ICT project management,"ICT project management; ICT project management; management of IT related projects; Management and Organizational Operations; Business, Finance, and Office Administration",http://data.europa.eu/esco/skill/94dd823c-148e-4614-a6e8-99249b16357d,ICT project management,management of IT related projects,"The methodologies for the planning, implementation, review and follow-up of ICT projects, such as the development, integration, modification and sales of ICT products and services, as well as projects relating technological innovation in the field of ICT.",ESCO v1.2.0 / API-ready,0.78,auto_generated_review,esco_auto_expansion_500_review_needed
SK211,K02,"Business, Finance, and Office Administration",Management and Organizational Operations,Lean project management,"The lean project management approach is a methodology for planning, managing and overseeing of ICT resources in order to meet specific goals and using project management ICT tools.",1219,Business Services and Administration Managers,1219,lean project management,"Lean project management; lean project management; lean project management approach; Lean Six Sigma; lean project methodology; Management and Organizational Operations; Business, Finance, and Office Administration",http://data.europa.eu/esco/skill/da6393d5-a53c-4863-abc7-51f36281d74e,lean project management,lean project management approach; Lean Six Sigma; lean project methodology,"The lean project management approach is a methodology for planning, managing and overseeing of ICT resources in order to meet specific goals and using project management ICT tools.",ESCO v1.2.0 / API-ready,0.78,auto_generated_review,esco_auto_expansion_500_review_needed
SK212,K02,"Business, Finance, and Office Administration",Office Administration and Clerical Support,Set up office equipment,"Connect office equipment, such as modems, scanners and printers, to the electricity network and perform electrical bonding to avoid dangerous potential differences. Test the installation for proper functioning. Monitor settings and prepare the appliance for usage.",4110,General Office Clerks,4110,set up office equipment,"Set up office equipment; set up office equipment; supply office equipment; furnish office equipment; set up equipment for offices; setting up office equipment; Office Administration and Clerical Support; Business, Finance, and Office Administration",http://data.europa.eu/esco/skill/04cf164c-d07d-49cf-a1b3-84bdbd79b5cb,set up office equipment,supply office equipment; furnish office equipment; set up equipment for offices; setting up office equipment,"Connect office equipment, such as modems, scanners and printers, to the electricity network and perform electrical bonding to avoid dangerous potential differences. Test the installation for proper functioning. Monitor settings and prepare the appliance for usage.",ESCO v1.2.0 / API-ready,0.78,auto_generated_review,esco_auto_expansion_500_review_needed
SK213,K02,"Business, Finance, and Office Administration",Management and Organizational Operations,Agile project management,"The agile project management approach is a methodology for planning, managing and overseeing of ICT resources in order to meet specific goals and using project management ICT tools.",1219,Business Services and Administration Managers,1219,Agile project management,"Agile project management; Agile project management; Agile management software; Management and Organizational Operations; Business, Finance, and Office Administration",http://data.europa.eu/esco/skill/0a9acb6b-1139-4be9-b431-3a80a959f2f4,Agile project management,Agile management software,"The agile project management approach is a methodology for planning, managing and overseeing of ICT resources in order to meet specific goals and using project management ICT tools.",ESCO v1.2.0 / API-ready,0.78,auto_generated_review,esco_auto_expansion_500_review_needed
SK214,K02,"Business, Finance, and Office Administration",Management and Organizational Operations,Manage car park operations,Monitor car park activities and parked vehicles.,1219,Business Services and Administration Managers,1219,manage car park operations,"Manage car park operations; manage car park operations; supervise operations of car park; perform car park management; manage and monitor car park activities; manage operations of car park; monitor and manage car park operations; oversee car park operations; supervise car park operations; monitor car park activities; Management and Organizational Operations; Business, Finance, and Office Administration",http://data.europa.eu/esco/skill/9775c2f8-6c1f-4fb8-8c03-c7081dafc0b5,manage car park operations,supervise operations of car park; perform car park management; manage and monitor car park activities; manage operations of car park; monitor and manage car park operations; oversee car park operations; supervise car park operations; monitor car park activities,Monitor car park activities and parked vehicles.,ESCO v1.2.0 / API-ready,0.78,auto_generated_review,esco_auto_expansion_500_review_needed
SK215,K02,"Business, Finance, and Office Administration",Management and Organizational Operations,Perform project management,"Manage and plan various resources, such as human resources, budget, deadline, results, and quality necessary for a specific project, and monitor the project's progress in order to achieve a specific goal within a set time and budget.",1219,Business Services and Administration Managers,1219,perform project management,"Perform project management; perform project management; perform management of projects; performing project management; manage projects; do project management; conduct project management; perform projects management; Management and Organizational Operations; Business, Finance, and Office Administration",http://data.europa.eu/esco/skill/cd5efa8c-e44d-4cbc-91c6-796018dbed68,perform project management,perform management of projects; performing project management; manage projects; do project management; conduct project management; perform projects management,"Manage and plan various resources, such as human resources, budget, deadline, results, and quality necessary for a specific project, and monitor the project's progress in order to achieve a specific goal within a set time and budget.",ESCO v1.2.0 / API-ready,0.78,auto_generated_review,esco_auto_expansion_500_review_needed
SK216,K02,"Business, Finance, and Office Administration",Management and Organizational Operations,Prince2 project management,"The PRINCE2 management approach is a methodology for planning, managing and overseeing of ICT resources in order to meet specific goals and using project management ICT tools.",1219,Business Services and Administration Managers,1219,Prince2 project management,"Prince2 project management; Prince2 project management; Prince II; PRojects IN Controlled Environments; PRINCE2; Management and Organizational Operations; Business, Finance, and Office Administration",http://data.europa.eu/esco/skill/7106b5df-e017-4c28-8c40-98814db5b775,Prince2 project management,Prince II; PRojects IN Controlled Environments; PRINCE2,"The PRINCE2 management approach is a methodology for planning, managing and overseeing of ICT resources in order to meet specific goals and using project management ICT tools.",ESCO v1.2.0 / API-ready,0.78,auto_generated_review,esco_auto_expansion_500_review_needed
SK217,K02,"Business, Finance, and Office Administration",Office Administration and Clerical Support,Transport office equipment,"Load and unload equipment to be repaired or replaced, new or replacement equipment and transport it towards or from customers.",4110,General Office Clerks,4110,transport office equipment,"Transport office equipment; transport office equipment; haul office equipment; deliver office equipment; transporting office equipment; move office equipment; transport equipment for office; Office Administration and Clerical Support; Business, Finance, and Office Administration",http://data.europa.eu/esco/skill/ee9aaba9-cf60-41f3-bde2-62ced9c16243,transport office equipment,haul office equipment; deliver office equipment; transporting office equipment; move office equipment; transport equipment for office,"Load and unload equipment to be repaired or replaced, new or replacement equipment and transport it towards or from customers.",ESCO v1.2.0 / API-ready,0.78,auto_generated_review,esco_auto_expansion_500_review_needed
SK218,K02,"Business, Finance, and Office Administration",Management and Organizational Operations,Manage warehouse operations,Manage warehouse operations such as delivering orders and maintaining stock. Control safety and risk prevention in the warehouse. Follow plans to maximise efficiency of the supply chain.,1219,Business Services and Administration Managers,1219,manage warehouse operations,"Manage warehouse operations; manage warehouse operations; perform warehouse management activities; supervise warehouse operations; oversee warehouse operations; execute warehouse management activities; supervise operations of warehouse; oversee operations of warehouse; ensure effective operation of warehouse; manage operations of warehouse; Management and Organizational Operations; Business, Finance, and Office Administration",http://data.europa.eu/esco/skill/fa7be6bf-f906-4b8e-857d-48a9a7da901c,manage warehouse operations,perform warehouse management activities; supervise warehouse operations; oversee warehouse operations; execute warehouse management activities; supervise operations of warehouse; oversee operations of warehouse; ensure effective operation of warehouse; manage operations of warehouse,Manage warehouse operations such as delivering orders and maintaining stock. Control safety and risk prevention in the warehouse. Follow plans to maximise efficiency of the supply chain.,ESCO v1.2.0 / API-ready,0.78,auto_generated_review,esco_auto_expansion_500_review_needed
SK219,K02,"Business, Finance, and Office Administration",Management and Organizational Operations,Project management principles,Different elements and phases of project management.,1219,Business Services and Administration Managers,1219,project management principles,"Project management principles; project management principles; principles of project management; principles of project control; scope of project control principles; range of project management principles; range of project control principles; content of project management principles; scope of project management principles; content of project control principles; Management and Organizational Operations; Business, Finance, and Office Administration",http://data.europa.eu/esco/skill/237db40b-4600-47c0-837f-4a2c4f3014ab,project management principles,principles of project management; principles of project control; scope of project control principles; range of project management principles; range of project control principles; content of project management principles; scope of project management principles; content of project control principles,Different elements and phases of project management.,ESCO v1.2.0 / API-ready,0.78,auto_generated_review,esco_auto_expansion_500_review_needed
SK220,K02,"Business, Finance, and Office Administration",Management and Organizational Operations,Agricultural business management,The business principles behind agricultural production and the marketing of its products.,1219,Business Services and Administration Managers,1219,agricultural business management,"Agricultural business management; agricultural business management; principles of agricultural business operations; methods of agricultural business management; techniques of agricultural business operations; principles of agricultural business management; business management in agriculture; techniques of agricultural business management; business operations in agriculture; methods of agricultural business operations; Management and Organizational Operations; Business, Finance, and Office Administration",http://data.europa.eu/esco/skill/518779a6-ea5d-4e4b-8029-8bc90b5bcb92,agricultural business management,principles of agricultural business operations; methods of agricultural business management; techniques of agricultural business operations; principles of agricultural business management; business management in agriculture; techniques of agricultural business management; business operations in agriculture; methods of agricultural business operations,The business principles behind agricultural production and the marketing of its products.,ESCO v1.2.0 / API-ready,0.78,auto_generated_review,esco_auto_expansion_500_review_needed
SK221,K02,"Business, Finance, and Office Administration",Office Administration and Clerical Support,Manufacturing of office equipment,"The manufacture of calculators, staplers, cartridges, binding equipment, photocopy machines, boards and all types of equipment and machines used in an office.",4110,General Office Clerks,4110,manufacturing of office equipment,"Manufacturing of office equipment; manufacturing of office equipment; construction of bureau machinery; building bureau machinery; assembling bureau machinery; fabrication of office equipment; assembling office equipment; building office equipment; fabrication of bureau machinery; construction of office equipment; Office Administration and Clerical Support; Business, Finance, and Office Administration",http://data.europa.eu/esco/skill/ec071bae-b53c-465b-b8ae-3b339f6b8580,manufacturing of office equipment,construction of bureau machinery; building bureau machinery; assembling bureau machinery; fabrication of office equipment; assembling office equipment; building office equipment; fabrication of bureau machinery; construction of office equipment,"The manufacture of calculators, staplers, cartridges, binding equipment, photocopy machines, boards and all types of equipment and machines used in an office.",ESCO v1.2.0 / API-ready,0.78,auto_generated_review,esco_auto_expansion_500_review_needed
SK222,K02,"Business, Finance, and Office Administration",Management and Organizational Operations,Coordinate road haulage operations,"Plan and coordinate road haulage, distribution, and passenger transport operations; ensure that passengers and goods reach their destinations in a safe and timely manner.",1219,Business Services and Administration Managers,1219,coordinate road haulage operations,"Coordinate road haulage operations; coordinate road haulage operations; organise road haulage operations; ensure safe and timely arrival of passengers and goods through coordination of road haulage; perform road haulage coordination activities; manage road haulage operations; conduct road haulage management activities; manage operations in road haulage; coordinate road haulage operations to ensure efficient use of available resources; organise operations in road haulage; Management and Organizational Operations; Business, Finance, and Office Administration",http://data.europa.eu/esco/skill/e4fba84e-3b41-4b9c-8e65-cc1a8b76ada3,coordinate road haulage operations,organise road haulage operations; ensure safe and timely arrival of passengers and goods through coordination of road haulage; perform road haulage coordination activities; manage road haulage operations; conduct road haulage management activities; manage operations in road haulage; coordinate road haulage operations to ensure efficient use of available resources; organise operations in road haulage,"Plan and coordinate road haulage, distribution, and passenger transport operations; ensure that passengers and goods reach their destinations in a safe and timely manner.",ESCO v1.2.0 / API-ready,0.78,auto_generated_review,esco_auto_expansion_500_review_needed
SK223,K02,"Business, Finance, and Office Administration","Finance, Accounting, and Bookkeeping",Perform cost accounting activities,"Execute the cost related activities and operations within the accounting activities such as standard cost development, average pricing analysis, margin and cost ratio analysis, inventory control, and variance analysis. Report the results to management and advise on possible courses of action to control and reduce the costs.",3313,Accounting Associate Professionals,3313,perform cost accounting activities,"Perform cost accounting activities; perform cost accounting activities; do cost accounting activities; performing cost accounting activities; perform activities for cost accounting; conduct cost accounting activities; perform cost accounting activity; Finance, Accounting, and Bookkeeping; Business, Finance, and Office Administration",http://data.europa.eu/esco/skill/c5b90c0c-3af0-4c8c-a06c-cc3ced02242c,perform cost accounting activities,do cost accounting activities; performing cost accounting activities; perform activities for cost accounting; conduct cost accounting activities; perform cost accounting activity,"Execute the cost related activities and operations within the accounting activities such as standard cost development, average pricing analysis, margin and cost ratio analysis, inventory control, and variance analysis. Report the results to management and advise on possible courses of action to control and reduce the costs.",ESCO v1.2.0 / API-ready,0.78,auto_generated_review,esco_auto_expansion_500_review_needed
SK224,K02,"Business, Finance, and Office Administration",Management and Organizational Operations,ICT project management methodologies,"The methodologies or models for planning, managing and overseeing of ICT resources in order to meet specific goals, such methodologies are Waterfall, Incremental, V-Model, Scrum or Agile and using project management ICT tools.",1219,Business Services and Administration Managers,1219,ICT project management methodologies,"ICT project management methodologies; ICT project management methodologies; Code and fix development; Benefits realization management; Agile; Scrum; structured methodology; prince2; Extreme project management; agile; Management and Organizational Operations; Business, Finance, and Office Administration",http://data.europa.eu/esco/skill/bec4359e-cb92-468f-a997-8fb28e32fba9,ICT project management methodologies,Code and fix development; Benefits realization management; Agile; Scrum; structured methodology; prince2; Extreme project management; agile,"The methodologies or models for planning, managing and overseeing of ICT resources in order to meet specific goals, such methodologies are Waterfall, Incremental, V-Model, Scrum or Agile and using project management ICT tools.",ESCO v1.2.0 / API-ready,0.78,auto_generated_review,esco_auto_expansion_500_review_needed
SK225,K02,"Business, Finance, and Office Administration",Management and Organizational Operations,Implement quality management systems,Implement quality systems and procedures such as ISO systems.,1219,Business Services and Administration Managers,1219,implement quality management systems,"Implement quality management systems; implement quality management systems; installing quality management systems; installing quality systems and procedures; quality systems and procedures implementing; quality management systems installing; quality systems and procedures installing; quality management systems implementing; implementing quality management systems; install quality systems and procedures; Management and Organizational Operations; Business, Finance, and Office Administration",http://data.europa.eu/esco/skill/72b5b695-fe1c-4b21-97e4-fa3a680cab2e,implement quality management systems,installing quality management systems; installing quality systems and procedures; quality systems and procedures implementing; quality management systems installing; quality systems and procedures installing; quality management systems implementing; implementing quality management systems; install quality systems and procedures,Implement quality systems and procedures such as ISO systems.,ESCO v1.2.0 / API-ready,0.78,auto_generated_review,esco_auto_expansion_500_review_needed
SK226,K02,"Business, Finance, and Office Administration",Management and Organizational Operations,Project management methodology (PM²),"An open project management methodology developed and endorsed by the European Commission and used by the majority of the European Institutions as well as by public and private organizations and institutions in the EU Member States, which aims to enable project managers to deliver solutions and benefits to their organizations through the effective management of project work. PM² incorporates elements from a wide range of globally accepted project management best practices, described in standards and methodologies, as well as operational experience, primarily from the European Institutions.",1219,Business Services and Administration Managers,1219,project management methodology (PM²),"Project management methodology (PM²); project management methodology (PM²); project management methods; PM²; PM² for best practice in organisations; PM² for private organisations; PM² for European institutions; Management and Organizational Operations; Business, Finance, and Office Administration",http://data.europa.eu/esco/skill/802e6973-3270-4cf0-86e4-a6835caf1ba6,project management methodology (PM²),project management methods; PM²; PM² for best practice in organisations; PM² for private organisations; PM² for European institutions,"An open project management methodology developed and endorsed by the European Commission and used by the majority of the European Institutions as well as by public and private organizations and institutions in the EU Member States, which aims to enable project managers to deliver solutions and benefits to their organizations through the effective management of project work. PM² incorporates elements from a wide range of globally accepted project management best practices, described in standards and methodologies, as well as operational experience, primarily from the European Institutions.",ESCO v1.2.0 / API-ready,0.78,auto_generated_review,esco_auto_expansion_500_review_needed
SK227,K02,"Business, Finance, and Office Administration",Management and Organizational Operations,Manage environmental impact of operations,"Manage the interaction with and impact on the environment by companies. Identify and assess environmental impacts of the production process and related services, and regulate a reduction of the effects on the environment and on people. Organise action plans and monitor any indicators of improvement.",1219,Business Services and Administration Managers,1219,manage environmental impact of operations,"Manage environmental impact of operations; manage environmental impact of operations; assess and monitor operations impact on the environment; environmental impact management; environmental impact assessment and monitoring; manage operations impact on the environment; assess and monitor environmental impact; manage environmental impact; Management and Organizational Operations; Business, Finance, and Office Administration",http://data.europa.eu/esco/skill/d86babea-bf8b-4552-81a8-daf706066ad6,manage environmental impact of operations,assess and monitor operations impact on the environment; environmental impact management; environmental impact assessment and monitoring; manage operations impact on the environment; assess and monitor environmental impact; manage environmental impact,"Manage the interaction with and impact on the environment by companies. Identify and assess environmental impacts of the production process and related services, and regulate a reduction of the effects on the environment and on people. Organise action plans and monitor any indicators of improvement.",ESCO v1.2.0 / API-ready,0.78,auto_generated_review,esco_auto_expansion_500_review_needed
SK228,K02,"Business, Finance, and Office Administration",Management and Organizational Operations,Manage operations in healthcare institutions,"Plan, organise and monitor the workflow in institutions providing of medial care to individuals such as hospitals, rehabilitation facilities or elderly care institutions.",1219,Business Services and Administration Managers,1219,manage operations in healthcare institutions,"Manage operations in healthcare institutions; manage operations in healthcare institutions; supervise operations in healthcare institutions; oversee operations in medical institutions; maintain operations in medical institutions; administer operations in medical institutions; oversee operations in healthcare institutions; administer operations in healthcare institutions; maintain operations in healthcare institutions; supervise operations in medical institutions; Management and Organizational Operations; Business, Finance, and Office Administration",http://data.europa.eu/esco/skill/7d77f9d8-4f9e-4b8f-aa93-bcc1c8ac2173,manage operations in healthcare institutions,supervise operations in healthcare institutions; oversee operations in medical institutions; maintain operations in medical institutions; administer operations in medical institutions; oversee operations in healthcare institutions; administer operations in healthcare institutions; maintain operations in healthcare institutions; supervise operations in medical institutions,"Plan, organise and monitor the workflow in institutions providing of medial care to individuals such as hospitals, rehabilitation facilities or elderly care institutions.",ESCO v1.2.0 / API-ready,0.78,auto_generated_review,esco_auto_expansion_500_review_needed
SK229,K02,"Business, Finance, and Office Administration",Office Administration and Clerical Support,Instruct clients on the usage of office equipment,"Provide customers with information about office equipment and instruct them on how to use equipment such as printers, scanners and modems.",4110,General Office Clerks,4110,instruct clients on the usage of office equipment,"Instruct clients on the usage of office equipment; instruct clients on the usage of office equipment; instruct office equipment usage to clients; teach clients how to use office equipment; instructing clients on the usage of office equipment; instruct client on the usage of office equipment; train clients on the usage of office equipment; instruct clients on the use of office equipment; Office Administration and Clerical Support; Business, Finance, and Office Administration",http://data.europa.eu/esco/skill/7839cf60-2fab-41a0-96af-2ed29114641b,instruct clients on the usage of office equipment,instruct office equipment usage to clients; teach clients how to use office equipment; instructing clients on the usage of office equipment; instruct client on the usage of office equipment; train clients on the usage of office equipment; instruct clients on the use of office equipment,"Provide customers with information about office equipment and instruct them on how to use equipment such as printers, scanners and modems.",ESCO v1.2.0 / API-ready,0.78,auto_generated_review,esco_auto_expansion_500_review_needed
SK230,K02,"Business, Finance, and Office Administration",Management and Organizational Operations,Provide training on quality management supervision,"Provide training to production employees, in groups or individually, on standard operating procedures, product specifications, visual quality inspection criteria, SPC, production controls, formulas, GMP, and food safety procedures.",1219,Business Services and Administration Managers,1219,provide training on quality management supervision,"Provide training on quality management supervision; provide training on quality management supervision; impart training on general quality management supervision; impart training about general quality management supervision; convey training on general quality management supervision; transmit training on general quality management supervision; communicate training on general quality management supervision; impart training on quality management supervision; reveal training on general quality management supervision; Management and Organizational Operations; Business, Finance, and Office Administration",http://data.europa.eu/esco/skill/09e7cd13-ea36-4694-afe5-f34373759392,provide training on quality management supervision,impart training on general quality management supervision; impart training about general quality management supervision; convey training on general quality management supervision; transmit training on general quality management supervision; communicate training on general quality management supervision; impart training on quality management supervision; reveal training on general quality management supervision,"Provide training to production employees, in groups or individually, on standard operating procedures, product specifications, visual quality inspection criteria, SPC, production controls, formulas, GMP, and food safety procedures.",ESCO v1.2.0 / API-ready,0.78,auto_generated_review,esco_auto_expansion_500_review_needed
SK231,K02,"Business, Finance, and Office Administration","Finance, Accounting, and Bookkeeping",Financial statements,"The set of financial records disclosing the financial position of a company at the end of a set period or of the accounting year. The financial statements consisting of five parts which are the statement of financial position, the statement of comprehensive income, the statement of changes in equity (SOCE), the statement of cash flows and notes.",3313,Accounting Associate Professionals,3313,financial statements,"Financial statements; financial statements; records of financial activities; financial statement; statements on finances; Finance, Accounting, and Bookkeeping; Business, Finance, and Office Administration",http://data.europa.eu/esco/skill/4a460161-eaea-4fe2-bd0e-164ccc635be1,financial statements,records of financial activities; financial statement; statements on finances,"The set of financial records disclosing the financial position of a company at the end of a set period or of the accounting year. The financial statements consisting of five parts which are the statement of financial position, the statement of comprehensive income, the statement of changes in equity (SOCE), the statement of cash flows and notes.",ESCO v1.2.0 / API-ready,0.78,auto_generated_review,esco_auto_expansion_500_review_needed
SK232,K02,"Business, Finance, and Office Administration",Human Resources and Business Services,Hire human resources,"Manage the process of hiring human resources, from identifying potential candidates to assessing the adequacy of their profiles to the vacancy.",4416,Human Resources Clerks,4416,hire human resources,"Hire human resources; hire human resources; hiring persons; hire experienced people; oversee recruiting services; recruit people with expertise; complete recruiting services; carry out recruiting services; hire people; undertake recruiting services; Human Resources and Business Services; Business, Finance, and Office Administration",http://data.europa.eu/esco/skill/5aa57bdc-5765-435e-8fc9-99b3febdb213,hire human resources,hiring persons; hire experienced people; oversee recruiting services; recruit people with expertise; complete recruiting services; carry out recruiting services; hire people; undertake recruiting services,"Manage the process of hiring human resources, from identifying potential candidates to assessing the adequacy of their profiles to the vacancy.",ESCO v1.2.0 / API-ready,0.78,auto_generated_review,esco_auto_expansion_500_review_needed
SK233,K02,"Business, Finance, and Office Administration","Finance, Accounting, and Bookkeeping",Prepare financial statements,"Collect, entry, and prepare the set of financial records disclosing the financial position of a company at the end of a certain period or accounting year. The financial statements consisting of five parts which are the statement of financial position, the statement of comprehensive income, the statement of changes in equity (SOCE), the statement of cash flows and notes.",3313,Accounting Associate Professionals,3313,prepare financial statements,"Prepare financial statements; prepare financial statements; prepare financial statement; get financial statements ready; preparing financial statements; draw up financial statements; formulate financial statements; prepare statements on finances; Finance, Accounting, and Bookkeeping; Business, Finance, and Office Administration",http://data.europa.eu/esco/skill/60f51172-37c0-4933-a27a-cbf55dcd7580,prepare financial statements,prepare financial statement; get financial statements ready; preparing financial statements; draw up financial statements; formulate financial statements; prepare statements on finances,"Collect, entry, and prepare the set of financial records disclosing the financial position of a company at the end of a certain period or accounting year. The financial statements consisting of five parts which are the statement of financial position, the statement of comprehensive income, the statement of changes in equity (SOCE), the statement of cash flows and notes.",ESCO v1.2.0 / API-ready,0.78,auto_generated_review,esco_auto_expansion_500_review_needed
SK234,K02,"Business, Finance, and Office Administration",Management and Organizational Operations,Develop organisational policies,Develop and supervise the implementation of policies aimed at documenting and detailing the procedures for the operations of the organisation in the lights of its strategic planning.,1219,Business Services and Administration Managers,1219,develop organisational policies,"Develop organisational policies; develop organisational policies; create organisational policies; develop organizational policies; generate organisational policies; develop policies for organisation; come up with organisational policies; developing organisational policies; develop organisational policy; Management and Organizational Operations; Business, Finance, and Office Administration",http://data.europa.eu/esco/skill/3254275d-a1b5-4640-9481-02f38780ac35,develop organisational policies,create organisational policies; develop organizational policies; generate organisational policies; develop policies for organisation; come up with organisational policies; developing organisational policies; develop organisational policy,Develop and supervise the implementation of policies aimed at documenting and detailing the procedures for the operations of the organisation in the lights of its strategic planning.,ESCO v1.2.0 / API-ready,0.78,auto_generated_review,esco_auto_expansion_500_review_needed
SK235,K02,"Business, Finance, and Office Administration","Finance, Accounting, and Bookkeeping",Handle cash flow,"Handle the movement of money into or out of a business, project, or financial product. Take bets, pay out winnings and manage the cash flow.",3313,Accounting Associate Professionals,3313,handle cash flow,"Handle cash flow; handle cash flow; manage flow of cash; effect payments; manage cash flow; manage cash income; deal with cash flow; monitor cash flow; oversee cash flow; Finance, Accounting, and Bookkeeping; Business, Finance, and Office Administration",http://data.europa.eu/esco/skill/e4b6f863-fa9f-4fe7-a984-f948f8c90d24,handle cash flow,manage flow of cash; effect payments; manage cash flow; manage cash income; deal with cash flow; monitor cash flow; oversee cash flow,"Handle the movement of money into or out of a business, project, or financial product. Take bets, pay out winnings and manage the cash flow.",ESCO v1.2.0 / API-ready,0.78,auto_generated_review,esco_auto_expansion_500_review_needed
SK236,K02,"Business, Finance, and Office Administration",Human Resources and Business Services,Recruit personnel,Carry out assessment and recruitment of personnel for the production.,4416,Human Resources Clerks,4416,recruit personnel,"Recruit personnel; recruit personnel; personnel recruiting; hire personnel; hiring personnel; personnel hiring; recruiting personnel; Human Resources and Business Services; Business, Finance, and Office Administration",http://data.europa.eu/esco/skill/65715f7a-c791-416b-b88a-2933a1c81647,recruit personnel,personnel recruiting; hire personnel; hiring personnel; personnel hiring; recruiting personnel,Carry out assessment and recruitment of personnel for the production.,ESCO v1.2.0 / API-ready,0.78,auto_generated_review,esco_auto_expansion_500_review_needed
SK237,K02,"Business, Finance, and Office Administration",Management and Organizational Operations,Process-based management,"The process-based management approach is a methodology for planning, managing and overseeing of ICT resources in order to meet specific goals and using project management ICT tools.",1219,Business Services and Administration Managers,1219,Process-based management,"Process-based management; Process-based management; process-based project management methodology; Management and Organizational Operations; Business, Finance, and Office Administration",http://data.europa.eu/esco/skill/d5a59ca8-2e91-472e-8571-d12ce4478679,Process-based management,process-based project management methodology,"The process-based management approach is a methodology for planning, managing and overseeing of ICT resources in order to meet specific goals and using project management ICT tools.",ESCO v1.2.0 / API-ready,0.78,auto_generated_review,esco_auto_expansion_500_review_needed
SK238,K02,"Business, Finance, and Office Administration","Finance, Accounting, and Bookkeeping",Create a financial report,"Finalise project accounting. Prepare an actual budget, compare the discrepancy between the planned and actual budget, and draw final conclusions.",3313,Accounting Associate Professionals,3313,create a financial report,"Create a financial report; create a financial report; create financial reports; create a finance report; write a financial report; prepare financial reports; Finance, Accounting, and Bookkeeping; Business, Finance, and Office Administration",http://data.europa.eu/esco/skill/dd7c9dfd-6e2c-46fd-aefc-369402d0200c,create a financial report,create financial reports; create a finance report; write a financial report; prepare financial reports,"Finalise project accounting. Prepare an actual budget, compare the discrepancy between the planned and actual budget, and draw final conclusions.",ESCO v1.2.0 / API-ready,0.78,auto_generated_review,esco_auto_expansion_500_review_needed
SK239,K02,"Business, Finance, and Office Administration",Management and Organizational Operations,Manage gambling operation,"Manage all aspects a gambling, betting or lottery operation. Deliver effective, efficient performance. Implement an effective rota and manage staff for the available products. Seek and develop knowledge of the industry, looking for opportunities, profit optimisation, margin and turnover in all areas of the company and make the appropriate business recommendations for implementation. Employ effective change management to effectively improve business performance.",1219,Business Services and Administration Managers,1219,manage gambling operation,"Manage gambling operation; manage gambling operation; manage lottery operation; manage betting operation; manage operations of gambling; manage gambling operations; Management and Organizational Operations; Business, Finance, and Office Administration",http://data.europa.eu/esco/skill/5d1f71c1-fe52-4ade-b43d-5fc85ee16ad3,manage gambling operation,manage lottery operation; manage betting operation; manage operations of gambling; manage gambling operations,"Manage all aspects a gambling, betting or lottery operation. Deliver effective, efficient performance. Implement an effective rota and manage staff for the available products. Seek and develop knowledge of the industry, looking for opportunities, profit optimisation, margin and turnover in all areas of the company and make the appropriate business recommendations for implementation. Employ effective change management to effectively improve business performance.",ESCO v1.2.0 / API-ready,0.78,auto_generated_review,esco_auto_expansion_500_review_needed
SK240,K02,"Business, Finance, and Office Administration",Management and Organizational Operations,Manage lottery operations,Manage all lottery activities to ensure that operations are conducted properly. Note procedure problems and ensure that all lottery activities run according to the law and the organisation's rules. Ensure the financing of lottery prices and implement action plans to ensure the lottery organisation's sustainability.,1219,Business Services and Administration Managers,1219,manage lottery operations,"Manage lottery operations; manage lottery operations; manage operations of a lottery; ensure correct lottery activities; coordinate lottery operations; manage a lottery operation; Management and Organizational Operations; Business, Finance, and Office Administration",http://data.europa.eu/esco/skill/e88a1bd0-f54c-46b9-ab0d-ef176829b1df,manage lottery operations,manage operations of a lottery; ensure correct lottery activities; coordinate lottery operations; manage a lottery operation,Manage all lottery activities to ensure that operations are conducted properly. Note procedure problems and ensure that all lottery activities run according to the law and the organisation's rules. Ensure the financing of lottery prices and implement action plans to ensure the lottery organisation's sustainability.,ESCO v1.2.0 / API-ready,0.78,auto_generated_review,esco_auto_expansion_500_review_needed
SK241,K02,"Business, Finance, and Office Administration",Management and Organizational Operations,Manage storage operations,Select and manage suitable storage area for the traded goods.,1219,Business Services and Administration Managers,1219,manage storage operations,"Manage storage operations; manage storage operations; manage operations for storage; select and coordinate storage area activates; manage store operations; coordinate storage activities; Management and Organizational Operations; Business, Finance, and Office Administration",http://data.europa.eu/esco/skill/26532713-d18f-4e5c-8365-1f57e00f8422,manage storage operations,manage operations for storage; select and coordinate storage area activates; manage store operations; coordinate storage activities,Select and manage suitable storage area for the traded goods.,ESCO v1.2.0 / API-ready,0.78,auto_generated_review,esco_auto_expansion_500_review_needed
SK242,K02,"Business, Finance, and Office Administration","Finance, Accounting, and Bookkeeping",Control financial resources,Monitor and control budgets and financial resources providing capable stewardship in company management.,3313,Accounting Associate Professionals,3313,control financial resources,"Control financial resources; control financial resources; perform company financial management activities; manage finances; conduct financial management activities; manage financial resources; monitor and control financial resources; supervise company budgets; monitor and manage financial resources; oversee company budgets; Finance, Accounting, and Bookkeeping; Business, Finance, and Office Administration",http://data.europa.eu/esco/skill/2d008d5a-b7bd-46f7-bbb1-5d70a0af9c84,control financial resources,perform company financial management activities; manage finances; conduct financial management activities; manage financial resources; monitor and control financial resources; supervise company budgets; monitor and manage financial resources; oversee company budgets,Monitor and control budgets and financial resources providing capable stewardship in company management.,ESCO v1.2.0 / API-ready,0.78,auto_generated_review,esco_auto_expansion_500_review_needed
SK243,K02,"Business, Finance, and Office Administration",Office Administration and Clerical Support,Keep personal administration,File and organise personal administration documents comprehensively.,4110,General Office Clerks,4110,keep personal administration,"Keep personal administration; keep personal administration; file personal documents; maintain records filed accurately; keep own personal administration; Office Administration and Clerical Support; Business, Finance, and Office Administration",http://data.europa.eu/esco/skill/9df34bc3-25d4-4452-a896-4d19b94ef896,keep personal administration,file personal documents; maintain records filed accurately; keep own personal administration,File and organise personal administration documents comprehensively.,ESCO v1.2.0 / API-ready,0.78,auto_generated_review,esco_auto_expansion_500_review_needed
SK244,K02,"Business, Finance, and Office Administration",Management and Organizational Operations,Management systems standards,The standards that improve the performance of an organisation by outlining activities that helps to achieve goals and objectives. They also help to create an organisational culture that provides ground for continuous self-evaluation and improvement of the business operations.,1219,Business Services and Administration Managers,1219,management systems standards,"Management systems standards; management systems standards; management systems principles; Management and Organizational Operations; Business, Finance, and Office Administration",http://data.europa.eu/esco/skill/ff599c4c-f7bc-44fc-b75f-eea4b7178692,management systems standards,management systems principles,The standards that improve the performance of an organisation by outlining activities that helps to achieve goals and objectives. They also help to create an organisational culture that provides ground for continuous self-evaluation and improvement of the business operations.,ESCO v1.2.0 / API-ready,0.78,auto_generated_review,esco_auto_expansion_500_review_needed
SK245,K02,"Business, Finance, and Office Administration",Management and Organizational Operations,Manage maintenance operations,"Oversee maintenance activities, making sure that staff is following procedures and ensuring routine and periodic refurbishment and maintenance activities.",1219,Business Services and Administration Managers,1219,manage maintenance operations,"Manage maintenance operations; manage maintenance operations; coordinate maintenance activities; manage operations of maintenance; ensure compliance with maintenance procedures; Management and Organizational Operations; Business, Finance, and Office Administration",http://data.europa.eu/esco/skill/c5bc42be-4970-4dce-80e2-af78bae42e84,manage maintenance operations,coordinate maintenance activities; manage operations of maintenance; ensure compliance with maintenance procedures,"Oversee maintenance activities, making sure that staff is following procedures and ensuring routine and periodic refurbishment and maintenance activities.",ESCO v1.2.0 / API-ready,0.78,auto_generated_review,esco_auto_expansion_500_review_needed
SK246,K02,"Business, Finance, and Office Administration","Finance, Accounting, and Bookkeeping",Prepare airport annual budget,"Prepare annual airport budget, taking into account factors such as fuel supplies, facilities maintenance, and communications.",3313,Accounting Associate Professionals,3313,prepare airport annual budget,"Prepare airport annual budget; prepare airport annual budget; prepare annual budget of the airport; develop annual budget of the airport; allocate annual airport finances; develop annual airport budget; plan annual airport financial expenditure; prepare annual airport budget; deliver annual financial plan for airport expenditure; develop airport annual financial plan; Finance, Accounting, and Bookkeeping; Business, Finance, and Office Administration",http://data.europa.eu/esco/skill/50699f65-ce5b-4042-82fb-b4524f13423b,prepare airport annual budget,prepare annual budget of the airport; develop annual budget of the airport; allocate annual airport finances; develop annual airport budget; plan annual airport financial expenditure; prepare annual airport budget; deliver annual financial plan for airport expenditure; develop airport annual financial plan,"Prepare annual airport budget, taking into account factors such as fuel supplies, facilities maintenance, and communications.",ESCO v1.2.0 / API-ready,0.78,auto_generated_review,esco_auto_expansion_500_review_needed
SK247,K02,"Business, Finance, and Office Administration","Finance, Accounting, and Bookkeeping",Follow up accounts receivables,Revise the accounts receivables section in the financial statements in order to breakdown the financial rights that the company has over other entities. Take actions in order to close the accounts and collect the money.,3313,Accounting Associate Professionals,3313,follow up accounts receivables,"Follow up accounts receivables; follow up accounts receivables; following up accounts receivables; monitor accounts receivables; review accounts receivables; follow up account receivables; re-evaluate accounts receivables; Finance, Accounting, and Bookkeeping; Business, Finance, and Office Administration",http://data.europa.eu/esco/skill/68b51538-b056-4cb3-bb15-ab8c3e576cc9,follow up accounts receivables,following up accounts receivables; monitor accounts receivables; review accounts receivables; follow up account receivables; re-evaluate accounts receivables,Revise the accounts receivables section in the financial statements in order to breakdown the financial rights that the company has over other entities. Take actions in order to close the accounts and collect the money.,ESCO v1.2.0 / API-ready,0.78,auto_generated_review,esco_auto_expansion_500_review_needed
SK248,K02,"Business, Finance, and Office Administration",Office Administration and Clerical Support,Maintain correspondence records,Sort correspondence and attach previous records or files of correspondence with incoming mails.,4110,General Office Clerks,4110,maintain correspondence records,"Maintain correspondence records; maintain correspondence records; maintaining correspondence records; keep correspondence records; store correspondence records; Office Administration and Clerical Support; Business, Finance, and Office Administration",http://data.europa.eu/esco/skill/ab821cc3-a0cb-4fcc-b4c0-bf7c96352cbf,maintain correspondence records,maintaining correspondence records; keep correspondence records; store correspondence records,Sort correspondence and attach previous records or files of correspondence with incoming mails.,ESCO v1.2.0 / API-ready,0.78,auto_generated_review,esco_auto_expansion_500_review_needed
SK249,K02,"Business, Finance, and Office Administration",Human Resources and Business Services,Identify necessary human resources,"Determine the number of employees needed for the realisation of a project and their allocation in the creation, production, communication or administration team.",4416,Human Resources Clerks,4416,identify necessary human resources,"Identify necessary human resources; identify necessary human resources; determine necessary human resources; verify necessary human resources; ascertain necessary human resources; identify human resources; identifying necessary human resources; Human Resources and Business Services; Business, Finance, and Office Administration",http://data.europa.eu/esco/skill/b22e46d7-1c5f-4837-943f-7f75531acc26,identify necessary human resources,determine necessary human resources; verify necessary human resources; ascertain necessary human resources; identify human resources; identifying necessary human resources,"Determine the number of employees needed for the realisation of a project and their allocation in the creation, production, communication or administration team.",ESCO v1.2.0 / API-ready,0.78,auto_generated_review,esco_auto_expansion_500_review_needed
SK250,K02,"Business, Finance, and Office Administration",Office Administration and Clerical Support,Maintain professional administration,"File and organise professional administration documents comprehensively, keep customer records, fill in forms or log books and prepare documents about company-related matter.",4110,General Office Clerks,4110,maintain professional administration,"Maintain professional administration; maintain professional administration; keep professional administration documents; organise professional administration records; maintaining professional administration; Office Administration and Clerical Support; Business, Finance, and Office Administration",http://data.europa.eu/esco/skill/8ebb2c0a-0baa-43bf-95cf-094047c57427,maintain professional administration,keep professional administration documents; organise professional administration records; maintaining professional administration,"File and organise professional administration documents comprehensively, keep customer records, fill in forms or log books and prepare documents about company-related matter.",ESCO v1.2.0 / API-ready,0.78,auto_generated_review,esco_auto_expansion_500_review_needed
SK251,K02,"Business, Finance, and Office Administration","Finance, Accounting, and Bookkeeping",Provide financial product information,"Give the customer or client information about financial products, the financial market, insurances, loans or other types of financial data.",3313,Accounting Associate Professionals,3313,provide financial product information,"Provide financial product information; provide financial product information; provide economic information; provide banking information; provide fiscal information; provide budgeting information; give financial information; Finance, Accounting, and Bookkeeping; Business, Finance, and Office Administration",http://data.europa.eu/esco/skill/e92f4673-1dec-41ec-b6ec-36fef226359c,provide financial product information,provide economic information; provide banking information; provide fiscal information; provide budgeting information; give financial information,"Give the customer or client information about financial products, the financial market, insurances, loans or other types of financial data.",ESCO v1.2.0 / API-ready,0.78,auto_generated_review,esco_auto_expansion_500_review_needed
SK252,K02,"Business, Finance, and Office Administration","Finance, Accounting, and Bookkeeping",Collect property financial information,"Collect information concerning the previous transactions involving the property, such as the prices at which the property had been previously sold and the costs that went into renovations and repairs, in order to obtain a clear image of the property's value.",3313,Accounting Associate Professionals,3313,collect property financial information,"Collect property financial information; collect property financial information; audit properties; collect information on property finance; collect financial information on properties; Finance, Accounting, and Bookkeeping; Business, Finance, and Office Administration",http://data.europa.eu/esco/skill/02820870-3b92-480b-8475-8a521563ea3c,collect property financial information,audit properties; collect information on property finance; collect financial information on properties,"Collect information concerning the previous transactions involving the property, such as the prices at which the property had been previously sold and the costs that went into renovations and repairs, in order to obtain a clear image of the property's value.",ESCO v1.2.0 / API-ready,0.78,auto_generated_review,esco_auto_expansion_500_review_needed
SK253,K02,"Business, Finance, and Office Administration",Management and Organizational Operations,Maintain operations of vending machines,Clean and maintain vending machines in order to keep them in a proper state. Perform minor adjustments and repairs if needed; repair jams and similar technical malfunctions. Call out service engineers in case of complicated malfunctions. Refill vending machines with goods.,1219,Business Services and Administration Managers,1219,maintain operations of vending machines,"Maintain operations of vending machines; maintain operations of vending machines; sustain operations of vending machines; maintain the operation of a vending machine; maintain the operation of vending machines; control operations of vending machines; maintaining operations of vending machines; manage operations of vending machines; preserve operations of vending machines; Management and Organizational Operations; Business, Finance, and Office Administration",http://data.europa.eu/esco/skill/a74acf0f-f0ac-4d39-a098-cb38ffcc9657,maintain operations of vending machines,sustain operations of vending machines; maintain the operation of a vending machine; maintain the operation of vending machines; control operations of vending machines; maintaining operations of vending machines; manage operations of vending machines; preserve operations of vending machines,Clean and maintain vending machines in order to keep them in a proper state. Perform minor adjustments and repairs if needed; repair jams and similar technical malfunctions. Call out service engineers in case of complicated malfunctions. Refill vending machines with goods.,ESCO v1.2.0 / API-ready,0.78,auto_generated_review,esco_auto_expansion_500_review_needed
SK254,K02,"Business, Finance, and Office Administration","Finance, Accounting, and Bookkeeping",Manage financial and material resources,"Undertake effective financial planning, using credit, savings, investments and pensions to achieve short and long term goals, using financial advices and guidance services with a critical mindset, comparing deals and offers when acquiring products or services and actively selecting appropriate insurance products.",3313,Accounting Associate Professionals,3313,manage financial and material resources,"Manage financial and material resources; manage financial and material resources; manage personal budget for financial needs; select appropriate insurance products; exercise consumer rights; manage personal finances; undertake effective financial planning; use investments and credit to achieve long term goals; use financial advices and guidance services with a critical mindset; compare deals and offers when acquiring products or services; Finance, Accounting, and Bookkeeping; Business, Finance, and Office Administration",http://data.europa.eu/esco/skill/1ddc021d-d818-4731-904f-842d7491f419,manage financial and material resources,manage personal budget for financial needs; select appropriate insurance products; exercise consumer rights; manage personal finances; undertake effective financial planning; use investments and credit to achieve long term goals; use financial advices and guidance services with a critical mindset; compare deals and offers when acquiring products or services,"Undertake effective financial planning, using credit, savings, investments and pensions to achieve short and long term goals, using financial advices and guidance services with a critical mindset, comparing deals and offers when acquiring products or services and actively selecting appropriate insurance products.",ESCO v1.2.0 / API-ready,0.78,auto_generated_review,esco_auto_expansion_500_review_needed
SK255,K02,"Business, Finance, and Office Administration",Office Administration and Clerical Support,Supervise medical office support workers,Supervise the work of office support workers in the medical field such as medical receptionists and support them in any administrative related business.,4110,General Office Clerks,4110,supervise medical office support workers,"Supervise medical office support workers; supervise medical office support workers; supervise medical office administration employees; supervise medical office administration workers; oversee medical office support workers; manage medical office support workers; Office Administration and Clerical Support; Business, Finance, and Office Administration",http://data.europa.eu/esco/skill/056f3e1e-ba27-4498-9fd1-c22ae04dbf3a,supervise medical office support workers,supervise medical office administration employees; supervise medical office administration workers; oversee medical office support workers; manage medical office support workers,Supervise the work of office support workers in the medical field such as medical receptionists and support them in any administrative related business.,ESCO v1.2.0 / API-ready,0.78,auto_generated_review,esco_auto_expansion_500_review_needed
SK256,K02,"Business, Finance, and Office Administration","Finance, Accounting, and Bookkeeping",International financial reporting standards,The set of accounting standards and rules aimed at companies listed in the stock exchange which are required to publish and disclose their financial statements.,3313,Accounting Associate Professionals,3313,international financial reporting standards,"International financial reporting standards; international financial reporting standards; international accounting reporting standards; international financial reporting guidelines; international finance reporting standards; international financial reporting standard; reporting standards for international finance; Finance, Accounting, and Bookkeeping; Business, Finance, and Office Administration",http://data.europa.eu/esco/skill/4a855abe-ac5b-4e95-ac10-3c1adceeee28,international financial reporting standards,international accounting reporting standards; international financial reporting guidelines; international finance reporting standards; international financial reporting standard; reporting standards for international finance,The set of accounting standards and rules aimed at companies listed in the stock exchange which are required to publish and disclose their financial statements.,ESCO v1.2.0 / API-ready,0.78,auto_generated_review,esco_auto_expansion_500_review_needed
SK257,K02,"Business, Finance, and Office Administration",Management and Organizational Operations,Coordinate activities in audio recording studio,Monitor the daily operations in a audio recording studio. Make sure that persons involved in recording studio activities can produce the desired quality of sound according to customer specifications. Ensure the material is maintained and available.,1219,Business Services and Administration Managers,1219,coordinate activities in audio recording studio,"Coordinate activities in audio recording studio; coordinate activities in audio recording studio; give direction in audio recording studio; Management and Organizational Operations; Business, Finance, and Office Administration",http://data.europa.eu/esco/skill/a3df9f73-7d84-4f3b-8581-fcdc5b02db3f,coordinate activities in audio recording studio,give direction in audio recording studio,Monitor the daily operations in a audio recording studio. Make sure that persons involved in recording studio activities can produce the desired quality of sound according to customer specifications. Ensure the material is maintained and available.,ESCO v1.2.0 / API-ready,0.78,auto_generated_review,esco_auto_expansion_500_review_needed
SK258,K02,"Business, Finance, and Office Administration","Finance, Accounting, and Bookkeeping",Support social service users to manage their financial affairs,Work with individuals to access information and advice about their financial affairs and support them to manage and monitor their finances.,3313,Accounting Associate Professionals,3313,support social service users to manage their financial affairs,"Support social service users to manage their financial affairs; support social service users to manage their financial affairs; advise social service users on budgetary issues; support a social service user to manage their financial affairs; support a social service user to manage his/her financial affairs; support social service users to manage their finances; support health care users in managing their financial affairs; Finance, Accounting, and Bookkeeping; Business, Finance, and Office Administration",http://data.europa.eu/esco/skill/65556efb-13d5-48bc-8e53-96f7a3379749,support social service users to manage their financial affairs,advise social service users on budgetary issues; support a social service user to manage their financial affairs; support a social service user to manage his/her financial affairs; support social service users to manage their finances; support health care users in managing their financial affairs,Work with individuals to access information and advice about their financial affairs and support them to manage and monitor their finances.,ESCO v1.2.0 / API-ready,0.78,auto_generated_review,esco_auto_expansion_500_review_needed
SK259,K02,"Business, Finance, and Office Administration","Finance, Accounting, and Bookkeeping",Economics,"Economic principles and practices, financial and commodity markets, banking and the analysis of financial data.",3313,Accounting Associate Professionals,3313,economics,"Economics; economics; commodity markets; economic principles; financials; market economics; financial data; economic practices; banking; financial economics; Finance, Accounting, and Bookkeeping; Business, Finance, and Office Administration",http://data.europa.eu/esco/skill/88af9294-b697-4687-ae19-aefbb6234dfa,economics,commodity markets; economic principles; financials; market economics; financial data; economic practices; banking; financial economics,"Economic principles and practices, financial and commodity markets, banking and the analysis of financial data.",ESCO v1.2.0 / API-ready,0.78,auto_generated_review,esco_auto_expansion_500_review_needed
SK260,K02,"Business, Finance, and Office Administration","Finance, Accounting, and Bookkeeping",Accounting,The documentation and processing of data regarding financial activities.,3313,Accounting Associate Professionals,3313,accounting,"Accounting; accounting; bookkeeping; Finance, Accounting, and Bookkeeping; Business, Finance, and Office Administration",http://data.europa.eu/esco/skill/ecc18804-a466-40d9-98b4-fba5cd67dd4b,accounting,bookkeeping,The documentation and processing of data regarding financial activities.,ESCO v1.2.0 / API-ready,0.78,auto_generated_review,esco_auto_expansion_500_review_needed
SK261,K02,"Business, Finance, and Office Administration",Human Resources and Business Services,Manage staff,"Manage employees and subordinates, working in a team or individually, to maximise their performance and contribution. Schedule their work and activities, give instructions, motivate and direct the workers to meet the company objectives. Monitor and measure how an employee undertakes their responsibilities and how well these activities are executed. Identify areas for improvement and make suggestions to achieve this. Lead a group of people to help them achieve goals and maintain an effective working relationship among staff.",4416,Human Resources Clerks,4416,manage staff,"Manage staff; manage staff; supervise staff; coordinate and monitor employees; undertake HR processes; supervise personnel; implement HR actions; supervise employees; perform HR; conduct HR activities; Human Resources and Business Services; Business, Finance, and Office Administration",http://data.europa.eu/esco/skill/339ac029-066a-4985-9f9d-b3d7c8fea0bb,manage staff,supervise staff; coordinate and monitor employees; undertake HR processes; supervise personnel; implement HR actions; supervise employees; perform HR; conduct HR activities,"Manage employees and subordinates, working in a team or individually, to maximise their performance and contribution. Schedule their work and activities, give instructions, motivate and direct the workers to meet the company objectives. Monitor and measure how an employee undertakes their responsibilities and how well these activities are executed. Identify areas for improvement and make suggestions to achieve this. Lead a group of people to help them achieve goals and maintain an effective working relationship among staff.",ESCO v1.2.0 / API-ready,0.78,auto_generated_review,esco_auto_expansion_500_review_needed
SK262,K03,"Sales, Marketing, and Customer Relations",Marketing and Public Relations,Plan social media marketing campaigns,Plan and implement a marketing campaign on social media.,2431,Advertising and Marketing Professionals,2431,plan social media marketing campaigns,"Plan social media marketing campaigns; plan social media marketing campaigns; organise digital campaigns; organise social media marketing campaigns; Marketing and Public Relations; Sales, Marketing, and Customer Relations",http://data.europa.eu/esco/skill/74cb80c4-df6b-4d79-a153-cb7b3b3b6eb0,plan social media marketing campaigns,organise digital campaigns; organise social media marketing campaigns,Plan and implement a marketing campaign on social media.,ESCO v1.2.0 / API-ready,0.78,auto_generated_review,esco_auto_expansion_500_review_needed
SK263,K03,"Sales, Marketing, and Customer Relations",Marketing and Public Relations,Plan digital marketing,"Develop digital marketing strategies for both leisure and business purposes, create websites and deal with mobile technology and social networking.",2431,Advertising and Marketing Professionals,2431,plan digital marketing,"Plan digital marketing; plan digital marketing; develop digital marketing strategies; plan marketing digitally; manage internet advertising; Marketing and Public Relations; Sales, Marketing, and Customer Relations",http://data.europa.eu/esco/skill/736ef286-fbd3-4e5c-a4b4-d1e2008c9898,plan digital marketing,develop digital marketing strategies; plan marketing digitally; manage internet advertising,"Develop digital marketing strategies for both leisure and business purposes, create websites and deal with mobile technology and social networking.",ESCO v1.2.0 / API-ready,0.78,auto_generated_review,esco_auto_expansion_500_review_needed
SK264,K03,"Sales, Marketing, and Customer Relations",Marketing and Public Relations,Execute email marketing,"Conceptualise and write targeted customer emails, manage customer emails for the brand email marketing programmes in order to ensure enhanced profit and improved customer communication and prospection.",2431,Advertising and Marketing Professionals,2431,execute email marketing,"Execute email marketing; execute email marketing; enact email marketing; email marketing execution; undertake email marketing; achieve email marketing; carry out email marketing; executing email marketing; execution of email marketing; Marketing and Public Relations; Sales, Marketing, and Customer Relations",http://data.europa.eu/esco/skill/36931cb7-ca3f-4be1-8428-f38eefc8e1ed,execute email marketing,enact email marketing; email marketing execution; undertake email marketing; achieve email marketing; carry out email marketing; executing email marketing; execution of email marketing,"Conceptualise and write targeted customer emails, manage customer emails for the brand email marketing programmes in order to ensure enhanced profit and improved customer communication and prospection.",ESCO v1.2.0 / API-ready,0.78,auto_generated_review,esco_auto_expansion_500_review_needed
SK265,K03,"Sales, Marketing, and Customer Relations",Marketing and Public Relations,Content marketing strategy,The process of creation and share of media and publishing content in order to acquire customers.,2431,Advertising and Marketing Professionals,2431,content marketing strategy,"Content marketing strategy; content marketing strategy; content marketing plan; content marketing proposal; content marketing blueprint; content marketing strategies; a contents marketing strategy; contents marketing strategy; Marketing and Public Relations; Sales, Marketing, and Customer Relations",http://data.europa.eu/esco/skill/b0560439-14eb-41d1-aa53-1938efc24123,content marketing strategy,content marketing plan; content marketing proposal; content marketing blueprint; content marketing strategies; a contents marketing strategy; contents marketing strategy,The process of creation and share of media and publishing content in order to acquire customers.,ESCO v1.2.0 / API-ready,0.78,auto_generated_review,esco_auto_expansion_500_review_needed
SK266,K03,"Sales, Marketing, and Customer Relations",Marketing and Public Relations,Apply social media marketing,"Employ website traffic of social media such as Facebook and Twitter to generate attention and participation of existing and potential customers through discussion forums, web logs, microblogging and social communities for gaining a quick overview or insight into topics and opinions in the social web and handle inbound leads or inquiries.",2431,Advertising and Marketing Professionals,2431,apply social media marketing,"Apply social media marketing; apply social media marketing; administer social media marketing; social media marketing application; implement social media marketing; application of social media marketing; utilise social media marketing; employ social media marketing; applying social media marketing; Marketing and Public Relations; Sales, Marketing, and Customer Relations",http://data.europa.eu/esco/skill/64e09849-a7db-4d6b-a932-66264420eb97,apply social media marketing,administer social media marketing; social media marketing application; implement social media marketing; application of social media marketing; utilise social media marketing; employ social media marketing; applying social media marketing,"Employ website traffic of social media such as Facebook and Twitter to generate attention and participation of existing and potential customers through discussion forums, web logs, microblogging and social communities for gaining a quick overview or insight into topics and opinions in the social web and handle inbound leads or inquiries.",ESCO v1.2.0 / API-ready,0.78,auto_generated_review,esco_auto_expansion_500_review_needed
SK267,K03,"Sales, Marketing, and Customer Relations",Customer Service and Client Information,Analyse call centre activities,"Research data such as call time, waiting time for customers and review company targets to seek measures to improve service level and customer satisfaction.",4222,Contact Centre Information Clerks,4222,analyse call centre activities,"Analyse call centre activities; analyse call centre activities; analyze call center activities; analyse call centre activity; investigate call centre activities; analysing call centre activities; scrutinise call centre activities; analysis of call centre activities; search call centre activities; test call centre activities; Customer Service and Client Information; Sales, Marketing, and Customer Relations",http://data.europa.eu/esco/skill/3bb6f78f-24f3-4799-b247-91a0c4bf5d81,analyse call centre activities,analyze call center activities; analyse call centre activity; investigate call centre activities; analysing call centre activities; scrutinise call centre activities; analysis of call centre activities; search call centre activities; test call centre activities,"Research data such as call time, waiting time for customers and review company targets to seek measures to improve service level and customer satisfaction.",ESCO v1.2.0 / API-ready,0.78,auto_generated_review,esco_auto_expansion_500_review_needed
SK268,K03,"Sales, Marketing, and Customer Relations",Marketing and Public Relations,Social media marketing techniques,The marketing methods and strategies used to increase attention and website traffic through social media channels.,2431,Advertising and Marketing Professionals,2431,social media marketing techniques,"Social media marketing techniques; social media marketing techniques; strategies for social media platforms; social media marketing strategies; strategies for social media marketing; Marketing and Public Relations; Sales, Marketing, and Customer Relations",http://data.europa.eu/esco/skill/509909a2-4a8f-4ead-8ad0-968df63b77cc,social media marketing techniques,strategies for social media platforms; social media marketing strategies; strategies for social media marketing,The marketing methods and strategies used to increase attention and website traffic through social media channels.,ESCO v1.2.0 / API-ready,0.78,auto_generated_review,esco_auto_expansion_500_review_needed
SK269,K03,"Sales, Marketing, and Customer Relations",Marketing and Public Relations,Plan event marketing for promotional campaigns,"Design and direct event marketing for promotional campaigns. This involves face-to-face contact between companies and customers at a wide range of events, which engages them in a participatory position and provides them with information about a specific product or service.",2431,Advertising and Marketing Professionals,2431,plan event marketing for promotional campaigns,"Plan event marketing for promotional campaigns; plan event marketing for promotional campaigns; set up event marketing for promotional campaigns; planning event marketing for promotional campaigns; plan event marketing for a promotional campaign; plan an event marketing for promotional campaigns; arrange event marketing for promotional campaigns; timetable event marketing for promotional campaigns; implement event marketing for promotional campaigns; Marketing and Public Relations; Sales, Marketing, and Customer Relations",http://data.europa.eu/esco/skill/f23f2b11-5bd8-422f-a669-a96a03d0eb4d,plan event marketing for promotional campaigns,set up event marketing for promotional campaigns; planning event marketing for promotional campaigns; plan event marketing for a promotional campaign; plan an event marketing for promotional campaigns; arrange event marketing for promotional campaigns; timetable event marketing for promotional campaigns; implement event marketing for promotional campaigns,"Design and direct event marketing for promotional campaigns. This involves face-to-face contact between companies and customers at a wide range of events, which engages them in a participatory position and provides them with information about a specific product or service.",ESCO v1.2.0 / API-ready,0.78,auto_generated_review,esco_auto_expansion_500_review_needed
SK270,K03,"Sales, Marketing, and Customer Relations",Marketing and Public Relations,Services marketing,The set of marketing activities for businesses that provide services to improve brand awareness and raise sales. It focuses on intangible commodities.,2431,Advertising and Marketing Professionals,2431,services marketing,"Services marketing; services marketing; email marketing services; services marketing strategies; Marketing and Public Relations; Sales, Marketing, and Customer Relations",http://data.europa.eu/esco/skill/49d81d86-e748-4181-84e9-106173058081,services marketing,email marketing services; services marketing strategies,The set of marketing activities for businesses that provide services to improve brand awareness and raise sales. It focuses on intangible commodities.,ESCO v1.2.0 / API-ready,0.78,auto_generated_review,esco_auto_expansion_500_review_needed
SK271,K03,"Sales, Marketing, and Customer Relations",Marketing and Public Relations,Plan marketing campaigns,"Develop a method to promote a product through different channels, such as television, radio, print and online platforms, social media with the aim to communicate and deliver value to customers.",2431,Advertising and Marketing Professionals,2431,plan marketing campaigns,"Plan marketing campaigns; plan marketing campaigns; planning marketing campaigns; planning a marketing campaign; implement marketing campaign; set up marketing campaign; timetable marketing campaign; arrange marketing campaign; plan marketing campaign; plan a marketing campaign; Marketing and Public Relations; Sales, Marketing, and Customer Relations",http://data.europa.eu/esco/skill/9c6e951f-aa88-4890-983d-e7a6ee49f5bb,plan marketing campaigns,planning marketing campaigns; planning a marketing campaign; implement marketing campaign; set up marketing campaign; timetable marketing campaign; arrange marketing campaign; plan marketing campaign; plan a marketing campaign,"Develop a method to promote a product through different channels, such as television, radio, print and online platforms, social media with the aim to communicate and deliver value to customers.",ESCO v1.2.0 / API-ready,0.78,auto_generated_review,esco_auto_expansion_500_review_needed
SK272,K03,"Sales, Marketing, and Customer Relations",Marketing and Public Relations,Perform market research in footwear,"Perform market research on the company’s customers, selecting and applying the right marketing strategies for footwear industry. Apply the mix of marketing (product, prices, promotion, and distribution) to contextual conditions of the company. Forecast how various factors as environment, technological innovation, buying behaviour etc. influence the marketing and merchandising of the footwear produced by the company.",2431,Advertising and Marketing Professionals,2431,perform market research in footwear,"Perform market research in footwear; perform market research in footwear; carry out market research in footwear industry; footwear market research; perform forecasting and market research; perform forecasting and market research in footwear; perform market research in footwear industry; carry out footwear market research; carry out market research in footwear; Marketing and Public Relations; Sales, Marketing, and Customer Relations",http://data.europa.eu/esco/skill/264f48f3-7d00-4ecc-9ba7-d472b5b4f1d7,perform market research in footwear,carry out market research in footwear industry; footwear market research; perform forecasting and market research; perform forecasting and market research in footwear; perform market research in footwear industry; carry out footwear market research; carry out market research in footwear,"Perform market research on the company’s customers, selecting and applying the right marketing strategies for footwear industry. Apply the mix of marketing (product, prices, promotion, and distribution) to contextual conditions of the company. Forecast how various factors as environment, technological innovation, buying behaviour etc. influence the marketing and merchandising of the footwear produced by the company.",ESCO v1.2.0 / API-ready,0.78,auto_generated_review,esco_auto_expansion_500_review_needed
SK273,K03,"Sales, Marketing, and Customer Relations",Marketing and Public Relations,Build a strategic marketing plan for destination management,"Create a framework and general direction for marketing activities surrounding a tourist destination. This includes market research, brand development, advertising and promotion, distribution and sales.",2431,Advertising and Marketing Professionals,2431,build a strategic marketing plan for destination management,"Build a strategic marketing plan for destination management; build a strategic marketing plan for destination management; create a strategic marketing business plan; build a marketing strategy plan for destination management; build a strategic marketing plan to manage destinations; create a business framework for a tourist destination; Marketing and Public Relations; Sales, Marketing, and Customer Relations",http://data.europa.eu/esco/skill/f7373df6-e5c5-4390-aa67-a48bddc5c1e6,build a strategic marketing plan for destination management,create a strategic marketing business plan; build a marketing strategy plan for destination management; build a strategic marketing plan to manage destinations; create a business framework for a tourist destination,"Create a framework and general direction for marketing activities surrounding a tourist destination. This includes market research, brand development, advertising and promotion, distribution and sales.",ESCO v1.2.0 / API-ready,0.78,auto_generated_review,esco_auto_expansion_500_review_needed
SK274,K03,"Sales, Marketing, and Customer Relations",Marketing and Public Relations,Channel marketing,"The strategies and practices, including channel sales, that involve distributing products directly and indirectly through partners in order to bring the products to the end consumer.",2431,Advertising and Marketing Professionals,2431,channel marketing,"Channel marketing; channel marketing; marketing a channel; market a channel; channel advertising; channel placing; channel promotion; marketing channels; Marketing and Public Relations; Sales, Marketing, and Customer Relations",http://data.europa.eu/esco/skill/9af252ce-bf4d-411b-8daa-beb91df4257d,channel marketing,marketing a channel; market a channel; channel advertising; channel placing; channel promotion; marketing channels,"The strategies and practices, including channel sales, that involve distributing products directly and indirectly through partners in order to bring the products to the end consumer.",ESCO v1.2.0 / API-ready,0.78,auto_generated_review,esco_auto_expansion_500_review_needed
SK275,K03,"Sales, Marketing, and Customer Relations",Marketing and Public Relations,Advise on public relations,"Advise business or public organisations on public relations management and strategies in order to ensure efficient communication with target audiences, and proper conveying of information.",2431,Advertising and Marketing Professionals,2431,advise on public relations,"Advise on public relations; advise on public relations; recommend a marketing strategy; help with a marketing strategy; commend a marketing strategy; recommend public relations; instruct on a marketing strategy; help with public relations; instruct on public relations; commend public relations; Marketing and Public Relations; Sales, Marketing, and Customer Relations",http://data.europa.eu/esco/skill/2691f4d8-d090-423f-afd7-9e721f562e8d,advise on public relations,recommend a marketing strategy; help with a marketing strategy; commend a marketing strategy; recommend public relations; instruct on a marketing strategy; help with public relations; instruct on public relations; commend public relations,"Advise business or public organisations on public relations management and strategies in order to ensure efficient communication with target audiences, and proper conveying of information.",ESCO v1.2.0 / API-ready,0.78,auto_generated_review,esco_auto_expansion_500_review_needed
SK276,K03,"Sales, Marketing, and Customer Relations",Customer Service and Client Information,Customer relationship management,"The customer-oriented management approach and basic principles of successful customer relations that focus on interactions with customers such as technical support, customer services, after-sales support and direct communication with the customer.",4222,Contact Centre Information Clerks,4222,customer relationship management,"Customer relationship management; customer relationship management; customers relationship management; management of customer relationship; CRM; customer-oriented management; Customer Service and Client Information; Sales, Marketing, and Customer Relations",http://data.europa.eu/esco/skill/dc9a236c-c640-43c3-812f-269403591edb,customer relationship management,customers relationship management; management of customer relationship; CRM; customer-oriented management,"The customer-oriented management approach and basic principles of successful customer relations that focus on interactions with customers such as technical support, customer services, after-sales support and direct communication with the customer.",ESCO v1.2.0 / API-ready,0.78,auto_generated_review,esco_auto_expansion_500_review_needed
SK277,K03,"Sales, Marketing, and Customer Relations",Customer Service and Client Information,Provide fitness customer service,"Welcome clients/members, keep records and bookings of their activities, and direct them to other fitness instructors for technical assistance or to appropriate members of staff for guidance and support.",4222,Contact Centre Information Clerks,4222,provide fitness customer service,"Provide fitness customer service; provide fitness customer service; provide fitness customer care; offer customer services to fitness clients; providing fitness customer service; provide customer fitness service; Customer Service and Client Information; Sales, Marketing, and Customer Relations",http://data.europa.eu/esco/skill/b711fd4d-0b1a-4e08-ae16-339bb2430ffd,provide fitness customer service,provide fitness customer care; offer customer services to fitness clients; providing fitness customer service; provide customer fitness service,"Welcome clients/members, keep records and bookings of their activities, and direct them to other fitness instructors for technical assistance or to appropriate members of staff for guidance and support.",ESCO v1.2.0 / API-ready,0.78,auto_generated_review,esco_auto_expansion_500_review_needed
SK278,K03,"Sales, Marketing, and Customer Relations",Marketing and Public Relations,Media planning,"The process of selecting the best media to reach marketing and advertising strategy objectives in order to promote a client's product or service. This process encompasses research on target audiences, frequency of advertisements, budgets and media platforms.",2431,Advertising and Marketing Professionals,2431,media planning,"Media planning; media planning; media plans; media management; Marketing and Public Relations; Sales, Marketing, and Customer Relations",http://data.europa.eu/esco/skill/e8f602f8-b98b-4071-b088-c65e016cdf98,media planning,media plans; media management,"The process of selecting the best media to reach marketing and advertising strategy objectives in order to promote a client's product or service. This process encompasses research on target audiences, frequency of advertisements, budgets and media platforms.",ESCO v1.2.0 / API-ready,0.78,auto_generated_review,esco_auto_expansion_500_review_needed
SK279,K03,"Sales, Marketing, and Customer Relations",Marketing and Public Relations,Market analysis,The field of market analysis and research and its particular research methods.,2431,Advertising and Marketing Professionals,2431,market analysis,"Market analysis; market analysis; market research; market studies; marketing analysis; analysis of the market; Marketing and Public Relations; Sales, Marketing, and Customer Relations",http://data.europa.eu/esco/skill/b011c8b4-76e1-4bbc-8bb9-1d205e7b618a,market analysis,market research; market studies; marketing analysis; analysis of the market,The field of market analysis and research and its particular research methods.,ESCO v1.2.0 / API-ready,0.78,auto_generated_review,esco_auto_expansion_500_review_needed
SK280,K03,"Sales, Marketing, and Customer Relations",Marketing and Public Relations,Create media plan,"Determine how, where and when advertisments will be distributed in various media. Decide on consumer target group, area and marketing objectives in order to choose the media platform for advertising.",2431,Advertising and Marketing Professionals,2431,create media plan,"Create media plan; create media plan; develop media plan; come up with media plan; create media plans; make media plan; creating media plan; Marketing and Public Relations; Sales, Marketing, and Customer Relations",http://data.europa.eu/esco/skill/67f21527-ca9d-4c76-8571-3cf74e3ce979,create media plan,develop media plan; come up with media plan; create media plans; make media plan; creating media plan,"Determine how, where and when advertisments will be distributed in various media. Decide on consumer target group, area and marketing objectives in order to choose the media platform for advertising.",ESCO v1.2.0 / API-ready,0.78,auto_generated_review,esco_auto_expansion_500_review_needed
SK281,K03,"Sales, Marketing, and Customer Relations",Marketing and Public Relations,Marketing management,"The academic discipline and function in an organisation which focuses on the market research, market development, and the creation of marketing campaigns to raise awareness on the company's services and products.",2431,Advertising and Marketing Professionals,2431,marketing management,"Marketing management; marketing management; marketing administration; make business decisions; making strategic business decisions; make strategic business decision; Marketing and Public Relations; Sales, Marketing, and Customer Relations",http://data.europa.eu/esco/skill/5bbaa0e6-0fd7-4df2-9db7-34f78b40dc34,marketing management,marketing administration; make business decisions; making strategic business decisions; make strategic business decision,"The academic discipline and function in an organisation which focuses on the market research, market development, and the creation of marketing campaigns to raise awareness on the company's services and products.",ESCO v1.2.0 / API-ready,0.78,auto_generated_review,esco_auto_expansion_500_review_needed
SK282,K03,"Sales, Marketing, and Customer Relations",Marketing and Public Relations,Perform market research,"Gather, assess and represent data about target market and customers in order to facilitate strategic development and feasibility studies. Identify market trends.",2431,Advertising and Marketing Professionals,2431,perform market research,"Perform market research; perform market research; complete market research; performing market research; implement market research; market research performance; undertake market research; Marketing and Public Relations; Sales, Marketing, and Customer Relations",http://data.europa.eu/esco/skill/fe39d4db-4cb5-4299-bb9f-896c8fd6ab13,perform market research,complete market research; performing market research; implement market research; market research performance; undertake market research,"Gather, assess and represent data about target market and customers in order to facilitate strategic development and feasibility studies. Identify market trends.",ESCO v1.2.0 / API-ready,0.78,auto_generated_review,esco_auto_expansion_500_review_needed
SK283,K03,"Sales, Marketing, and Customer Relations",Marketing and Public Relations,Brand marketing techniques,The methods and systems used in researching and establishing a brand identity for marketing purposes.,2431,Advertising and Marketing Professionals,2431,brand marketing techniques,"Brand marketing techniques; brand marketing techniques; brand marketing technique; brand marketing skills; marketing technique brand; brand marketing methods; brand marketing approaches; a brand marketing technique; brand marketing performance; Marketing and Public Relations; Sales, Marketing, and Customer Relations",http://data.europa.eu/esco/skill/9242ad54-dc3d-41b3-9cfe-142fa8582511,brand marketing techniques,brand marketing technique; brand marketing skills; marketing technique brand; brand marketing methods; brand marketing approaches; a brand marketing technique; brand marketing performance,The methods and systems used in researching and establishing a brand identity for marketing purposes.,ESCO v1.2.0 / API-ready,0.78,auto_generated_review,esco_auto_expansion_500_review_needed
SK284,K03,"Sales, Marketing, and Customer Relations",Marketing and Public Relations,Marketing department processes,"The different processes, duties, jargon, role in an organisation, and other specificities of the marketing department within an organisation such as market research, marketing strategies, and advertising processes.",2431,Advertising and Marketing Professionals,2431,marketing department processes,"Marketing department processes; marketing department processes; marketing department procedures; marketing processes; marketing department methods; marketing department process; Marketing and Public Relations; Sales, Marketing, and Customer Relations",http://data.europa.eu/esco/skill/84605f91-5ab4-4965-a1ad-cdc1901a820d,marketing department processes,marketing department procedures; marketing processes; marketing department methods; marketing department process,"The different processes, duties, jargon, role in an organisation, and other specificities of the marketing department within an organisation such as market research, marketing strategies, and advertising processes.",ESCO v1.2.0 / API-ready,0.78,auto_generated_review,esco_auto_expansion_500_review_needed
SK285,K03,"Sales, Marketing, and Customer Relations",Marketing and Public Relations,Prepare market research reports,"Report on the outcomes of the market research, main observations and outcomes, and notes helpful for analysing the information.",2431,Advertising and Marketing Professionals,2431,prepare market research reports,"Prepare market research reports; prepare market research reports; prepare reports from market research; create market research reports; get market research reports ready; write up market research reports; prepare market research report; preparing market research reports; Marketing and Public Relations; Sales, Marketing, and Customer Relations",http://data.europa.eu/esco/skill/fd843a67-4662-4682-9c7e-b4d794eaff12,prepare market research reports,prepare reports from market research; create market research reports; get market research reports ready; write up market research reports; prepare market research report; preparing market research reports,"Report on the outcomes of the market research, main observations and outcomes, and notes helpful for analysing the information.",ESCO v1.2.0 / API-ready,0.78,auto_generated_review,esco_auto_expansion_500_review_needed
SK286,K03,"Sales, Marketing, and Customer Relations",Marketing and Public Relations,Perform property market research,"Research properties in order to assess their usefulness for real estate activities, using various methods such as media research and visitation of properties, and identify the potential profitability in the development and trading of the property.",2431,Advertising and Marketing Professionals,2431,perform property market research,"Perform property market research; perform property market research; perform land market research; perform estate market research; perform house market research; implement property market research; Marketing and Public Relations; Sales, Marketing, and Customer Relations",http://data.europa.eu/esco/skill/e77cbe19-1830-4c24-b43e-38767929e75a,perform property market research,perform land market research; perform estate market research; perform house market research; implement property market research,"Research properties in order to assess their usefulness for real estate activities, using various methods such as media research and visitation of properties, and identify the potential profitability in the development and trading of the property.",ESCO v1.2.0 / API-ready,0.78,auto_generated_review,esco_auto_expansion_500_review_needed
SK287,K03,"Sales, Marketing, and Customer Relations",Marketing and Public Relations,Conduct jewellery market research,"Conduct market research in order to identify which types of jewellery items are popular at a specific time: earrings, rings, neckwear, wrist wear, etc.",2431,Advertising and Marketing Professionals,2431,conduct jewellery market research,"Conduct jewellery market research; conduct jewellery market research; conduct a jewellery market research; undertake jewellery market research; conducting jewellery market research; manage jewellery market research; organise jewellery market research; conduct jewelry market research; carry out jewellery market research; conducting a jewellery market research; Marketing and Public Relations; Sales, Marketing, and Customer Relations",http://data.europa.eu/esco/skill/ac1b8a18-d6d0-4116-8191-93db991b3902,conduct jewellery market research,conduct a jewellery market research; undertake jewellery market research; conducting jewellery market research; manage jewellery market research; organise jewellery market research; conduct jewelry market research; carry out jewellery market research; conducting a jewellery market research,"Conduct market research in order to identify which types of jewellery items are popular at a specific time: earrings, rings, neckwear, wrist wear, etc.",ESCO v1.2.0 / API-ready,0.78,auto_generated_review,esco_auto_expansion_500_review_needed
SK288,K03,"Sales, Marketing, and Customer Relations",Marketing and Public Relations,Assist in developing marketing campaigns,"Provide assistance and support in all the efforts and actions required to implement a marketing campaign such as contacting advertisers, preparing briefings, setting up meetings, and shopping around for suppliers.",2431,Advertising and Marketing Professionals,2431,assist in developing marketing campaigns,"Assist in developing marketing campaigns; assist in developing marketing campaigns; assist in the practical actions for developing marketing campaign; assist in the practical actions for marketing campaigns development; help in the practical actions for developing marketing campaigns; assisting in the practical actions for developing marketing campaigns; aid in the practical actions for developing marketing campaigns; assist in the practical actions for developing marketing campaigns; Marketing and Public Relations; Sales, Marketing, and Customer Relations",http://data.europa.eu/esco/skill/22c3b4ff-e2e0-4b40-8f3d-17788c0df295,assist in developing marketing campaigns,assist in the practical actions for developing marketing campaign; assist in the practical actions for marketing campaigns development; help in the practical actions for developing marketing campaigns; assisting in the practical actions for developing marketing campaigns; aid in the practical actions for developing marketing campaigns; assist in the practical actions for developing marketing campaigns,"Provide assistance and support in all the efforts and actions required to implement a marketing campaign such as contacting advertisers, preparing briefings, setting up meetings, and shopping around for suppliers.",ESCO v1.2.0 / API-ready,0.78,auto_generated_review,esco_auto_expansion_500_review_needed
SK289,K03,"Sales, Marketing, and Customer Relations",Marketing and Public Relations,Draw conclusions from market research results,"Analyse, draw conclusions and present major observations from the results of market research. Suggest on potential markets, prices, target groups, or investments.",2431,Advertising and Marketing Professionals,2431,draw conclusions from market research results,"Draw conclusions from market research results; draw conclusions from market research results; drawing conclusions from market research results; draw conclusions from market research findings; interpret market research results; draw conclusion from market research results; draw conclusions from market research result; draw market research results conclusions; draw market research conclusions; Marketing and Public Relations; Sales, Marketing, and Customer Relations",http://data.europa.eu/esco/skill/46cb7282-7fb0-4d3c-b6b8-bfe81fab077e,draw conclusions from market research results,drawing conclusions from market research results; draw conclusions from market research findings; interpret market research results; draw conclusion from market research results; draw conclusions from market research result; draw market research results conclusions; draw market research conclusions,"Analyse, draw conclusions and present major observations from the results of market research. Suggest on potential markets, prices, target groups, or investments.",ESCO v1.2.0 / API-ready,0.78,auto_generated_review,esco_auto_expansion_500_review_needed
SK290,K03,"Sales, Marketing, and Customer Relations",Marketing and Public Relations,Mobile marketing,"The study of marketing which uses mobile devices as a communication channel. This approach can provide potential customers with personalised information (using location or time context) which promotes products, services or ideas.",2431,Advertising and Marketing Professionals,2431,mobile marketing,"Mobile marketing; mobile marketing; mobile devices marketing; wireless marketing; cell phone marketing; product promotion via mobile devices; Marketing and Public Relations; Sales, Marketing, and Customer Relations",http://data.europa.eu/esco/skill/ef069fe6-305b-4452-8f7d-0c572e98effc,mobile marketing,mobile devices marketing; wireless marketing; cell phone marketing; product promotion via mobile devices,"The study of marketing which uses mobile devices as a communication channel. This approach can provide potential customers with personalised information (using location or time context) which promotes products, services or ideas.",ESCO v1.2.0 / API-ready,0.78,auto_generated_review,esco_auto_expansion_500_review_needed
SK291,K03,"Sales, Marketing, and Customer Relations",Sales and Retail,ICT sales methodologies,"The practices used in the ICT sector to promote and sell products, services or applications such as SPIN Selling, Conceptual Selling and SNAP Selling.",5223,Shop Sales Assistants,5223,ICT sales methodologies,"ICT sales methodologies; ICT sales methodologies; ICT sales techniques; Sales and Retail; Sales, Marketing, and Customer Relations",http://data.europa.eu/esco/skill/628664ec-a63b-4486-8d65-02aba81c82a0,ICT sales methodologies,ICT sales techniques,"The practices used in the ICT sector to promote and sell products, services or applications such as SPIN Selling, Conceptual Selling and SNAP Selling.",ESCO v1.2.0 / API-ready,0.78,auto_generated_review,esco_auto_expansion_500_review_needed
SK292,K03,"Sales, Marketing, and Customer Relations",Marketing and Public Relations,Conduct mobile marketing,Conduct mobile marketing using a mobile device e.g. tablet or smartphone. Gather personalised information and transfer it to customers in order to promote services or goods.,2431,Advertising and Marketing Professionals,2431,conduct mobile marketing,"Conduct mobile marketing; conduct mobile marketing; organise mobile marketing; conduct cell phone marketing; mobile marketing conducting; manage mobile marketing; undertake mobile marketing; carry out mobile marketing; conducting mobile marketing; conduct mobile marketing campaign; Marketing and Public Relations; Sales, Marketing, and Customer Relations",http://data.europa.eu/esco/skill/ed392b45-1087-44a7-89a9-d514224639ff,conduct mobile marketing,organise mobile marketing; conduct cell phone marketing; mobile marketing conducting; manage mobile marketing; undertake mobile marketing; carry out mobile marketing; conducting mobile marketing; conduct mobile marketing campaign,Conduct mobile marketing using a mobile device e.g. tablet or smartphone. Gather personalised information and transfer it to customers in order to promote services or goods.,ESCO v1.2.0 / API-ready,0.78,auto_generated_review,esco_auto_expansion_500_review_needed
SK293,K03,"Sales, Marketing, and Customer Relations",Customer Service and Client Information,Ensure client orientation,"Take actions which support business activities by considering client needs and satisfaction. This involves understanding what customers want, providing advices, selling products and services or processing complaints, while adopting a positive attitude.",4222,Contact Centre Information Clerks,4222,ensure client orientation,"Ensure client orientation; ensure client orientation; be friendly with customers; enable customer focus; demonstrate customer orientation; ensure customer orientation; demonstrate service-oriented attitude; enjoy dealing with customers; assure client orientation; ensuring client orientation; Customer Service and Client Information; Sales, Marketing, and Customer Relations",http://data.europa.eu/esco/skill/b7c8f418-08d5-45d6-b697-ab26c6ecbfb4,ensure client orientation,be friendly with customers; enable customer focus; demonstrate customer orientation; ensure customer orientation; demonstrate service-oriented attitude; enjoy dealing with customers; assure client orientation; ensuring client orientation,"Take actions which support business activities by considering client needs and satisfaction. This involves understanding what customers want, providing advices, selling products and services or processing complaints, while adopting a positive attitude.",ESCO v1.2.0 / API-ready,0.78,auto_generated_review,esco_auto_expansion_500_review_needed
SK294,K03,"Sales, Marketing, and Customer Relations",Customer Service and Client Information,Maintain customer service,Keep the highest possible customer service and make sure that the customer service is at all times performed in a professional way. Help customers or participants feel at ease and support special requirements.,4222,Contact Centre Information Clerks,4222,maintain customer service,"Maintain customer service; maintain customer service; maintain serving customers; maintain service of customers; maintain guest care; provide customer service; provide guest support services; maintain guest service; ensure professional service; Customer Service and Client Information; Sales, Marketing, and Customer Relations",http://data.europa.eu/esco/skill/75dfe1ee-5935-42ce-b820-697f827825c3,maintain customer service,maintain serving customers; maintain service of customers; maintain guest care; provide customer service; provide guest support services; maintain guest service; ensure professional service,Keep the highest possible customer service and make sure that the customer service is at all times performed in a professional way. Help customers or participants feel at ease and support special requirements.,ESCO v1.2.0 / API-ready,0.78,auto_generated_review,esco_auto_expansion_500_review_needed
SK295,K03,"Sales, Marketing, and Customer Relations",Customer Service and Client Information,Communicate with customers,"Respond to and communicate with customers in the most efficient and appropriate manner to enable them to access the desired products or services, or any other help they may require.",4222,Contact Centre Information Clerks,4222,communicate with customers,"Communicate with customers; communicate with customers; provide customer service; supply customer service; respond to customer requests; respond to customers; engage with customers; help customers; assist customers; talk with customers; Customer Service and Client Information; Sales, Marketing, and Customer Relations",http://data.europa.eu/esco/skill/0da516ee-e70e-4384-be13-f5ff80be8127,communicate with customers,provide customer service; supply customer service; respond to customer requests; respond to customers; engage with customers; help customers; assist customers; talk with customers,"Respond to and communicate with customers in the most efficient and appropriate manner to enable them to access the desired products or services, or any other help they may require.",ESCO v1.2.0 / API-ready,0.78,auto_generated_review,esco_auto_expansion_500_review_needed
SK296,K03,"Sales, Marketing, and Customer Relations",Customer Service and Client Information,Manage guest support services,Monitor guest services to ensure that clients have a positive feeling.,4222,Contact Centre Information Clerks,4222,manage guest support services,"Manage guest support services; manage guest support services; offer customer support; provide excellence in customer service; manage support services for guests; manage guests' support services; Customer Service and Client Information; Sales, Marketing, and Customer Relations",http://data.europa.eu/esco/skill/e782f412-4cb5-45f1-b5bc-15be441171aa,manage guest support services,offer customer support; provide excellence in customer service; manage support services for guests; manage guests' support services,Monitor guest services to ensure that clients have a positive feeling.,ESCO v1.2.0 / API-ready,0.78,auto_generated_review,esco_auto_expansion_500_review_needed
SK297,K03,"Sales, Marketing, and Customer Relations",Customer Service and Client Information,Guarantee customer satisfaction,"Handle customer expectations in a professional manner, anticipating and addressing their needs and desires. Provide flexible customer service to ensure customer satisfaction and loyalty.",4222,Contact Centre Information Clerks,4222,guarantee customer satisfaction,"Guarantee customer satisfaction; guarantee customer satisfaction; ensure customer satisfaction; promise customer satisfaction; customer satisfaction guarantee; assure customer satisfaction; guaranteeing customer satisfaction; provide customer satisfaction; Customer Service and Client Information; Sales, Marketing, and Customer Relations",http://data.europa.eu/esco/skill/00e53a0a-c0ba-4c9f-a2ed-4706d5832a00,guarantee customer satisfaction,ensure customer satisfaction; promise customer satisfaction; customer satisfaction guarantee; assure customer satisfaction; guaranteeing customer satisfaction; provide customer satisfaction,"Handle customer expectations in a professional manner, anticipating and addressing their needs and desires. Provide flexible customer service to ensure customer satisfaction and loyalty.",ESCO v1.2.0 / API-ready,0.78,auto_generated_review,esco_auto_expansion_500_review_needed
SK298,K03,"Sales, Marketing, and Customer Relations",Marketing and Public Relations,Prepare exhibition marketing plan,"Develop marketing plan for upcoming exhibition; design and distribute posters, flyers and catalogues; communicate ideas with photographers, graphic designers and printers; prepare articles for online and printed media; keep website and social media up-to-date.",2431,Advertising and Marketing Professionals,2431,prepare exhibition marketing plan,"Prepare exhibition marketing plan; prepare exhibition marketing plan; plan exhibition marketing plan; exhibition marketing plan preparation; arrange exhibition marketing plan; prepare an exhibition marketing plan; develop exhibition marketing plan; provide exhibition marketing plan; preparing an exhibition marketing plan; Marketing and Public Relations; Sales, Marketing, and Customer Relations",http://data.europa.eu/esco/skill/2962214b-cc38-4d20-aa8b-aa120091d743,prepare exhibition marketing plan,plan exhibition marketing plan; exhibition marketing plan preparation; arrange exhibition marketing plan; prepare an exhibition marketing plan; develop exhibition marketing plan; provide exhibition marketing plan; preparing an exhibition marketing plan,"Develop marketing plan for upcoming exhibition; design and distribute posters, flyers and catalogues; communicate ideas with photographers, graphic designers and printers; prepare articles for online and printed media; keep website and social media up-to-date.",ESCO v1.2.0 / API-ready,0.78,auto_generated_review,esco_auto_expansion_500_review_needed
SK299,K03,"Sales, Marketing, and Customer Relations",Customer Service and Client Information,Establish an ICT customer support process,"Create a series of customer ICT service activities before, during and after a request. Ensure an adequate response or action, enhance the level of customer satisfaction and accumulate ICT product or service feedback.",4222,Contact Centre Information Clerks,4222,establish an ICT customer support process,"Establish an ICT customer support process; establish an ICT customer support process; create an ICT customer support process; design an ICT customer support process; develop an ICT customer support process; implement an ICT customer support process; build an ICT customer support process; Customer Service and Client Information; Sales, Marketing, and Customer Relations",http://data.europa.eu/esco/skill/e1e99428-b91b-45e1-8ede-ed0cbf161930,establish an ICT customer support process,create an ICT customer support process; design an ICT customer support process; develop an ICT customer support process; implement an ICT customer support process; build an ICT customer support process,"Create a series of customer ICT service activities before, during and after a request. Ensure an adequate response or action, enhance the level of customer satisfaction and accumulate ICT product or service feedback.",ESCO v1.2.0 / API-ready,0.78,auto_generated_review,esco_auto_expansion_500_review_needed
SK300,K03,"Sales, Marketing, and Customer Relations",Customer Service and Client Information,Use customer relationship management software,"Use specialised software to manage company’s interactions with current and future customers. Organise, automate and synchronise sales, marketing, customer service, and technical support, to increase targeted sales.",4222,Contact Centre Information Clerks,4222,use customer relationship management software,"Use customer relationship management software; use customer relationship management software; use a customer relationship management software programme; apply customer relationship management software; adopt customer relationship management software; use of customer relationship management software; using customer relationship management software; handle customer relationship management software; operate customer relationship management software; Customer Service and Client Information; Sales, Marketing, and Customer Relations",http://data.europa.eu/esco/skill/9889b795-d755-41b2-8afd-2e3c87a65a38,use customer relationship management software,use a customer relationship management software programme; apply customer relationship management software; adopt customer relationship management software; use of customer relationship management software; using customer relationship management software; handle customer relationship management software; operate customer relationship management software,"Use specialised software to manage company’s interactions with current and future customers. Organise, automate and synchronise sales, marketing, customer service, and technical support, to increase targeted sales.",ESCO v1.2.0 / API-ready,0.78,auto_generated_review,esco_auto_expansion_500_review_needed
SK301,K03,"Sales, Marketing, and Customer Relations",Marketing and Public Relations,Marketing mix,"Principle of marketing that describes the four fundamental elements in marketing strategies which are the product, the place, the price and the promotion.",2431,Advertising and Marketing Professionals,2431,marketing mix,"Marketing mix; marketing mix; marketing mixes; Marketing and Public Relations; Sales, Marketing, and Customer Relations",http://data.europa.eu/esco/skill/d3e585e9-3a73-4511-b533-90f095e5aa09,marketing mix,marketing mixes,"Principle of marketing that describes the four fundamental elements in marketing strategies which are the product, the place, the price and the promotion.",ESCO v1.2.0 / API-ready,0.78,auto_generated_review,esco_auto_expansion_500_review_needed
SK302,K03,"Sales, Marketing, and Customer Relations",Sales and Retail,Sales argumentation,Techniques and sales methods used in order to present a product or service to customers in a persuasive manner and to meet their expectations and needs.,5223,Shop Sales Assistants,5223,sales argumentation,"Sales argumentation; sales argumentation; sale argumentation; argumentation of sales; sales techniques; sales pitches; sales strategies; sales promotions; Sales and Retail; Sales, Marketing, and Customer Relations",http://data.europa.eu/esco/skill/0c0488b3-fca5-4deb-865b-8dc605c3d909,sales argumentation,sale argumentation; argumentation of sales; sales techniques; sales pitches; sales strategies; sales promotions,Techniques and sales methods used in order to present a product or service to customers in a persuasive manner and to meet their expectations and needs.,ESCO v1.2.0 / API-ready,0.78,auto_generated_review,esco_auto_expansion_500_review_needed
SK303,K03,"Sales, Marketing, and Customer Relations",Marketing and Public Relations,Marketing principles,The principles of managing the relationship between consumers and products or services for the purpose of increasing sales and improving advertising techniques.,2431,Advertising and Marketing Professionals,2431,marketing principles,"Marketing principles; marketing principles; customer relationship management; principles of marketing; methods in customer relationship management; management of customer relationships; types of marketing principles; range of marketing principles; techniques in customer relationship management; typology of marketing principles; Marketing and Public Relations; Sales, Marketing, and Customer Relations",http://data.europa.eu/esco/skill/de03f4fd-c147-4477-a048-7109e5ba2d6f,marketing principles,customer relationship management; principles of marketing; methods in customer relationship management; management of customer relationships; types of marketing principles; range of marketing principles; techniques in customer relationship management; typology of marketing principles,The principles of managing the relationship between consumers and products or services for the purpose of increasing sales and improving advertising techniques.,ESCO v1.2.0 / API-ready,0.78,auto_generated_review,esco_auto_expansion_500_review_needed
SK304,K03,"Sales, Marketing, and Customer Relations","Purchasing, Brokerage, and Commercial Support",Issue purchase orders,Produce and review the documents needed to authorise shipment of a product from the supplier at a specified price and within specific terms.,3323,Buyers,3323,issue purchase orders,"Issue purchase orders; issue purchase orders; send purchase orders; publish purchase orders; issue a purchase order; issuing purchase orders; produce purchase orders; purchase order issue; prepare purchase orders; Purchasing, Brokerage, and Commercial Support; Sales, Marketing, and Customer Relations",http://data.europa.eu/esco/skill/73225018-7139-433b-bdba-2b90774761d9,issue purchase orders,send purchase orders; publish purchase orders; issue a purchase order; issuing purchase orders; produce purchase orders; purchase order issue; prepare purchase orders,Produce and review the documents needed to authorise shipment of a product from the supplier at a specified price and within specific terms.,ESCO v1.2.0 / API-ready,0.78,auto_generated_review,esco_auto_expansion_500_review_needed
SK305,K03,"Sales, Marketing, and Customer Relations",Marketing and Public Relations,Devise special promotions,Plan and invent promotion activities to stimulate sales.,2431,Advertising and Marketing Professionals,2431,devise special promotions,"Devise special promotions; devise special promotions; devise a special promotion; create special advertising campaigns; devise promotional specials; agree on selling prices and special promotions; Marketing and Public Relations; Sales, Marketing, and Customer Relations",http://data.europa.eu/esco/skill/fef5a450-6230-4a34-b3e3-764252dbdcec,devise special promotions,devise a special promotion; create special advertising campaigns; devise promotional specials; agree on selling prices and special promotions,Plan and invent promotion activities to stimulate sales.,ESCO v1.2.0 / API-ready,0.78,auto_generated_review,esco_auto_expansion_500_review_needed
SK306,K03,"Sales, Marketing, and Customer Relations",Marketing and Public Relations,Teach marketing principles,"Instruct students in the theory and practice of marketing, with the aim of assisting them in pursuing a future career in this field, more specifically in courses such as sales strategies, brand marketing techniques, digital sales methodologies, and mobile marketing.",2431,Advertising and Marketing Professionals,2431,teach marketing principles,"Teach marketing principles; teach marketing principles; explain marketing principles; educate on sales principles; provide instruction on marketing principles; teaches marketing principles; educate on marketing principles; teaching marketing principles; Marketing and Public Relations; Sales, Marketing, and Customer Relations",http://data.europa.eu/esco/skill/8ccbc13b-2856-4363-ba61-8a47be4d2eca,teach marketing principles,explain marketing principles; educate on sales principles; provide instruction on marketing principles; teaches marketing principles; educate on marketing principles; teaching marketing principles,"Instruct students in the theory and practice of marketing, with the aim of assisting them in pursuing a future career in this field, more specifically in courses such as sales strategies, brand marketing techniques, digital sales methodologies, and mobile marketing.",ESCO v1.2.0 / API-ready,0.78,auto_generated_review,esco_auto_expansion_500_review_needed
SK307,K03,"Sales, Marketing, and Customer Relations",Marketing and Public Relations,Create annual marketing budget,"Make the calculation of both the income and expenditures that are expected to be paid over the coming year concerning the marketing related activities such as advertising, selling and delivering products to people.",2431,Advertising and Marketing Professionals,2431,create annual marketing budget,"Create annual marketing budget; create annual marketing budget; draft annual marketing budget; create marketing annual budget; create annual budget for marketing; prepare annual marketing budget; Marketing and Public Relations; Sales, Marketing, and Customer Relations",http://data.europa.eu/esco/skill/660060e4-c418-4049-836b-beade5f8a4a8,create annual marketing budget,draft annual marketing budget; create marketing annual budget; create annual budget for marketing; prepare annual marketing budget,"Make the calculation of both the income and expenditures that are expected to be paid over the coming year concerning the marketing related activities such as advertising, selling and delivering products to people.",ESCO v1.2.0 / API-ready,0.78,auto_generated_review,esco_auto_expansion_500_review_needed
SK308,K03,"Sales, Marketing, and Customer Relations",Marketing and Public Relations,Liaise with advertising agencies,Communicate and cooperate with advertising agencies in transmitting the goals and specifications of the marketing plan. Liaise to develop an advertising and promotional campaign that represent the aim of the marketing plan.,2431,Advertising and Marketing Professionals,2431,liaise with advertising agencies,"Liaise with advertising agencies; liaise with advertising agencies; liaise with advertising agency; cooperate with advertising agencies; collaborate with advertising agencies; work together with advertising agencies; liaise with ad agencies; liaising with advertising agencies; Marketing and Public Relations; Sales, Marketing, and Customer Relations",http://data.europa.eu/esco/skill/7893605c-18cc-4c68-8c22-4f969df1a673,liaise with advertising agencies,liaise with advertising agency; cooperate with advertising agencies; collaborate with advertising agencies; work together with advertising agencies; liaise with ad agencies; liaising with advertising agencies,Communicate and cooperate with advertising agencies in transmitting the goals and specifications of the marketing plan. Liaise to develop an advertising and promotional campaign that represent the aim of the marketing plan.,ESCO v1.2.0 / API-ready,0.78,auto_generated_review,esco_auto_expansion_500_review_needed
SK309,K03,"Sales, Marketing, and Customer Relations",Marketing and Public Relations,Coordinate marketing plan actions,"Manage the overview of the marketing actions such as the marketing planning, internal financial resource granting, advertising materials, implementation, control, and communication efforts.",2431,Advertising and Marketing Professionals,2431,coordinate marketing plan actions,"Coordinate marketing plan actions; coordinate marketing plan actions; coordinate marketing plan action; coordinating marketing plan actions; coordinate actions of marketing plan; manage marketing plan actions; oversee marketing plan actions; Marketing and Public Relations; Sales, Marketing, and Customer Relations",http://data.europa.eu/esco/skill/90398aca-82b7-4f56-8e0f-814d949162b4,coordinate marketing plan actions,coordinate marketing plan action; coordinating marketing plan actions; coordinate actions of marketing plan; manage marketing plan actions; oversee marketing plan actions,"Manage the overview of the marketing actions such as the marketing planning, internal financial resource granting, advertising materials, implementation, control, and communication efforts.",ESCO v1.2.0 / API-ready,0.78,auto_generated_review,esco_auto_expansion_500_review_needed
SK310,K03,"Sales, Marketing, and Customer Relations",Marketing and Public Relations,Define measurable marketing objectives,"Outline the measurable performance indicators of the marketing plan such as market share, customer value, brand awareness, and sales revenues. Follow up on the progress of these indicators during the development of the marketing plan.",2431,Advertising and Marketing Professionals,2431,define measurable marketing objectives,"Define measurable marketing objectives; define measurable marketing objectives; define measurable marketing objective; outline measurable marketing objectives; establish measurable marketing objectives; specify measurable marketing objectives; defining measurable marketing objectives; determine measurable marketing objectives; define marketing objectives; Marketing and Public Relations; Sales, Marketing, and Customer Relations",http://data.europa.eu/esco/skill/7a986287-84f2-4e5d-9ab4-fd7ec424ecf3,define measurable marketing objectives,define measurable marketing objective; outline measurable marketing objectives; establish measurable marketing objectives; specify measurable marketing objectives; defining measurable marketing objectives; determine measurable marketing objectives; define marketing objectives,"Outline the measurable performance indicators of the marketing plan such as market share, customer value, brand awareness, and sales revenues. Follow up on the progress of these indicators during the development of the marketing plan.",ESCO v1.2.0 / API-ready,0.78,auto_generated_review,esco_auto_expansion_500_review_needed
SK311,K03,"Sales, Marketing, and Customer Relations",Sales and Retail,Sell processed timber in a commercial environment,Check that the sales area is in a suitable condition for customers and that the stock and materials are in a suitable condition to be sold.,5223,Shop Sales Assistants,5223,sell processed timber in a commercial environment,"Sell processed timber in a commercial environment; sell processed timber in a commercial environment; processed timber selling in a commercial environment; selling processed timber in a commercial environment; sell processed lumber in a commercial environment; sell timber and timber-based products in a commercial environment; selling processed timber in a commercial setting; sell processed timber in a commercial setting; Sales and Retail; Sales, Marketing, and Customer Relations",http://data.europa.eu/esco/skill/04dd3f36-7056-4824-9eee-b0312d4a25b7,sell processed timber in a commercial environment,processed timber selling in a commercial environment; selling processed timber in a commercial environment; sell processed lumber in a commercial environment; sell timber and timber-based products in a commercial environment; selling processed timber in a commercial setting; sell processed timber in a commercial setting,Check that the sales area is in a suitable condition for customers and that the stock and materials are in a suitable condition to be sold.,ESCO v1.2.0 / API-ready,0.78,auto_generated_review,esco_auto_expansion_500_review_needed
SK312,K03,"Sales, Marketing, and Customer Relations",Marketing and Public Relations,Telemarketing,Principles and techniques of soliciting potential customers over the phone to perform direct marketing of products or services.,2431,Advertising and Marketing Professionals,2431,telemarketing,"Telemarketing; telemarketing; telephone soliciting; cold-calling; Marketing and Public Relations; Sales, Marketing, and Customer Relations",http://data.europa.eu/esco/skill/16132f2b-cf61-4c53-ae8d-9023a8bab90b,telemarketing,telephone soliciting; cold-calling,Principles and techniques of soliciting potential customers over the phone to perform direct marketing of products or services.,ESCO v1.2.0 / API-ready,0.78,auto_generated_review,esco_auto_expansion_500_review_needed
SK313,K03,"Sales, Marketing, and Customer Relations",Marketing and Public Relations,Public relations,The practice of managing all aspects of the image and perception of a company or individual among stakeholders and the society at large.,2431,Advertising and Marketing Professionals,2431,public relations,"Public relations; public relations; public image; PR; Marketing and Public Relations; Sales, Marketing, and Customer Relations",http://data.europa.eu/esco/skill/5330b70e-16f5-43a7-a6de-18fd6a4bd063,public relations,public image; PR,The practice of managing all aspects of the image and perception of a company or individual among stakeholders and the society at large.,ESCO v1.2.0 / API-ready,0.78,auto_generated_review,esco_auto_expansion_500_review_needed
SK314,K03,"Sales, Marketing, and Customer Relations",Customer Service and Client Information,Handle complaints,"Manage problems, protestations and disputes on the job.",4222,Contact Centre Information Clerks,4222,handle complaints,"Handle complaints; handle complaints; administer complaints; administer criticisms and grievances; respond to criticisms and grievances; deal with criticisms and grievances; respond to complaints; deal with complaints; Customer Service and Client Information; Sales, Marketing, and Customer Relations",http://data.europa.eu/esco/skill/8e105acc-e365-481b-bf6b-7e3f8ff19417,handle complaints,administer complaints; administer criticisms and grievances; respond to criticisms and grievances; deal with criticisms and grievances; respond to complaints; deal with complaints,"Manage problems, protestations and disputes on the job.",ESCO v1.2.0 / API-ready,0.78,auto_generated_review,esco_auto_expansion_500_review_needed
SK315,K03,"Sales, Marketing, and Customer Relations",Marketing and Public Relations,Network marketing,The specific marketing strategy that focuses on direct marketing and the sale of products to acquaintances or people in their network. This strategy also includes the recruiting of other people to be sales representatives and to represent the company.,2431,Advertising and Marketing Professionals,2431,network marketing,"Network marketing; network marketing; direct marketing; multi-level marketing; marketing network; MLM; Marketing and Public Relations; Sales, Marketing, and Customer Relations",http://data.europa.eu/esco/skill/4e8ad2b8-d80c-4701-91aa-cd874142ef2d,network marketing,direct marketing; multi-level marketing; marketing network; MLM,The specific marketing strategy that focuses on direct marketing and the sale of products to acquaintances or people in their network. This strategy also includes the recruiting of other people to be sales representatives and to represent the company.,ESCO v1.2.0 / API-ready,0.78,auto_generated_review,esco_auto_expansion_500_review_needed
SK316,K03,"Sales, Marketing, and Customer Relations",Marketing and Public Relations,Marketing analytics,The set of processes for employing data to improve the effectiveness of marketing activities. It involves analysing metrics such as the Return on Investment (ROI) for identify opportunities of improvement.,2431,Advertising and Marketing Professionals,2431,marketing analytics,"Marketing analytics; marketing analytics; marketing data analytics; Marketing and Public Relations; Sales, Marketing, and Customer Relations",http://data.europa.eu/esco/skill/11c56452-fcec-4b00-9695-cca4728e5048,marketing analytics,marketing data analytics,The set of processes for employing data to improve the effectiveness of marketing activities. It involves analysing metrics such as the Return on Investment (ROI) for identify opportunities of improvement.,ESCO v1.2.0 / API-ready,0.78,auto_generated_review,esco_auto_expansion_500_review_needed
SK317,K04,"Creative, Media, and Communications",Creative and Performing Arts,Accept feedback on artistic performance,"Accept feedback, proposed discussions and avenues of exploration about the precision of movements, rhythm, musicality, precision of the performance, interaction with peers and stage elements, areas requiring improvement. Take feedback into account to develop the potential as performer. Note the choreographers/repetiteur/dance master instructions, the instructions of other collaborators (dramaturge, performers/dancers peers, musicians, etc.) assuring being in the same page with direction team.",2651,Visual Artists,2651,accept feedback on artistic performance,"Accept feedback on artistic performance; accept feedback on artistic performance; accept feedback regarding artistic performance; accept feedback following artistic performance; take feedback on performance on stage or at rehearsals; welcome comments regarding performance; Creative and Performing Arts; Creative, Media, and Communications",http://data.europa.eu/esco/skill/125258b2-23c1-472c-90c6-4ec2e90ed893,accept feedback on artistic performance,accept feedback regarding artistic performance; accept feedback following artistic performance; take feedback on performance on stage or at rehearsals; welcome comments regarding performance,"Accept feedback, proposed discussions and avenues of exploration about the precision of movements, rhythm, musicality, precision of the performance, interaction with peers and stage elements, areas requiring improvement. Take feedback into account to develop the potential as performer. Note the choreographers/repetiteur/dance master instructions, the instructions of other collaborators (dramaturge, performers/dancers peers, musicians, etc.) assuring being in the same page with direction team.",ESCO v1.2.0 / API-ready,0.78,auto_generated_review,esco_auto_expansion_500_review_needed
SK318,K04,"Creative, Media, and Communications",Creative and Performing Arts,Compose music,"Compose original pieces music such as songs, symphonies or sonatas.",2651,Visual Artists,2651,compose music,"Compose music; compose music; composing music; produce music; write music; Creative and Performing Arts; Creative, Media, and Communications",http://data.europa.eu/esco/skill/c109d892-3665-4743-877b-2ba23834e9e0,compose music,composing music; produce music; write music,"Compose original pieces music such as songs, symphonies or sonatas.",ESCO v1.2.0 / API-ready,0.78,auto_generated_review,esco_auto_expansion_500_review_needed
SK319,K04,"Creative, Media, and Communications",Creative and Performing Arts,Design music therapy termination plan,"Create the components of a music therapy termination plan, which provides conclusions on patient progress and the reason behind the termination of therapy.",2651,Visual Artists,2651,design music therapy termination plan,"Design music therapy termination plan; design music therapy termination plan; carry out music therapy termination planning; plan the conclusion of patient music therapy; conduct music therapy termination planning; develop music therapy termination plan; compose music therapy termination plan; plan the termination of patient music therapy; create music therapy termination plan; perform music therapy termination plan development; Creative and Performing Arts; Creative, Media, and Communications",http://data.europa.eu/esco/skill/a23ec3ce-f4bb-496b-bbb6-cd73bff8b526,design music therapy termination plan,carry out music therapy termination planning; plan the conclusion of patient music therapy; conduct music therapy termination planning; develop music therapy termination plan; compose music therapy termination plan; plan the termination of patient music therapy; create music therapy termination plan; perform music therapy termination plan development,"Create the components of a music therapy termination plan, which provides conclusions on patient progress and the reason behind the termination of therapy.",ESCO v1.2.0 / API-ready,0.78,auto_generated_review,esco_auto_expansion_500_review_needed
SK320,K04,"Creative, Media, and Communications",Creative and Performing Arts,Develop artistic educational activities,"Develop speeches, activities and workshops in order to foster access and comprehension to the artistic creation processes. It can address a particular cultural and artistic event such as a show or an exhibition, or it can be related to a specific discipline (theatre, dance, drawing, music, photography etc.). Liaise with storytelles, craftspeople and artists.",2651,Visual Artists,2651,develop artistic educational activities,"Develop artistic educational activities; develop artistic educational activities; participate in activities related to arts education; develop library educational programs; organise library educational programs; develop activities to educate; create library educational programs; develop educational workshops; develop activities that are educational; arrange library educational programs; Creative and Performing Arts; Creative, Media, and Communications",http://data.europa.eu/esco/skill/88cc9573-e12f-4915-a915-5c3ee19891cb,develop artistic educational activities,participate in activities related to arts education; develop library educational programs; organise library educational programs; develop activities to educate; create library educational programs; develop educational workshops; develop activities that are educational; arrange library educational programs,"Develop speeches, activities and workshops in order to foster access and comprehension to the artistic creation processes. It can address a particular cultural and artistic event such as a show or an exhibition, or it can be related to a specific discipline (theatre, dance, drawing, music, photography etc.). Liaise with storytelles, craftspeople and artists.",ESCO v1.2.0 / API-ready,0.78,auto_generated_review,esco_auto_expansion_500_review_needed
SK321,K04,"Creative, Media, and Communications","Design, Multimedia, and Cultural Work",Develop animations,"Design and develop visual animations using creativity and computer skills. Make objects or characters appear lifelike by manipulating light, colour, texture, shadow, and transparency, or manipulating static images to give the illusion of motion.",2166,Graphic and Multimedia Designers,2166,develop animations,"Develop animations; develop animations; design animations; develop animated models; design graphics and animation; developing animations; develop an animation; Design, Multimedia, and Cultural Work; Creative, Media, and Communications",http://data.europa.eu/esco/skill/eee58e6d-4587-42f0-b9a0-fe055cfe2044,develop animations,design animations; develop animated models; design graphics and animation; developing animations; develop an animation,"Design and develop visual animations using creativity and computer skills. Make objects or characters appear lifelike by manipulating light, colour, texture, shadow, and transparency, or manipulating static images to give the illusion of motion.",ESCO v1.2.0 / API-ready,0.78,auto_generated_review,esco_auto_expansion_500_review_needed
SK322,K04,"Creative, Media, and Communications","Writing, Journalism, and Language",Rewrite manuscripts,Rewrite unpublished manuscripts to correct errors and to make them more appealing to the target audience.,2641,Authors and Related Writers,2641,rewrite manuscripts,"Rewrite manuscripts; rewrite manuscripts; amend manuscripts; edit manuscripts; correct manuscripts; revise manuscripts; rewriting manuscripts; rewrite manuscript; Writing, Journalism, and Language; Creative, Media, and Communications",http://data.europa.eu/esco/skill/90ae429e-039b-4cb1-9087-b004db4b2d7b,rewrite manuscripts,amend manuscripts; edit manuscripts; correct manuscripts; revise manuscripts; rewriting manuscripts; rewrite manuscript,Rewrite unpublished manuscripts to correct errors and to make them more appealing to the target audience.,ESCO v1.2.0 / API-ready,0.78,auto_generated_review,esco_auto_expansion_500_review_needed
SK323,K04,"Creative, Media, and Communications","Writing, Journalism, and Language",Write job descriptions,"Prepare a description of the required profile, qualifications and skills for a specific function, by doing research, analyse the activities to be performed and get information from the employer.",2641,Authors and Related Writers,2641,write job descriptions,"Write job descriptions; write job descriptions; writing job descriptions; write descriptions of jobs; write job description; create job descriptions; come up with job descriptions; Writing, Journalism, and Language; Creative, Media, and Communications",http://data.europa.eu/esco/skill/b3d9442d-1fb8-46cd-a947-154a42221f28,write job descriptions,writing job descriptions; write descriptions of jobs; write job description; create job descriptions; come up with job descriptions,"Prepare a description of the required profile, qualifications and skills for a specific function, by doing research, analyse the activities to be performed and get information from the employer.",ESCO v1.2.0 / API-ready,0.78,auto_generated_review,esco_auto_expansion_500_review_needed
SK324,K04,"Creative, Media, and Communications","Writing, Journalism, and Language",Interpret prescriptions,"Interpret the specifications written down by doctors or other professionals to determine the type of product or device that needs to be created, as well as the materials that need to be used.",2641,Authors and Related Writers,2641,interpret prescriptions,"Interpret prescriptions; interpret prescriptions; clarify prescriptions; decipher prescriptions; translate prescriptions; interpreting prescriptions; interpret a prescription; explain prescriptions; Writing, Journalism, and Language; Creative, Media, and Communications",http://data.europa.eu/esco/skill/8f394713-08f9-4c2d-bb91-f5cbed29ba62,interpret prescriptions,clarify prescriptions; decipher prescriptions; translate prescriptions; interpreting prescriptions; interpret a prescription; explain prescriptions,"Interpret the specifications written down by doctors or other professionals to determine the type of product or device that needs to be created, as well as the materials that need to be used.",ESCO v1.2.0 / API-ready,0.78,auto_generated_review,esco_auto_expansion_500_review_needed
SK325,K04,"Creative, Media, and Communications","Design, Multimedia, and Cultural Work",Graphics editor software,"The field of graphical ICT tools which enable digital editing and composition of graphics, such as GIMP, Adobe Photoshop and Adobe Illustrator, to develop both 2D raster or 2D vector graphics.",2166,Graphic and Multimedia Designers,2166,graphics editor software,"Graphics editor software; graphics editor software; Autodesk SketchBook Pro; Adobe Photoshop Elements; CinePaint; NeoPaint; Project Dogwaffle; sK1; Apache OpenOffice Draw; RawTherapee; Design, Multimedia, and Cultural Work; Creative, Media, and Communications",http://data.europa.eu/esco/skill/a71577b2-7550-4222-88ee-dcbd2d881516,graphics editor software,Autodesk SketchBook Pro; Adobe Photoshop Elements; CinePaint; NeoPaint; Project Dogwaffle; sK1; Apache OpenOffice Draw; RawTherapee,"The field of graphical ICT tools which enable digital editing and composition of graphics, such as GIMP, Adobe Photoshop and Adobe Illustrator, to develop both 2D raster or 2D vector graphics.",ESCO v1.2.0 / API-ready,0.78,auto_generated_review,esco_auto_expansion_500_review_needed
SK326,K04,"Creative, Media, and Communications","Writing, Journalism, and Language",Translate spoken language,"Translate the dialogue between two speakers and the speeches of individuals into written text, oral or sign language in your mother tongue or in a foreign language.",2641,Authors and Related Writers,2641,translate spoken language,"Translate spoken language; translate spoken language; translate verbal language; interpret spoken language; translating spoken language; translate spoken languages; translate oral language; Writing, Journalism, and Language; Creative, Media, and Communications",http://data.europa.eu/esco/skill/aa7062ed-ebfb-4876-8fa5-a7c72c8b6ffb,translate spoken language,translate verbal language; interpret spoken language; translating spoken language; translate spoken languages; translate oral language,"Translate the dialogue between two speakers and the speeches of individuals into written text, oral or sign language in your mother tongue or in a foreign language.",ESCO v1.2.0 / API-ready,0.78,auto_generated_review,esco_auto_expansion_500_review_needed
SK327,K04,"Creative, Media, and Communications","Writing, Journalism, and Language",Translate foreign language,"Translate words, sentences, and concepts from a foreign language into your mother tongue or another foreign language.",2641,Authors and Related Writers,2641,translate foreign language,"Translate foreign language; translate foreign language; interpret spoken language; translating foreign language; translate foreign tongue; Writing, Journalism, and Language; Creative, Media, and Communications",http://data.europa.eu/esco/skill/2ca8f0db-2c2a-4d07-af6c-effb99fed08b,translate foreign language,interpret spoken language; translating foreign language; translate foreign tongue,"Translate words, sentences, and concepts from a foreign language into your mother tongue or another foreign language.",ESCO v1.2.0 / API-ready,0.78,auto_generated_review,esco_auto_expansion_500_review_needed
SK328,K04,"Creative, Media, and Communications",Creative and Performing Arts,Express yourself creatively,"Be able to use singing, dancing, instrumental music, acting or fine arts to express oneself creatively.",2651,Visual Artists,2651,express yourself creatively,"Express yourself creatively; express yourself creatively; draw; engage in artistic self-expression; play instruments; sing; express ideas experiences and emotions creatively; paint; demonstrate sense of rhythm; dance; Creative and Performing Arts; Creative, Media, and Communications",http://data.europa.eu/esco/skill/93350886-a21b-4e61-a1b1-319a325c0f90,express yourself creatively,draw; engage in artistic self-expression; play instruments; sing; express ideas experiences and emotions creatively; paint; demonstrate sense of rhythm; dance,"Be able to use singing, dancing, instrumental music, acting or fine arts to express oneself creatively.",ESCO v1.2.0 / API-ready,0.78,auto_generated_review,esco_auto_expansion_500_review_needed
SK329,K04,"Creative, Media, and Communications",Creative and Performing Arts,Organise creative performance,"Organise an event in which participants can express their creativity, such as putting on a dance, theatre, or talent show.",2651,Visual Artists,2651,organise creative performance,"Organise creative performance; organise creative performance; organize creative performance; arrange creative performance; organising creative performance; organise creative performances; organises creative performance; plan creative performance; manage creative performance; Creative and Performing Arts; Creative, Media, and Communications",http://data.europa.eu/esco/skill/e927ab40-a135-4a7a-9dfc-b57132741281,organise creative performance,organize creative performance; arrange creative performance; organising creative performance; organise creative performances; organises creative performance; plan creative performance; manage creative performance,"Organise an event in which participants can express their creativity, such as putting on a dance, theatre, or talent show.",ESCO v1.2.0 / API-ready,0.78,auto_generated_review,esco_auto_expansion_500_review_needed
SK330,K04,"Creative, Media, and Communications","Design, Multimedia, and Cultural Work",Translate requirements into visual design,"Develop visual design from given specifications and requirements, based on the analysis of the scope and target audience. Create a visual representation of ideas such as logos, website graphics, digital games and layouts.",2166,Graphic and Multimedia Designers,2166,translate requirements into visual design,"Translate requirements into visual design; translate requirements into visual design; develop visual design from given specifications; develop visual design concepts based on target audience; develop visual design based on target audience; translate requirement concepts into visual design; develop visual design concepts from given specifications; Design, Multimedia, and Cultural Work; Creative, Media, and Communications",http://data.europa.eu/esco/skill/2d6d4784-0992-48e7-b100-22d7229b3f0a,translate requirements into visual design,develop visual design from given specifications; develop visual design concepts based on target audience; develop visual design based on target audience; translate requirement concepts into visual design; develop visual design concepts from given specifications,"Develop visual design from given specifications and requirements, based on the analysis of the scope and target audience. Create a visual representation of ideas such as logos, website graphics, digital games and layouts.",ESCO v1.2.0 / API-ready,0.78,auto_generated_review,esco_auto_expansion_500_review_needed
SK331,K04,"Creative, Media, and Communications",Creative and Performing Arts,Analyse the artistic concept based on stage actions,"Analyse the artistic concept, form and structure of a live performance based on observation during rehearsals or improvisation. Create a structured base for the design process of a specific production.",2651,Visual Artists,2651,analyse the artistic concept based on stage actions,"Analyse the artistic concept based on stage actions; analyse the artistic concept based on stage actions; analyse artistic concept stage action; examine a performance's artistic concept according to stage movements; analyze the artistic concept based on stage actions; analyse the artistic concept based on actions on stage; analyse the artistic concept of a performance during rehearsals; Creative and Performing Arts; Creative, Media, and Communications",http://data.europa.eu/esco/skill/0207f83d-a1e4-4b47-b80c-84d41257791f,analyse the artistic concept based on stage actions,analyse artistic concept stage action; examine a performance's artistic concept according to stage movements; analyze the artistic concept based on stage actions; analyse the artistic concept based on actions on stage; analyse the artistic concept of a performance during rehearsals,"Analyse the artistic concept, form and structure of a live performance based on observation during rehearsals or improvisation. Create a structured base for the design process of a specific production.",ESCO v1.2.0 / API-ready,0.78,auto_generated_review,esco_auto_expansion_500_review_needed
SK332,K04,"Creative, Media, and Communications",Creative and Performing Arts,Identify requirements of the work in the artistic performance,"Identify the expectations of the choreographer and artistic director. Identify physical, musical, theatrical and vocal requirements, related to the artistic work, fight action, set and stage, etc.",2651,Visual Artists,2651,identify requirements of the work in the artistic performance,"Identify requirements of the work in the artistic performance; identify requirements of the work in the artistic performance; identify required work; distinguish between work expectations; identify requirements of the work; establish work requirements; identify work requirements; Creative and Performing Arts; Creative, Media, and Communications",http://data.europa.eu/esco/skill/9b22bea8-699d-4faf-8373-7a620a386817,identify requirements of the work in the artistic performance,identify required work; distinguish between work expectations; identify requirements of the work; establish work requirements; identify work requirements,"Identify the expectations of the choreographer and artistic director. Identify physical, musical, theatrical and vocal requirements, related to the artistic work, fight action, set and stage, etc.",ESCO v1.2.0 / API-ready,0.78,auto_generated_review,esco_auto_expansion_500_review_needed
SK333,K04,"Creative, Media, and Communications",Creative and Performing Arts,Perform dances,"Perform in artistic productions of differents disciplines such as classical ballet, modern dance, contemporary dance, early dance, ethnic dance, folk dance, acrobatic dances and street dance.",2651,Visual Artists,2651,perform dances,"Perform dances; perform dances; dance; perform specific dance genres; perform various choreographies; dancing; Creative and Performing Arts; Creative, Media, and Communications",http://data.europa.eu/esco/skill/2aeadb90-7ddc-4329-9268-8d5a6bf76b99,perform dances,dance; perform specific dance genres; perform various choreographies; dancing,"Perform in artistic productions of differents disciplines such as classical ballet, modern dance, contemporary dance, early dance, ethnic dance, folk dance, acrobatic dances and street dance.",ESCO v1.2.0 / API-ready,0.78,auto_generated_review,esco_auto_expansion_500_review_needed
SK334,K04,"Creative, Media, and Communications","Design, Multimedia, and Cultural Work",Design graphics,Apply a variety of visual techniques in order to design graphic material. Combine graphical elements to communicate concepts and ideas.,2166,Graphic and Multimedia Designers,2166,design graphics,"Design graphics; design graphics; apply graphic design techniques; create graphic material; Design, Multimedia, and Cultural Work; Creative, Media, and Communications",http://data.europa.eu/esco/skill/f058bf62-70d1-4f5e-be2a-8b26fac24a96,design graphics,apply graphic design techniques; create graphic material,Apply a variety of visual techniques in order to design graphic material. Combine graphical elements to communicate concepts and ideas.,ESCO v1.2.0 / API-ready,0.78,auto_generated_review,esco_auto_expansion_500_review_needed
SK335,K04,"Creative, Media, and Communications",Creative and Performing Arts,Create theatre workbooks,Create a stage workbook for the director and the actors and work extensively with the director prior to the first rehearsal.,2651,Visual Artists,2651,create theatre workbooks,"Create theatre workbooks; create theatre workbooks; create theater workbooks; create stage workbooks; draw out theatre workbooks; prepare stage workbooks; prepare theatre workbooks; draw out stage workbooks; Creative and Performing Arts; Creative, Media, and Communications",http://data.europa.eu/esco/skill/e1dedd64-96dc-4ddc-834c-e1b1d5948f0a,create theatre workbooks,create theater workbooks; create stage workbooks; draw out theatre workbooks; prepare stage workbooks; prepare theatre workbooks; draw out stage workbooks,Create a stage workbook for the director and the actors and work extensively with the director prior to the first rehearsal.,ESCO v1.2.0 / API-ready,0.78,auto_generated_review,esco_auto_expansion_500_review_needed
SK336,K04,"Creative, Media, and Communications",Creative and Performing Arts,Make up performing artists,Use cosmetics on artists for stage performances.,2651,Visual Artists,2651,make up performing artists,"Make up performing artists; make up performing artists; apply cosmetics to performing artists; make up artists who are performing; make up artists performing; apply makeup to performers; Creative and Performing Arts; Creative, Media, and Communications",http://data.europa.eu/esco/skill/5769c02b-01f0-4bfc-b5e4-02f80ae6daf6,make up performing artists,apply cosmetics to performing artists; make up artists who are performing; make up artists performing; apply makeup to performers,Use cosmetics on artists for stage performances.,ESCO v1.2.0 / API-ready,0.78,auto_generated_review,esco_auto_expansion_500_review_needed
SK337,K04,"Creative, Media, and Communications",Broadcasting and Content Support,Set up broadcast equipment,"Set up and calibrate broadcast equipment to produce, switch, receive, record, edit, and reproduce television and radio signals.",3521,Broadcasting and Audio-visual Technicians,3521,set up broadcast equipment,"Set up broadcast equipment; set up broadcast equipment; mount broadcast equipment; setting up audio-visual equipment; prepare broadcast equipment; assemble broadcast equipment; Broadcasting and Content Support; Creative, Media, and Communications",http://data.europa.eu/esco/skill/febcc41e-bf0c-4733-a498-c2881c86ce88,set up broadcast equipment,mount broadcast equipment; setting up audio-visual equipment; prepare broadcast equipment; assemble broadcast equipment,"Set up and calibrate broadcast equipment to produce, switch, receive, record, edit, and reproduce television and radio signals.",ESCO v1.2.0 / API-ready,0.78,auto_generated_review,esco_auto_expansion_500_review_needed
SK338,K04,"Creative, Media, and Communications",Creative and Performing Arts,Schedule artistic activities,"Plan, design and facilitate a schedule of artistic activities for individuals and groups.",2651,Visual Artists,2651,schedule artistic activities,"Schedule artistic activities; schedule artistic activities; schedule activities that are artistic; schedule art activities; plan artistic events; organise artistic and cultural activities; Creative and Performing Arts; Creative, Media, and Communications",http://data.europa.eu/esco/skill/ee6630cd-f44d-4968-aa48-c179703fa012,schedule artistic activities,schedule activities that are artistic; schedule art activities; plan artistic events; organise artistic and cultural activities,"Plan, design and facilitate a schedule of artistic activities for individuals and groups.",ESCO v1.2.0 / API-ready,0.78,auto_generated_review,esco_auto_expansion_500_review_needed
SK339,K04,"Creative, Media, and Communications",Creative and Performing Arts,Advise on cultural exhibitions,"Work closely with professionals in the arts and cultural industry such as museum directors, to advise in specific content and programme for an exhibition or artistic project.",2651,Visual Artists,2651,advise on cultural exhibitions,"Advise on cultural exhibitions; advise on cultural exhibitions; advise director of museum; provide advice to museum director; consult with museum directors; advise museum directors; advise museum director; Creative and Performing Arts; Creative, Media, and Communications",http://data.europa.eu/esco/skill/9caea66c-68d6-4dd9-bfec-b106aa6f235a,advise on cultural exhibitions,advise director of museum; provide advice to museum director; consult with museum directors; advise museum directors; advise museum director,"Work closely with professionals in the arts and cultural industry such as museum directors, to advise in specific content and programme for an exhibition or artistic project.",ESCO v1.2.0 / API-ready,0.78,auto_generated_review,esco_auto_expansion_500_review_needed
SK340,K04,"Creative, Media, and Communications","Design, Multimedia, and Cultural Work",Classify audio-visual products,Arrange various video and music materials such as CDs and DVDs. Sort audio and video material on shelves in alphabetical order or according to genre classification.,2166,Graphic and Multimedia Designers,2166,classify audio-visual products,"Classify audio-visual products; classify audio-visual products; align audio-visual products in classification order; arrange an audio-visual product in classification order; rank audio-visual products in classification order; arrangement of audio-visual products in classification order; classify audio-visual products in classification order; regulate audio-visual products in classification order; Design, Multimedia, and Cultural Work; Creative, Media, and Communications",http://data.europa.eu/esco/skill/a1df7062-3353-4888-9be0-edbbb7fcbbec,classify audio-visual products,align audio-visual products in classification order; arrange an audio-visual product in classification order; rank audio-visual products in classification order; arrangement of audio-visual products in classification order; classify audio-visual products in classification order; regulate audio-visual products in classification order,Arrange various video and music materials such as CDs and DVDs. Sort audio and video material on shelves in alphabetical order or according to genre classification.,ESCO v1.2.0 / API-ready,0.78,auto_generated_review,esco_auto_expansion_500_review_needed
SK341,K04,"Creative, Media, and Communications",Creative and Performing Arts,Stimulate performers' imagination,"Use inspirational artifacts and creative methods to stimulate the performers' imagination. Provide the performers with the necessary documentation. Stimulate performers' imagination involved in live performances, theater, film, and entertainment. Professionals in these fields work to inspire and enhance the creativity and imagination of actors, musicians, dancers, and other performers.",2651,Visual Artists,2651,stimulate performers' imagination,"Stimulate performers' imagination; stimulate performers' imagination; stimulate imagination by performers; stimulate performers to imagine; trigger performers' imagination; inspire performers' imagination; Creative and Performing Arts; Creative, Media, and Communications",http://data.europa.eu/esco/skill/197551c2-c5b2-41e8-9b77-676a32ad1e12,stimulate performers' imagination,stimulate imagination by performers; stimulate performers to imagine; trigger performers' imagination; inspire performers' imagination,"Use inspirational artifacts and creative methods to stimulate the performers' imagination. Provide the performers with the necessary documentation. Stimulate performers' imagination involved in live performances, theater, film, and entertainment. Professionals in these fields work to inspire and enhance the creativity and imagination of actors, musicians, dancers, and other performers.",ESCO v1.2.0 / API-ready,0.78,auto_generated_review,esco_auto_expansion_500_review_needed
SK342,K04,"Creative, Media, and Communications","Writing, Journalism, and Language",Translate spoken language consecutively,"Translate what a speaker says when the speakers pauses after two or more sentences, accurately and completely and based upon your notes. The speaker will wait until the interpreter finishes before proceeding.",2641,Authors and Related Writers,2641,translate spoken language consecutively,"Translate spoken language consecutively; translate spoken language consecutively; generate spoken translation consecutively; consecutively translating spoken language; consecutively translate spoken language; consecutive spoken language translating; deliver spoken translation consecutively; provide spoken translation consecutively; Writing, Journalism, and Language; Creative, Media, and Communications",http://data.europa.eu/esco/skill/321f7ade-ba43-4923-a432-54df75ec80a5,translate spoken language consecutively,generate spoken translation consecutively; consecutively translating spoken language; consecutively translate spoken language; consecutive spoken language translating; deliver spoken translation consecutively; provide spoken translation consecutively,"Translate what a speaker says when the speakers pauses after two or more sentences, accurately and completely and based upon your notes. The speaker will wait until the interpreter finishes before proceeding.",ESCO v1.2.0 / API-ready,0.78,auto_generated_review,esco_auto_expansion_500_review_needed
SK343,K04,"Creative, Media, and Communications",Creative and Performing Arts,Design musical events involving patients,Design and implement musical events involving patients in order to respond to their needs.,2651,Visual Artists,2651,design musical events involving patients,"Design musical events involving patients; design musical events involving patients; create and implement musical sessions in accordance with patient requirements; design patient musical activities; design patient musical events; deliver musical activities for patients in accordance with their requirements; perform patient musical event development and delivery activities; design musical activities involving patients; create and implement musical events according to patient needs; develop musical events involving patients; Creative and Performing Arts; Creative, Media, and Communications",http://data.europa.eu/esco/skill/352e1524-c6e0-4a05-81ed-c74ccb71574c,design musical events involving patients,create and implement musical sessions in accordance with patient requirements; design patient musical activities; design patient musical events; deliver musical activities for patients in accordance with their requirements; perform patient musical event development and delivery activities; design musical activities involving patients; create and implement musical events according to patient needs; develop musical events involving patients,Design and implement musical events involving patients in order to respond to their needs.,ESCO v1.2.0 / API-ready,0.78,auto_generated_review,esco_auto_expansion_500_review_needed
SK344,K04,"Creative, Media, and Communications",Creative and Performing Arts,Performing arts fights legal regulations,"The legal disclosures and insurances one need to work as fight director with performers, taking into account the use of weapons and risk assesment.",2651,Visual Artists,2651,performing arts fights legal regulations,"Performing arts fights legal regulations; performing arts fights legal regulations; legal stage combat regulations; legal regulations when performing art fights; legal regulations for stage combat; legal and prevention issues related to fights in the performing arts; Creative and Performing Arts; Creative, Media, and Communications",http://data.europa.eu/esco/skill/81c19090-1585-42e9-9b8a-ac17bad0319e,performing arts fights legal regulations,legal stage combat regulations; legal regulations when performing art fights; legal regulations for stage combat; legal and prevention issues related to fights in the performing arts,"The legal disclosures and insurances one need to work as fight director with performers, taking into account the use of weapons and risk assesment.",ESCO v1.2.0 / API-ready,0.78,auto_generated_review,esco_auto_expansion_500_review_needed
SK345,K04,"Creative, Media, and Communications","Design, Multimedia, and Cultural Work",Teach design and applied arts principles,"Instruct students in the theory and practice of applied arts and (visual) design principles, with the aim of assisting them in pursuing a future career in this field, more specifically in courses such as graphic design, landscape design, interior design, animation, and photography.",2166,Graphic and Multimedia Designers,2166,teach design and applied arts principles,"Teach design and applied arts principles; teach design and applied arts principles; teaching design and applied arts principles; teach applied arts principles; provide instruction on design and applied arts principles; educate on design and applied arts principles; teach design principles; teaches design and applied arts principles; explain design and applied arts principles; Design, Multimedia, and Cultural Work; Creative, Media, and Communications",http://data.europa.eu/esco/skill/7fa93d7f-8ff9-4878-9ad0-1968d75476aa,teach design and applied arts principles,teaching design and applied arts principles; teach applied arts principles; provide instruction on design and applied arts principles; educate on design and applied arts principles; teach design principles; teaches design and applied arts principles; explain design and applied arts principles,"Instruct students in the theory and practice of applied arts and (visual) design principles, with the aim of assisting them in pursuing a future career in this field, more specifically in courses such as graphic design, landscape design, interior design, animation, and photography.",ESCO v1.2.0 / API-ready,0.78,auto_generated_review,esco_auto_expansion_500_review_needed
SK346,K04,"Creative, Media, and Communications",Creative and Performing Arts,Assess each stage of the creative process,"Assess and keep track of the work accomplished, analysing it for the artistic intent.",2651,Visual Artists,2651,assess each stage of the creative process,"Assess each stage of the creative process; assess each stage of the creative process; evaluate each stage of the creative process; review each stage of the creative process; assessing each stage of the creative process; assess stages of the creative process; Creative and Performing Arts; Creative, Media, and Communications",http://data.europa.eu/esco/skill/705ee92e-8cc4-4c86-9321-88e0821373a7,assess each stage of the creative process,evaluate each stage of the creative process; review each stage of the creative process; assessing each stage of the creative process; assess stages of the creative process,"Assess and keep track of the work accomplished, analysing it for the artistic intent.",ESCO v1.2.0 / API-ready,0.78,auto_generated_review,esco_auto_expansion_500_review_needed
SK347,K04,"Creative, Media, and Communications","Design, Multimedia, and Cultural Work",Create prototype of user experience solutions,"Design and prepare mock-ups, prototypes and flows in order to test User Experience (UX) solutions or to collect feedback from users, customers, partners or stakeholders.",2166,Graphic and Multimedia Designers,2166,create prototype of user experience solutions,"Create prototype of user experience solutions; create prototype of user experience solutions; UX; Design, Multimedia, and Cultural Work; Creative, Media, and Communications",http://data.europa.eu/esco/skill/07dd856d-6141-48a7-a228-918f88494812,create prototype of user experience solutions,UX,"Design and prepare mock-ups, prototypes and flows in order to test User Experience (UX) solutions or to collect feedback from users, customers, partners or stakeholders.",ESCO v1.2.0 / API-ready,0.78,auto_generated_review,esco_auto_expansion_500_review_needed
SK348,K04,"Creative, Media, and Communications",Creative and Performing Arts,Adapt designers’ work to the performance venue,"Reorient the work of performance collaborators, such as musicians, dancers, actors as well as artistic and technical collaborators, such as set designers, lighting operators and stage managers.",2651,Visual Artists,2651,adapt designers’ work to the performance venue,"Adapt designers’ work to the performance venue; adapt designers’ work to the performance venue; adapt the work of all involved to the performance venue; adapt designers' work to venue of performance; modify designers' work according to performance location; adapt work of designers to the performance venue; Creative and Performing Arts; Creative, Media, and Communications",http://data.europa.eu/esco/skill/892f8e2f-189a-41d5-a4b6-b8e2afb99974,adapt designers’ work to the performance venue,adapt the work of all involved to the performance venue; adapt designers' work to venue of performance; modify designers' work according to performance location; adapt work of designers to the performance venue,"Reorient the work of performance collaborators, such as musicians, dancers, actors as well as artistic and technical collaborators, such as set designers, lighting operators and stage managers.",ESCO v1.2.0 / API-ready,0.78,auto_generated_review,esco_auto_expansion_500_review_needed
SK349,K04,"Creative, Media, and Communications","Writing, Journalism, and Language",Write prescriptions for medication in dentistry,"Determine indications and contraindications for the use of medication in dental practice, determining their dosages and routes of administration and writing prescriptions for medication used in dentistry.",2641,Authors and Related Writers,2641,write prescriptions for medication in dentistry,"Write prescriptions for medication in dentistry; write prescriptions for medication in dentistry; write prescriptions for dentistry medication; determine indications for use of medication in dental practice; write a prescription for medication in dentistry; administer prescriptions for medication in dentistry; Writing, Journalism, and Language; Creative, Media, and Communications",http://data.europa.eu/esco/skill/ef69c0d3-0203-4de5-848f-9329c7fe8440,write prescriptions for medication in dentistry,write prescriptions for dentistry medication; determine indications for use of medication in dental practice; write a prescription for medication in dentistry; administer prescriptions for medication in dentistry,"Determine indications and contraindications for the use of medication in dental practice, determining their dosages and routes of administration and writing prescriptions for medication used in dentistry.",ESCO v1.2.0 / API-ready,0.78,auto_generated_review,esco_auto_expansion_500_review_needed
SK350,K04,"Creative, Media, and Communications",Creative and Performing Arts,Participate as a performer in the creative process,"Clarify the extent to which the performer, as a member of the team, should be involved in the creative process, adapting yourself to different leadership styles. Understand choreographer's/director's sources of inspiration, the tone of the piece, and the approach to physicality. Identify the elements the director would like to incorporate into the work. Ask key questions and verbally reformulate the choreographer's/director's artistic intent to ensure being in the same page.",2651,Visual Artists,2651,participate as a performer in the creative process,"Participate as a performer in the creative process; participate as a performer in the creative process; participating as a performer in the creative process; get involved in the creative process as a performer; take part in the creative process as a performer; Creative and Performing Arts; Creative, Media, and Communications",http://data.europa.eu/esco/skill/b86d94e7-92b0-40d2-91ec-eba017acdaeb,participate as a performer in the creative process,participating as a performer in the creative process; get involved in the creative process as a performer; take part in the creative process as a performer,"Clarify the extent to which the performer, as a member of the team, should be involved in the creative process, adapting yourself to different leadership styles. Understand choreographer's/director's sources of inspiration, the tone of the piece, and the approach to physicality. Identify the elements the director would like to incorporate into the work. Ask key questions and verbally reformulate the choreographer's/director's artistic intent to ensure being in the same page.",ESCO v1.2.0 / API-ready,0.78,auto_generated_review,esco_auto_expansion_500_review_needed
SK351,K04,"Creative, Media, and Communications",Creative and Performing Arts,Respect cultural differences in the field of exhibition,"Respect cultural differences when creating artistic concepts and exhibitions. Collaborate with international artists, curators, museums and sponsors.",2651,Visual Artists,2651,respect cultural differences in the field of exhibition,"Respect cultural differences in the field of exhibition; respect cultural differences in the field of exhibition; respect differences in culture in the field of exhibition; respect cultural differences in the field of exhibition and collection; respect cultural differences in exhibition field; respect cultural differences with preparing exhibitions; Creative and Performing Arts; Creative, Media, and Communications",http://data.europa.eu/esco/skill/75595bbd-e2f4-40b7-846f-27945e52ab7c,respect cultural differences in the field of exhibition,respect differences in culture in the field of exhibition; respect cultural differences in the field of exhibition and collection; respect cultural differences in exhibition field; respect cultural differences with preparing exhibitions,"Respect cultural differences when creating artistic concepts and exhibitions. Collaborate with international artists, curators, museums and sponsors.",ESCO v1.2.0 / API-ready,0.78,auto_generated_review,esco_auto_expansion_500_review_needed
SK352,K04,"Creative, Media, and Communications","Design, Multimedia, and Cultural Work",Computer graphics,"The field that merges approaches from computer science and design. It involves the process of creating images, 3D models generation, as well as the rendering, texturing and lighting them. Its applications vary from digital photography, film and video games, and the display of images on electronic devices.",2166,Graphic and Multimedia Designers,2166,computer graphics,"Computer graphics; computer graphics; vector graphics; interactive computer graphics; Design, Multimedia, and Cultural Work; Creative, Media, and Communications",http://data.europa.eu/esco/skill/afda6ca0-7aa8-41ef-ba5e-8dc607839daf,computer graphics,vector graphics; interactive computer graphics,"The field that merges approaches from computer science and design. It involves the process of creating images, 3D models generation, as well as the rendering, texturing and lighting them. Its applications vary from digital photography, film and video games, and the display of images on electronic devices.",ESCO v1.2.0 / API-ready,0.78,auto_generated_review,esco_auto_expansion_500_review_needed
SK353,K04,"Creative, Media, and Communications",Creative and Performing Arts,Perform music solo,Perform music individually.,2651,Visual Artists,2651,perform music solo,"Perform music solo; perform music solo; perform music individually; play music in solo; perform musical solo; performing music solo; Creative and Performing Arts; Creative, Media, and Communications",http://data.europa.eu/esco/skill/d7cac6b2-fab5-432a-af1c-23154ea56522,perform music solo,perform music individually; play music in solo; perform musical solo; performing music solo,Perform music individually.,ESCO v1.2.0 / API-ready,0.78,auto_generated_review,esco_auto_expansion_500_review_needed
SK354,K04,"Creative, Media, and Communications","Design, Multimedia, and Cultural Work",Store design layout,Fundamentals in layout and store design in order to achieve an optimal product placement.,2166,Graphic and Multimedia Designers,2166,store design layout,"Store design layout; store design layout; arrange design layout; store design layouts; model design layout; develop design layout; store a design layout; storing a design layout; produce design layout; Design, Multimedia, and Cultural Work; Creative, Media, and Communications",http://data.europa.eu/esco/skill/5a214c90-0c40-49f6-b512-4ff3a7cfc135,store design layout,arrange design layout; store design layouts; model design layout; develop design layout; store a design layout; storing a design layout; produce design layout,Fundamentals in layout and store design in order to achieve an optimal product placement.,ESCO v1.2.0 / API-ready,0.78,auto_generated_review,esco_auto_expansion_500_review_needed
SK355,K04,"Creative, Media, and Communications","Writing, Journalism, and Language",Writing style guides,"The large variety of style guides available depending on the kind of writing, industry, or purpose. Style guides comprise APA style and ASA style for the social sciences, AP style for journalism, CSE style for physical sciences, and others.",2641,Authors and Related Writers,2641,writing style guides,"Writing style guides; writing style guides; designing style guides; writing guides for style; write style guides; writing style manual; writing style guide; Writing, Journalism, and Language; Creative, Media, and Communications",http://data.europa.eu/esco/skill/e33f2942-c4e7-4cfa-8b5a-4e068ab5b1aa,writing style guides,designing style guides; writing guides for style; write style guides; writing style manual; writing style guide,"The large variety of style guides available depending on the kind of writing, industry, or purpose. Style guides comprise APA style and ASA style for the social sciences, AP style for journalism, CSE style for physical sciences, and others.",ESCO v1.2.0 / API-ready,0.78,auto_generated_review,esco_auto_expansion_500_review_needed
SK356,K04,"Creative, Media, and Communications",Creative and Performing Arts,Analyse theatre texts,Understand and analyse theatre texts; take an active part in the interpretation of the artistic project; conduct thorough personal research in textual material and dramaturgy.,2651,Visual Artists,2651,analyse theatre texts,"Analyse theatre texts; analyse theatre texts; analyze theater texts; read through theatre scripts; analyse theatrical texts; examine theatre projects; analyse texts for theatre; Creative and Performing Arts; Creative, Media, and Communications",http://data.europa.eu/esco/skill/22cbb90f-0bf1-4c30-98c0-7c9749b4e08d,analyse theatre texts,analyze theater texts; read through theatre scripts; analyse theatrical texts; examine theatre projects; analyse texts for theatre,Understand and analyse theatre texts; take an active part in the interpretation of the artistic project; conduct thorough personal research in textual material and dramaturgy.,ESCO v1.2.0 / API-ready,0.78,auto_generated_review,esco_auto_expansion_500_review_needed
SK357,K04,"Creative, Media, and Communications",Creative and Performing Arts,Maintain theatre sets,"Install, check, maintain and repair stages and sets.",2651,Visual Artists,2651,maintain theatre sets,"Maintain theatre sets; maintain theatre sets; maintaining theatre sets; maintain theater sets; maintain theatre set; oversee theatre sets; keep theatre sets in good condition; keep up theatre sets; Creative and Performing Arts; Creative, Media, and Communications",http://data.europa.eu/esco/skill/de652c63-dc56-41fa-aa16-444bee79ab33,maintain theatre sets,maintaining theatre sets; maintain theater sets; maintain theatre set; oversee theatre sets; keep theatre sets in good condition; keep up theatre sets,"Install, check, maintain and repair stages and sets.",ESCO v1.2.0 / API-ready,0.78,auto_generated_review,esco_auto_expansion_500_review_needed
SK358,K04,"Creative, Media, and Communications",Broadcasting and Content Support,Operate audio equipment,"Apply technologies for re-creation or recording of sounds, such as speaking, sound of instruments in electrical or mechanical form.",3521,Broadcasting and Audio-visual Technicians,3521,operate audio equipment,"Operate audio equipment; operate audio equipment; operate broadcast studio controls; apply audio technology; Broadcasting and Content Support; Creative, Media, and Communications",http://data.europa.eu/esco/skill/b5b09dac-5b28-40a5-b671-5f9aa31f65d8,operate audio equipment,operate broadcast studio controls; apply audio technology,"Apply technologies for re-creation or recording of sounds, such as speaking, sound of instruments in electrical or mechanical form.",ESCO v1.2.0 / API-ready,0.78,auto_generated_review,esco_auto_expansion_500_review_needed
SK359,K04,"Creative, Media, and Communications","Writing, Journalism, and Language",Write calibration report,"Report on the instrument calibration measurements and results. A calibration report includes the objectives and approach of the test, descriptions of tested instruments or products, test procedures, and test results.",2641,Authors and Related Writers,2641,write calibration report,"Write calibration report; write calibration report; writing calibration report; calibration report preparing; calibration report writing; prepare calibration report; preparing calibration report; Writing, Journalism, and Language; Creative, Media, and Communications",http://data.europa.eu/esco/skill/f96c8129-91b8-4d29-bfa2-3d889e427e74,write calibration report,writing calibration report; calibration report preparing; calibration report writing; prepare calibration report; preparing calibration report,"Report on the instrument calibration measurements and results. A calibration report includes the objectives and approach of the test, descriptions of tested instruments or products, test procedures, and test results.",ESCO v1.2.0 / API-ready,0.78,auto_generated_review,esco_auto_expansion_500_review_needed
SK360,K04,"Creative, Media, and Communications",Creative and Performing Arts,Perform music in ensemble,"Perform music in cooperation with fellow musicians, as a part of an ensemble.",2651,Visual Artists,2651,perform music in ensemble,"Perform music in ensemble; perform music in ensemble; performing music in ensemble; play music in ensemble; Creative and Performing Arts; Creative, Media, and Communications",http://data.europa.eu/esco/skill/79862c50-3b36-4c37-9ff6-669a54fce459,perform music in ensemble,performing music in ensemble; play music in ensemble,"Perform music in cooperation with fellow musicians, as a part of an ensemble.",ESCO v1.2.0 / API-ready,0.78,auto_generated_review,esco_auto_expansion_500_review_needed
SK361,K04,"Creative, Media, and Communications",Creative and Performing Arts,Plan musical performances,"Schedule rehearsals and music performances, arrange details such as locations, select accompanists and instrumentalists.",2651,Visual Artists,2651,plan musical performances,"Plan musical performances; plan musical performances; plan music performance; coordinate musical shows; schedule musical events; plan performances of music; Creative and Performing Arts; Creative, Media, and Communications",http://data.europa.eu/esco/skill/4109c79f-0332-498d-a967-b6d22761c639,plan musical performances,plan music performance; coordinate musical shows; schedule musical events; plan performances of music,"Schedule rehearsals and music performances, arrange details such as locations, select accompanists and instrumentalists.",ESCO v1.2.0 / API-ready,0.78,auto_generated_review,esco_auto_expansion_500_review_needed
SK362,K05,"Education, Training, and Community Services",Teaching and Academic Support,Teach in academic or vocational contexts,"Instruct students in the theory and practice of academic or vocational subjects, transferring the content of own and others' research activities.",2359,Teaching Professionals Not Elsewhere Classified,2359,teach in academic or vocational contexts,"Teach in academic or vocational contexts; teach in academic or vocational contexts; instruct in educational or vocational settings; provide instruction in academic or vocational domains; teach students in academic or vocational contexts; Teaching and Academic Support; Education, Training, and Community Services",http://data.europa.eu/esco/skill/4cd85845-f31c-4306-994d-e12d45114d83,teach in academic or vocational contexts,instruct in educational or vocational settings; provide instruction in academic or vocational domains; teach students in academic or vocational contexts,"Instruct students in the theory and practice of academic or vocational subjects, transferring the content of own and others' research activities.",ESCO v1.2.0 / API-ready,0.78,auto_generated_review,esco_auto_expansion_500_review_needed
SK363,K05,"Education, Training, and Community Services","Social, Religious, and Community Work",Refer service users to community resources,"Refer clients to community resources for services such as job or debt counselling, legal aid, housing, medical treatment, or financial assistance, providing concrete information, such as where to go and how to apply.",3412,Social Work Associate Professionals,3412,refer service users to community resources,"Refer service users to community resources; refer service users to community resources; assign service user to community resources; refer patients to community resources; assign client to community resources; refer clients to community resources for social services; assign clients to community resources; refer clients to community resources; assign patients to community resources; assign service users to community resources; Social, Religious, and Community Work; Education, Training, and Community Services",http://data.europa.eu/esco/skill/d22ed03b-5385-4c53-b399-17bfec2b61f5,refer service users to community resources,assign service user to community resources; refer patients to community resources; assign client to community resources; refer clients to community resources for social services; assign clients to community resources; refer clients to community resources; assign patients to community resources; assign service users to community resources,"Refer clients to community resources for services such as job or debt counselling, legal aid, housing, medical treatment, or financial assistance, providing concrete information, such as where to go and how to apply.",ESCO v1.2.0 / API-ready,0.78,auto_generated_review,esco_auto_expansion_500_review_needed
SK364,K05,"Education, Training, and Community Services",Teaching and Academic Support,Adult education,"Instruction targeted at adult students, both in a recreational and in an academic context, for self-improvement purposes, or to better equip the students for the labour market.",2359,Teaching Professionals Not Elsewhere Classified,2359,adult education,"Adult education; adult education; adult students learning; adult teaching; adult students education; adult trainings; adult learning; adult training; adult apprenticeship; adult apprenticeships; Teaching and Academic Support; Education, Training, and Community Services",http://data.europa.eu/esco/skill/60856bbb-e5db-4398-babb-300a24a7fe97,adult education,adult students learning; adult teaching; adult students education; adult trainings; adult learning; adult training; adult apprenticeship; adult apprenticeships,"Instruction targeted at adult students, both in a recreational and in an academic context, for self-improvement purposes, or to better equip the students for the labour market.",ESCO v1.2.0 / API-ready,0.78,auto_generated_review,esco_auto_expansion_500_review_needed
SK365,K05,"Education, Training, and Community Services",Teaching and Academic Support,Provide teacher support,"Assist teachers in classroom instruction by providing and preparing lesson materials, monitoring the students during their work and helping them in their learning where necessary.",2359,Teaching Professionals Not Elsewhere Classified,2359,provide teacher support,"Provide teacher support; provide teacher support; providing teacher support; offer teacher support; supply teacher support; provides teacher support; make teacher support available; Teaching and Academic Support; Education, Training, and Community Services",http://data.europa.eu/esco/skill/a13566a2-4461-4dcc-82b2-8280fb5bb993,provide teacher support,providing teacher support; offer teacher support; supply teacher support; provides teacher support; make teacher support available,"Assist teachers in classroom instruction by providing and preparing lesson materials, monitoring the students during their work and helping them in their learning where necessary.",ESCO v1.2.0 / API-ready,0.78,auto_generated_review,esco_auto_expansion_500_review_needed
SK366,K05,"Education, Training, and Community Services","Social, Religious, and Community Work",Clinical social work,"The branch of social work that deals with assessing, making diagnoses, treating and preventing bio-psychological problems and other behavioural disturbances.",3412,Social Work Associate Professionals,3412,clinical social work,"Clinical social work; clinical social work; social services; Social, Religious, and Community Work; Education, Training, and Community Services",http://data.europa.eu/esco/skill/80d3bfd0-5781-4c8e-a8d8-54146e22af21,clinical social work,social services,"The branch of social work that deals with assessing, making diagnoses, treating and preventing bio-psychological problems and other behavioural disturbances.",ESCO v1.2.0 / API-ready,0.78,auto_generated_review,esco_auto_expansion_500_review_needed
SK367,K05,"Education, Training, and Community Services","Social, Religious, and Community Work",Refer social service users,"Make referrals to other professionals and other organisations, based on the social service users' requirements and needs.",3412,Social Work Associate Professionals,3412,refer social service users,"Refer social service users; refer social service users; refer a social service user; refer social services users; send social service users to other health professionals; make referrals to other health professionals; Social, Religious, and Community Work; Education, Training, and Community Services",http://data.europa.eu/esco/skill/e23c32a2-eff1-4d77-b2b0-724a3a600a95,refer social service users,refer a social service user; refer social services users; send social service users to other health professionals; make referrals to other health professionals,"Make referrals to other professionals and other organisations, based on the social service users' requirements and needs.",ESCO v1.2.0 / API-ready,0.78,auto_generated_review,esco_auto_expansion_500_review_needed
SK368,K05,"Education, Training, and Community Services",Teaching and Academic Support,Develop educational resources,"Create and develop educational resources for visitors, school groups, families and special interest groups.",2359,Teaching Professionals Not Elsewhere Classified,2359,develop educational resources,"Develop educational resources; develop educational resources; develop resources for education; create educational resources; develop teaching and learning resources; developing educational resources; Teaching and Academic Support; Education, Training, and Community Services",http://data.europa.eu/esco/skill/3a5b7435-c262-4a9d-893d-ee6c19bd9d92,develop educational resources,develop resources for education; create educational resources; develop teaching and learning resources; developing educational resources,"Create and develop educational resources for visitors, school groups, families and special interest groups.",ESCO v1.2.0 / API-ready,0.78,auto_generated_review,esco_auto_expansion_500_review_needed
SK369,K05,"Education, Training, and Community Services",Teaching and Academic Support,Liaise with educational staff,"Communicate with the school staff such as teachers, teaching assistants, academic advisors, and the principal on issues relating to students' well-being. In the context of a university, liaise with the technical and research staff to discuss research projects and courses-related matters.",2359,Teaching Professionals Not Elsewhere Classified,2359,liaise with educational staff,"Liaise with educational staff; liaise with educational staff; liaises with educational staff; mediate with educational staff; coordinate with educational staff; liaising with educational staff; communicate with educational staff; Teaching and Academic Support; Education, Training, and Community Services",http://data.europa.eu/esco/skill/ed57378a-2b27-4d80-8701-124e559cf17d,liaise with educational staff,liaises with educational staff; mediate with educational staff; coordinate with educational staff; liaising with educational staff; communicate with educational staff,"Communicate with the school staff such as teachers, teaching assistants, academic advisors, and the principal on issues relating to students' well-being. In the context of a university, liaise with the technical and research staff to discuss research projects and courses-related matters.",ESCO v1.2.0 / API-ready,0.78,auto_generated_review,esco_auto_expansion_500_review_needed
SK370,K05,"Education, Training, and Community Services","Social, Religious, and Community Work",Advocate for social service users,"Speak for and on behalf of service users, using communicative skills and knowledge of relevant fields to assist those less advantaged.",3412,Social Work Associate Professionals,3412,advocate for social service users,"Advocate for social service users; advocate for social service users; advocate for social-service users; advocate for social services users; speak out for social-service clients; speak on behalf of social service clients; act as an advocate for social service users; represent social service users; Social, Religious, and Community Work; Education, Training, and Community Services",http://data.europa.eu/esco/skill/6b85a3ef-4518-42e1-84ff-55ff13c2641f,advocate for social service users,advocate for social-service users; advocate for social services users; speak out for social-service clients; speak on behalf of social service clients; act as an advocate for social service users; represent social service users,"Speak for and on behalf of service users, using communicative skills and knowledge of relevant fields to assist those less advantaged.",ESCO v1.2.0 / API-ready,0.78,auto_generated_review,esco_auto_expansion_500_review_needed
SK371,K05,"Education, Training, and Community Services",Teaching and Academic Support,Document prior learning assessments,"Observe a performance and use existing templates to protocol answers and information collected during tests, interviews, or simulations. Adhere to a pre-defined frame of reference and structure the protocol comprehensible for others. Ensure that pre-defined templates and procedures are clear, comprehensible, and unambiguous.",2359,Teaching Professionals Not Elsewhere Classified,2359,document prior learning assessments,"Document prior learning assessments; document prior learning assessments; record previous educational evaluations; ensure clarity in procedures for prior learning assessments; register prior learning assessments; Teaching and Academic Support; Education, Training, and Community Services",http://data.europa.eu/esco/skill/ed2383a8-d361-4453-99d4-1c88aceffeb4,document prior learning assessments,record previous educational evaluations; ensure clarity in procedures for prior learning assessments; register prior learning assessments,"Observe a performance and use existing templates to protocol answers and information collected during tests, interviews, or simulations. Adhere to a pre-defined frame of reference and structure the protocol comprehensible for others. Ensure that pre-defined templates and procedures are clear, comprehensible, and unambiguous.",ESCO v1.2.0 / API-ready,0.78,auto_generated_review,esco_auto_expansion_500_review_needed
SK372,K05,"Education, Training, and Community Services","Social, Religious, and Community Work",Negotiate with social service users,"Discuss with your client to establish fair conditions, building on a bond of trust, reminding the client that the work is in their favour and encouraging their cooperation.",3412,Social Work Associate Professionals,3412,negotiate with social service users,"Negotiate with social service users; negotiate with social service users; build cooperative relationship with social service users; discuss with social services users; discuss with social service users; establish cooperative relationship with social service users; negotiate with social service user; negotiate with a social service user; discuss with social service user; negotiate with social services users; Social, Religious, and Community Work; Education, Training, and Community Services",http://data.europa.eu/esco/skill/758a4e08-3133-4dd5-893e-b4067a67344f,negotiate with social service users,build cooperative relationship with social service users; discuss with social services users; discuss with social service users; establish cooperative relationship with social service users; negotiate with social service user; negotiate with a social service user; discuss with social service user; negotiate with social services users,"Discuss with your client to establish fair conditions, building on a bond of trust, reminding the client that the work is in their favour and encouraging their cooperation.",ESCO v1.2.0 / API-ready,0.78,auto_generated_review,esco_auto_expansion_500_review_needed
SK373,K05,"Education, Training, and Community Services","Social, Religious, and Community Work",Communicate with social service users,"Use verbal, non-verbal, written, and electronic communication. Pay attention to the specific social service users' needs, characteristics, abilities, preferences, age, developmental stage, and culture.",3412,Social Work Associate Professionals,3412,communicate with social service users,"Communicate with social service users; communicate with social service users; deal with social service users' needs; communicate with social services users; communicate with users of social services; give information to social service users; pass on information to social service users; communicate with users of social service; talk to social service users; Social, Religious, and Community Work; Education, Training, and Community Services",http://data.europa.eu/esco/skill/e8828961-9e8e-471f-bd24-0673a7e844ef,communicate with social service users,deal with social service users' needs; communicate with social services users; communicate with users of social services; give information to social service users; pass on information to social service users; communicate with users of social service; talk to social service users,"Use verbal, non-verbal, written, and electronic communication. Pay attention to the specific social service users' needs, characteristics, abilities, preferences, age, developmental stage, and culture.",ESCO v1.2.0 / API-ready,0.78,auto_generated_review,esco_auto_expansion_500_review_needed
SK374,K05,"Education, Training, and Community Services","Social, Religious, and Community Work",Supervise students in social services,Supervise social work students while they are on social work placement. Share expertise and train them to execute their responsibilities well.,3412,Social Work Associate Professionals,3412,supervise students in social services,"Supervise students in social services; supervise students in social services; supervise a student in social services; share expertise with students in social services; act as mentor for social work students; supervise students in social service; mentor social work students during their work placements; Social, Religious, and Community Work; Education, Training, and Community Services",http://data.europa.eu/esco/skill/ac6d3eaf-7a85-495a-b12a-a0f66de8712a,supervise students in social services,supervise a student in social services; share expertise with students in social services; act as mentor for social work students; supervise students in social service; mentor social work students during their work placements,Supervise social work students while they are on social work placement. Share expertise and train them to execute their responsibilities well.,ESCO v1.2.0 / API-ready,0.78,auto_generated_review,esco_auto_expansion_500_review_needed
SK375,K05,"Education, Training, and Community Services","Social, Religious, and Community Work",Monitor regulations in social services,"Monitor and analyse regulations, policies and changes in these regulations in order to assess how they impact social work and services.",3412,Social Work Associate Professionals,3412,monitor regulations in social services,"Monitor regulations in social services; monitor regulations in social services; observe regulations in social services; monitor regulations in social service; monitor a regulation in social services; monitor policies in social services; monitor policies affecting social work; monitor changes in regulations in social work and services; analyse regulations and policies in social services; analyze regulations and policies in social services; Social, Religious, and Community Work; Education, Training, and Community Services",http://data.europa.eu/esco/skill/1b7d5366-516a-4e3a-8ff0-e3f7973c00a7,monitor regulations in social services,observe regulations in social services; monitor regulations in social service; monitor a regulation in social services; monitor policies in social services; monitor policies affecting social work; monitor changes in regulations in social work and services; analyse regulations and policies in social services; analyze regulations and policies in social services,"Monitor and analyse regulations, policies and changes in these regulations in order to assess how they impact social work and services.",ESCO v1.2.0 / API-ready,0.78,auto_generated_review,esco_auto_expansion_500_review_needed
SK376,K05,"Education, Training, and Community Services","Social, Religious, and Community Work",Protect vulnerable social service users,"Intervene to provide physical, moral and psychological support to people in dangerous or difficult situations and to remove to a place of safety where appropriate.",3412,Social Work Associate Professionals,3412,protect vulnerable social service users,"Protect vulnerable social service users; protect vulnerable social service users; help vulnerable social service users; support vulnerable social service users; protect a vulnerable social service user; intervene to protect vulnerable social service users; protect vulnerable social service user; protect vulnerable social services users; Social, Religious, and Community Work; Education, Training, and Community Services",http://data.europa.eu/esco/skill/3aa7e88e-bebd-48b1-94ba-6efddeecf08f,protect vulnerable social service users,help vulnerable social service users; support vulnerable social service users; protect a vulnerable social service user; intervene to protect vulnerable social service users; protect vulnerable social service user; protect vulnerable social services users,"Intervene to provide physical, moral and psychological support to people in dangerous or difficult situations and to remove to a place of safety where appropriate.",ESCO v1.2.0 / API-ready,0.78,auto_generated_review,esco_auto_expansion_500_review_needed
SK377,K05,"Education, Training, and Community Services","Social, Religious, and Community Work",Work with social service users in a group,Establish a group of social service users and work together towards individual and group goals.,3412,Social Work Associate Professionals,3412,work with social service users in a group,"Work with social service users in a group; work with social service users in a group; facilitate groups for social service users; work with social service users in groups; lead and facilitate groups for social service users; work with a group of social service users; lead groups for social service users; work with groups in social services; Social, Religious, and Community Work; Education, Training, and Community Services",http://data.europa.eu/esco/skill/f2da762e-868c-4dff-a936-50a7cb56e44d,work with social service users in a group,facilitate groups for social service users; work with social service users in groups; lead and facilitate groups for social service users; work with a group of social service users; lead groups for social service users; work with groups in social services,Establish a group of social service users and work together towards individual and group goals.,ESCO v1.2.0 / API-ready,0.78,auto_generated_review,esco_auto_expansion_500_review_needed
SK378,K05,"Education, Training, and Community Services","Social, Religious, and Community Work",Apply foreign languages in social services,"Communicate with social service users and social services providers in foreign languages, according to their needs.",3412,Social Work Associate Professionals,3412,apply foreign languages in social services,"Apply foreign languages in social services; apply foreign languages in social services; talk to social service users in foreign language; apply foreign languages in social services environment; apply a foreign language in social services; apply foreign languages in social service; communicate in foreign languages in social services; Social, Religious, and Community Work; Education, Training, and Community Services",http://data.europa.eu/esco/skill/77734d97-4376-4336-85a0-43f63c0eb399,apply foreign languages in social services,talk to social service users in foreign language; apply foreign languages in social services environment; apply a foreign language in social services; apply foreign languages in social service; communicate in foreign languages in social services,"Communicate with social service users and social services providers in foreign languages, according to their needs.",ESCO v1.2.0 / API-ready,0.78,auto_generated_review,esco_auto_expansion_500_review_needed
SK379,K05,"Education, Training, and Community Services","Social, Religious, and Community Work",Apply quality standards in social services,Apply quality standards in social services while upholding social work values and principles.,3412,Social Work Associate Professionals,3412,apply quality standards in social services,"Apply quality standards in social services; apply quality standards in social services; apply quality standards in social service; maintain quality standards in social services; apply quality-standards in social-services; uphold social work values and principles; Social, Religious, and Community Work; Education, Training, and Community Services",http://data.europa.eu/esco/skill/2f8a2712-d20c-4e5f-b34a-738f55486aa0,apply quality standards in social services,apply quality standards in social service; maintain quality standards in social services; apply quality-standards in social-services; uphold social work values and principles,Apply quality standards in social services while upholding social work values and principles.,ESCO v1.2.0 / API-ready,0.78,auto_generated_review,esco_auto_expansion_500_review_needed
SK380,K05,"Education, Training, and Community Services","Social, Religious, and Community Work",Manage ethical issues within social services,"Apply social work ethical principles to guide practice and manage complex ethical issues, dilemmas and conflicts in accordance to occupational conduct, the ontology and the code of ethics of the social services occupations, engaging in ethical decision making by applying standards of national and, as applicable, international codes of ethics or statements of principles.",3412,Social Work Associate Professionals,3412,manage ethical issues within social services,"Manage ethical issues within social services; manage ethical issues within social services; manage ethical issues within social work; deal with ethical issues within social services; manage ethical conflicts within social services; handle ethical issues within social services; manage ethical dilemmas within social services; Social, Religious, and Community Work; Education, Training, and Community Services",http://data.europa.eu/esco/skill/a762f4cd-b6bb-419b-834a-71f3ed367e5c,manage ethical issues within social services,manage ethical issues within social work; deal with ethical issues within social services; manage ethical conflicts within social services; handle ethical issues within social services; manage ethical dilemmas within social services,"Apply social work ethical principles to guide practice and manage complex ethical issues, dilemmas and conflicts in accordance to occupational conduct, the ontology and the code of ethics of the social services occupations, engaging in ethical decision making by applying standards of national and, as applicable, international codes of ethics or statements of principles.",ESCO v1.2.0 / API-ready,0.78,auto_generated_review,esco_auto_expansion_500_review_needed
SK381,K05,"Education, Training, and Community Services","Social, Religious, and Community Work",Support social service users to live at home,"Support social service users to develop their own personal resources and work with them to access additional resources, services and facilities.",3412,Social Work Associate Professionals,3412,support social service users to live at home,"Support social service users to live at home; support social service users to live at home; support social care service users to live at home; support service users to live at home; support users of social care services to live at home; improve sociale service users' ability to live at home; improve social services users' ability to live at home; help social services users to live at home; Social, Religious, and Community Work; Education, Training, and Community Services",http://data.europa.eu/esco/skill/941438bd-cc03-4326-91bf-677157dca170,support social service users to live at home,support social care service users to live at home; support service users to live at home; support users of social care services to live at home; improve sociale service users' ability to live at home; improve social services users' ability to live at home; help social services users to live at home,"Support social service users to develop their own personal resources and work with them to access additional resources, services and facilities.",ESCO v1.2.0 / API-ready,0.78,auto_generated_review,esco_auto_expansion_500_review_needed
SK382,K05,"Education, Training, and Community Services","Social, Religious, and Community Work",Apply holistic approach within social services,"Consider the social service user in any situation, recognising the connections between micro-dimension, meso-dimension, and macro-dimension of social problems, social development and social policies.",3412,Social Work Associate Professionals,3412,apply holistic approach within social services,"Apply holistic approach within social services; apply holistic approach within social services; apply a holistic approach in social services; work with a holistic approach within social services; apply holistic approach within social service; consider all dimensions of social service users' situations; have a holistic approach in social services; Social, Religious, and Community Work; Education, Training, and Community Services",http://data.europa.eu/esco/skill/afa3b020-a48c-45a8-a2ff-77d0b9df5381,apply holistic approach within social services,apply a holistic approach in social services; work with a holistic approach within social services; apply holistic approach within social service; consider all dimensions of social service users' situations; have a holistic approach in social services,"Consider the social service user in any situation, recognising the connections between micro-dimension, meso-dimension, and macro-dimension of social problems, social development and social policies.",ESCO v1.2.0 / API-ready,0.78,auto_generated_review,esco_auto_expansion_500_review_needed
SK383,K05,"Education, Training, and Community Services","Social, Religious, and Community Work",Support social service users in skills management,Provide support to individuals in determining the skills they need in they everyday lives and help them in their skills development.,3412,Social Work Associate Professionals,3412,support social service users in skills management,"Support social service users in skills management; support social service users in skills management; work on social service users' skills management; support service users in skills-management; help social service users in skills management; help social service users to identify their skills; support users of social services in skills management; Social, Religious, and Community Work; Education, Training, and Community Services",http://data.europa.eu/esco/skill/2d407c34-5699-42dc-ab58-373652d69aef,support social service users in skills management,work on social service users' skills management; support service users in skills-management; help social service users in skills management; help social service users to identify their skills; support users of social services in skills management,Provide support to individuals in determining the skills they need in they everyday lives and help them in their skills development.,ESCO v1.2.0 / API-ready,0.78,auto_generated_review,esco_auto_expansion_500_review_needed
SK384,K05,"Education, Training, and Community Services","Social, Religious, and Community Work",Build helping relationship with social service users,"Develop a collaborative helping relationship, addressing any ruptures or strains in the relationship, fostering bonding and gaining service users` trust and cooperation through empathic listening, caring, warmth and authenticity.",3412,Social Work Associate Professionals,3412,build helping relationship with social service users,"Build helping relationship with social service users; build helping relationship with social service users; build professional relationship with social service users; build a helping relationship with service users; develop a collaborative relationship with social service users; build cooperative relationship with social service users; build helping relationship with service user; build helping relationships with service users; establish and maintain cooperative relationships in social work; Social, Religious, and Community Work; Education, Training, and Community Services",http://data.europa.eu/esco/skill/fdb44237-c0b0-4924-9439-911332e0d884,build helping relationship with social service users,build professional relationship with social service users; build a helping relationship with service users; develop a collaborative relationship with social service users; build cooperative relationship with social service users; build helping relationship with service user; build helping relationships with service users; establish and maintain cooperative relationships in social work,"Develop a collaborative helping relationship, addressing any ruptures or strains in the relationship, fostering bonding and gaining service users` trust and cooperation through empathic listening, caring, warmth and authenticity.",ESCO v1.2.0 / API-ready,0.78,auto_generated_review,esco_auto_expansion_500_review_needed
SK385,K05,"Education, Training, and Community Services","Social, Religious, and Community Work",Make legislation transparent for users of social services,"Inform and explain the legislation for users of social services, in order to help them understand the implications it has on them and how to use it for their interest.",3412,Social Work Associate Professionals,3412,make legislation transparent for users of social services,"Make legislation transparent for users of social services; make legislation transparent for users of social services; explain legislation to social service users; make legislation understandable to users of social services; make legisation transparent for social service users; inform social service users on legislation; make legislation transparent for users of social service; Social, Religious, and Community Work; Education, Training, and Community Services",http://data.europa.eu/esco/skill/72cde4b2-b2ee-41b2-a72f-ab3a970c0b8f,make legislation transparent for users of social services,explain legislation to social service users; make legislation understandable to users of social services; make legisation transparent for social service users; inform social service users on legislation; make legislation transparent for users of social service,"Inform and explain the legislation for users of social services, in order to help them understand the implications it has on them and how to use it for their interest.",ESCO v1.2.0 / API-ready,0.78,auto_generated_review,esco_auto_expansion_500_review_needed
SK386,K05,"Education, Training, and Community Services","Social, Religious, and Community Work",Provide social counselling,"Assist and guide social service users to resolve personal, social or psychological problems and difficulties.",3412,Social Work Associate Professionals,3412,provide social counselling,"Provide social counselling; provide social counselling; provide social-counseling; offer social counselling services; offer social counseling services; offer social counselling; assist and guide social service users; offer social counseling; provide social-concelling; Social, Religious, and Community Work; Education, Training, and Community Services",http://data.europa.eu/esco/skill/09d6ed43-95a1-4492-8bd7-d01039285afa,provide social counselling,provide social-counseling; offer social counselling services; offer social counseling services; offer social counselling; assist and guide social service users; offer social counseling; provide social-concelling,"Assist and guide social service users to resolve personal, social or psychological problems and difficulties.",ESCO v1.2.0 / API-ready,0.78,auto_generated_review,esco_auto_expansion_500_review_needed
SK387,K05,"Education, Training, and Community Services",Teaching and Academic Support,Develop learning curriculum,"Develop and plan the learning goals and outcomes for education institutions, as well as the required teaching methods and potential education resources. Organise content, form, methods and technologies for delivery of study experiences.",2359,Teaching Professionals Not Elsewhere Classified,2359,develop learning curriculum,"Develop learning curriculum; develop learning curriculum; plan learning curriculum; design teaching and training plans; curriculum planning; produce teaching and training plans; design curriculum; establish teaching and training plans; teaching and training plans planning; produce curriculum; Teaching and Academic Support; Education, Training, and Community Services",http://data.europa.eu/esco/skill/7ee872de-db39-4ae3-8e19-75d1a2cdf697,develop learning curriculum,plan learning curriculum; design teaching and training plans; curriculum planning; produce teaching and training plans; design curriculum; establish teaching and training plans; teaching and training plans planning; produce curriculum,"Develop and plan the learning goals and outcomes for education institutions, as well as the required teaching methods and potential education resources. Organise content, form, methods and technologies for delivery of study experiences.",ESCO v1.2.0 / API-ready,0.78,auto_generated_review,esco_auto_expansion_500_review_needed
SK388,K05,"Education, Training, and Community Services","Libraries, Archives, and Curatorial Work",Collection management software,Be familiar with specialised collection management software used to document and keep record of the museum collection.,2622,Librarians and Related Information Professionals,2622,collection management software,"Collection management software; collection management software; collection software management; collections management software; collection information system; collection management and archive software; Libraries, Archives, and Curatorial Work; Education, Training, and Community Services",http://data.europa.eu/esco/skill/5fd6c193-93c6-4f2d-bf9b-e0debb851f2d,collection management software,collection software management; collections management software; collection information system; collection management and archive software,Be familiar with specialised collection management software used to document and keep record of the museum collection.,ESCO v1.2.0 / API-ready,0.78,auto_generated_review,esco_auto_expansion_500_review_needed
SK389,K05,"Education, Training, and Community Services",Teaching and Academic Support,Conduct educational activities,"Plan, perform and supervise educational activities for a variety of audiences, such as for school children, university students, specialist groups, or members of the public.",2359,Teaching Professionals Not Elsewhere Classified,2359,conduct educational activities,"Conduct educational activities; conduct educational activities; plan educational events; carry out learning activities; conduct education activities; conduct activities in education; Teaching and Academic Support; Education, Training, and Community Services",http://data.europa.eu/esco/skill/8af15e52-c743-43da-94aa-c4ea52d4f3e8,conduct educational activities,plan educational events; carry out learning activities; conduct education activities; conduct activities in education,"Plan, perform and supervise educational activities for a variety of audiences, such as for school children, university students, specialist groups, or members of the public.",ESCO v1.2.0 / API-ready,0.78,auto_generated_review,esco_auto_expansion_500_review_needed
SK390,K05,"Education, Training, and Community Services",Teaching and Academic Support,Develop digital educational materials,"Create resources and instructional materials (e-learning, educational video and audio material, educational prezi) using digital technologies to transfer insight and awareness in order to improve learners’ expertise.",2359,Teaching Professionals Not Elsewhere Classified,2359,develop digital educational materials,"Develop digital educational materials; develop digital educational materials; develop instructional material for educators; develop instructional material; develop educational materials; develop educational resources; develop digitized educational materials; develop instructional material for education; Teaching and Academic Support; Education, Training, and Community Services",http://data.europa.eu/esco/skill/b6d14ab8-3441-4cbe-8a0e-5b4f7f994730,develop digital educational materials,develop instructional material for educators; develop instructional material; develop educational materials; develop educational resources; develop digitized educational materials; develop instructional material for education,"Create resources and instructional materials (e-learning, educational video and audio material, educational prezi) using digital technologies to transfer insight and awareness in order to improve learners’ expertise.",ESCO v1.2.0 / API-ready,0.78,auto_generated_review,esco_auto_expansion_500_review_needed
SK391,K05,"Education, Training, and Community Services",Teaching and Academic Support,Liaise with educational support staff,"Communicate with education management, such as the school principal and board members, and with the education support team such as the teaching assistant, school counsellor or academic advisor on issues relating the students' well-being.",2359,Teaching Professionals Not Elsewhere Classified,2359,liaise with educational support staff,"Liaise with educational support staff; liaise with educational support staff; communicate with educational support staff; coordinate with educational support staff; liaises with educational support staff; liaising with educational support staff; mediate with educational support staff; Teaching and Academic Support; Education, Training, and Community Services",http://data.europa.eu/esco/skill/36fe44b2-af36-4467-9be8-601e64b3dbc7,liaise with educational support staff,communicate with educational support staff; coordinate with educational support staff; liaises with educational support staff; liaising with educational support staff; mediate with educational support staff,"Communicate with education management, such as the school principal and board members, and with the education support team such as the teaching assistant, school counsellor or academic advisor on issues relating the students' well-being.",ESCO v1.2.0 / API-ready,0.78,auto_generated_review,esco_auto_expansion_500_review_needed
SK392,K05,"Education, Training, and Community Services",Teaching and Academic Support,Teach primary education class content,"Instruct primary school students in the theory and practice of a variety of subjects, such as mathematics, languages, and nature studies, building the course content based on students' existing knowledge and encouraging them to deepen their understanding on the subjects they're interested in.",2359,Teaching Professionals Not Elsewhere Classified,2359,teach primary education class content,"Teach primary education class content; teach primary education class content; teaching primary education class content; educate on primary education class content; explain primary education class content; provide instruction on primary education class content; teaches primary education class content; Teaching and Academic Support; Education, Training, and Community Services",http://data.europa.eu/esco/skill/383955b1-9059-47e4-9028-67bb2fdb6be6,teach primary education class content,teaching primary education class content; educate on primary education class content; explain primary education class content; provide instruction on primary education class content; teaches primary education class content,"Instruct primary school students in the theory and practice of a variety of subjects, such as mathematics, languages, and nature studies, building the course content based on students' existing knowledge and encouraging them to deepen their understanding on the subjects they're interested in.",ESCO v1.2.0 / API-ready,0.78,auto_generated_review,esco_auto_expansion_500_review_needed
SK393,K05,"Education, Training, and Community Services",Training and Instruction,Design training programmes for animals,Assess the training needs of the animal and select appropriate methods and activities to meet training objectives.,2424,Training and Staff Development Professionals,2424,design training programmes for animals,"Design training programmes for animals; design training programmes for animals; design training schedules for animals; design training schedule for animal; elaborate training program for animal; elaborate training programmes for animals; develop training program for animal; develop training programmes for animals; design training programs for animals; design training programme for animals; Training and Instruction; Education, Training, and Community Services",http://data.europa.eu/esco/skill/460e8818-6b57-4187-b60e-1605a7bb5a85,design training programmes for animals,design training schedules for animals; design training schedule for animal; elaborate training program for animal; elaborate training programmes for animals; develop training program for animal; develop training programmes for animals; design training programs for animals; design training programme for animals,Assess the training needs of the animal and select appropriate methods and activities to meet training objectives.,ESCO v1.2.0 / API-ready,0.78,auto_generated_review,esco_auto_expansion_500_review_needed
SK394,K05,"Education, Training, and Community Services",Teaching and Academic Support,Teach secondary education class content,"Instruct students in the theory and practice of the secondary school course of your specialisation, taking into account the age of the students and modern teaching methods.",2359,Teaching Professionals Not Elsewhere Classified,2359,teach secondary education class content,"Teach secondary education class content; teach secondary education class content; explain secondary education class content; teaches secondary education class content; teaching secondary education class content; provide instruction on secondary education class content; educate on secondary education class content; Teaching and Academic Support; Education, Training, and Community Services",http://data.europa.eu/esco/skill/83cc70a1-c080-4a92-85e8-efba52a6fce9,teach secondary education class content,explain secondary education class content; teaches secondary education class content; teaching secondary education class content; provide instruction on secondary education class content; educate on secondary education class content,"Instruct students in the theory and practice of the secondary school course of your specialisation, taking into account the age of the students and modern teaching methods.",ESCO v1.2.0 / API-ready,0.78,auto_generated_review,esco_auto_expansion_500_review_needed
SK395,K05,"Education, Training, and Community Services","Social, Religious, and Community Work",Perform street interventions in social work,"Conduct outreach activities by providing direct information or counselling services to individuals in their neighbourhood or in the streets, usually targeted at youth or homeless people.",3412,Social Work Associate Professionals,3412,perform street interventions in social work,"Perform street interventions in social work; perform street interventions in social work; conduct outreach activites; carry out street interventions in social work; perform street-intervention in social-work; perform street intervention in social-work; perform street-intervention in social work; do street interventions in social work; Social, Religious, and Community Work; Education, Training, and Community Services",http://data.europa.eu/esco/skill/004017c9-0337-4f5a-8077-798de9ef12e3,perform street interventions in social work,conduct outreach activites; carry out street interventions in social work; perform street-intervention in social-work; perform street intervention in social-work; perform street-intervention in social work; do street interventions in social work,"Conduct outreach activities by providing direct information or counselling services to individuals in their neighbourhood or in the streets, usually targeted at youth or homeless people.",ESCO v1.2.0 / API-ready,0.78,auto_generated_review,esco_auto_expansion_500_review_needed
SK396,K05,"Education, Training, and Community Services",Training and Instruction,Design training programmes for individuals and animals,Develop programmes to train humans and animals work together. Set objectives and targets. Evaluate the implementation of the training programme and progress by both the person and animal concerned.,2424,Training and Staff Development Professionals,2424,design training programmes for individuals and animals,"Design training programmes for individuals and animals; design training programmes for individuals and animals; design training programmes for people and animals; design training programs for individuals and animals; elaborate a training programme for individuals and animals; develop training programme for people and animals; design training programmes for humans and animals; design training curricula for individuals and animals; design training schedules for individuals and animals; establish training programmes for individuals and animals; Training and Instruction; Education, Training, and Community Services",http://data.europa.eu/esco/skill/3195829f-34e5-4509-a26c-eb8c7fbb1056,design training programmes for individuals and animals,design training programmes for people and animals; design training programs for individuals and animals; elaborate a training programme for individuals and animals; develop training programme for people and animals; design training programmes for humans and animals; design training curricula for individuals and animals; design training schedules for individuals and animals; establish training programmes for individuals and animals,Develop programmes to train humans and animals work together. Set objectives and targets. Evaluate the implementation of the training programme and progress by both the person and animal concerned.,ESCO v1.2.0 / API-ready,0.78,auto_generated_review,esco_auto_expansion_500_review_needed
SK397,K05,"Education, Training, and Community Services","Social, Religious, and Community Work",Help clients make decisions during counselling sessions,"Encourage clients to make their own decisions related to their problems or inner conflicts by reducing confusion and allowing clients to reach their own conclusions, with no bias whatsoever.",3412,Social Work Associate Professionals,3412,help clients make decisions during counselling sessions,"Help clients make decisions during counselling sessions; help clients make decisions during counselling sessions; support clients in decision-making during councelling sessoins; help clients make a decision during counseling sessions; help clients take decisions during councelling sessions; help a client make decisions during a counceling session; help clients make a decision during counselling sessions; encourage clients to make decisions during counselling sessions; help a client make decisions during a councelling session; encourage clients to make decisions in councelling sessions; Social, Religious, and Community Work; Education, Training, and Community Services",http://data.europa.eu/esco/skill/089af6fe-a65e-4271-a232-b2d97ba6f43a,help clients make decisions during counselling sessions,support clients in decision-making during councelling sessoins; help clients make a decision during counseling sessions; help clients take decisions during councelling sessions; help a client make decisions during a counceling session; help clients make a decision during counselling sessions; encourage clients to make decisions during counselling sessions; help a client make decisions during a councelling session; encourage clients to make decisions in councelling sessions,"Encourage clients to make their own decisions related to their problems or inner conflicts by reducing confusion and allowing clients to reach their own conclusions, with no bias whatsoever.",ESCO v1.2.0 / API-ready,0.78,auto_generated_review,esco_auto_expansion_500_review_needed
SK398,K05,"Education, Training, and Community Services",Teaching and Academic Support,Pedagogy,The discipline that concerns the theory and practice of education including the various instructional methods for educating individuals or groups.,2359,Teaching Professionals Not Elsewhere Classified,2359,pedagogy,"Pedagogy; pedagogy; methods of teaching; theory and practice of education; study of education methods; paedagogy; Teaching and Academic Support; Education, Training, and Community Services",http://data.europa.eu/esco/skill/a117f32c-662b-4dd9-b739-1230dd04cb60,pedagogy,methods of teaching; theory and practice of education; study of education methods; paedagogy,The discipline that concerns the theory and practice of education including the various instructional methods for educating individuals or groups.,ESCO v1.2.0 / API-ready,0.78,auto_generated_review,esco_auto_expansion_500_review_needed
SK399,K05,"Education, Training, and Community Services",Teaching and Academic Support,Tutor students,"Provide private, supplementary instruction to students individually to enhance their learning. Support and mentor students who struggle with a certain subject or who have learning difficulties.",2359,Teaching Professionals Not Elsewhere Classified,2359,tutor students,"Tutor students; tutor students; instruct students; help students; tutoring students; tutors students; coach students; Teaching and Academic Support; Education, Training, and Community Services",http://data.europa.eu/esco/skill/63b9a087-a5db-424e-96ef-3212c8b5311e,tutor students,instruct students; help students; tutoring students; tutors students; coach students,"Provide private, supplementary instruction to students individually to enhance their learning. Support and mentor students who struggle with a certain subject or who have learning difficulties.",ESCO v1.2.0 / API-ready,0.78,auto_generated_review,esco_auto_expansion_500_review_needed
SK400,K05,"Education, Training, and Community Services",Teaching and Academic Support,Teach further education,"Instruct adult students, not participating in standard higher education, in the theory and practice of one or several subjects with the aim of self-enrichment, ranging from academic areas such as mathematics and history to practical courses including languages and IT.",2359,Teaching Professionals Not Elsewhere Classified,2359,teach further education,"Teach further education; teach further education; instruct further education; teaches further education; provide further education; teaching further education; Teaching and Academic Support; Education, Training, and Community Services",http://data.europa.eu/esco/skill/f7dcf2e2-95f6-4061-a977-8d4c16dbceb2,teach further education,instruct further education; teaches further education; provide further education; teaching further education,"Instruct adult students, not participating in standard higher education, in the theory and practice of one or several subjects with the aim of self-enrichment, ranging from academic areas such as mathematics and history to practical courses including languages and IT.",ESCO v1.2.0 / API-ready,0.78,auto_generated_review,esco_auto_expansion_500_review_needed
SK401,K05,"Education, Training, and Community Services",Teaching and Academic Support,Advise on music pedagogy,"Provide advice and share experiences concerning musical practices, methods and principles of music instruction such as composing, performing and teaching music.",2359,Teaching Professionals Not Elsewhere Classified,2359,advise on music pedagogy,"Advise on music pedagogy; advise on music pedagogy; teach music practices; advise on music education; advise on pedagogy of music; advise on musical pedagogy; Teaching and Academic Support; Education, Training, and Community Services",http://data.europa.eu/esco/skill/8982fa08-51a2-4436-b23b-c35332577113,advise on music pedagogy,teach music practices; advise on music education; advise on pedagogy of music; advise on musical pedagogy,"Provide advice and share experiences concerning musical practices, methods and principles of music instruction such as composing, performing and teaching music.",ESCO v1.2.0 / API-ready,0.78,auto_generated_review,esco_auto_expansion_500_review_needed
SK402,K05,"Education, Training, and Community Services","Social, Religious, and Community Work",Manage a social work unit,Lead the social workers team and be responsible for the quality and effectiveness of social services provided within a social work unit.,3412,Social Work Associate Professionals,3412,manage a social work unit,"Manage a social work unit; manage a social work unit; conduct a social work unit; manage a social worker team; guide a social work unit; lead a social work unit; lead a social work entity; lead a social worker team; lead a social workers team; lead a social work group; Social, Religious, and Community Work; Education, Training, and Community Services",http://data.europa.eu/esco/skill/1c977f2b-7fca-4e4f-ae5f-f4d69b474a4f,manage a social work unit,conduct a social work unit; manage a social worker team; guide a social work unit; lead a social work unit; lead a social work entity; lead a social worker team; lead a social workers team; lead a social work group,Lead the social workers team and be responsible for the quality and effectiveness of social services provided within a social work unit.,ESCO v1.2.0 / API-ready,0.78,auto_generated_review,esco_auto_expansion_500_review_needed
SK403,K05,"Education, Training, and Community Services",Teaching and Academic Support,Teach ESOL language class,Provide English as a second language instruction to students who do not have literacy difficulties in their native language. Observe and follow closely their education progress and assess their abilities in the English language.,2359,Teaching Professionals Not Elsewhere Classified,2359,teach ESOL language class,"Teach ESOL language class; teach ESOL language class; teaches ESOL language class; teach English for Speakers of Other Languages language class; teach ESOL language lesson; teaching ESOL language class; teach ESOL language course; Teaching and Academic Support; Education, Training, and Community Services",http://data.europa.eu/esco/skill/3f8669a4-402d-4479-8772-98e4c0a79919,teach ESOL language class,teaches ESOL language class; teach English for Speakers of Other Languages language class; teach ESOL language lesson; teaching ESOL language class; teach ESOL language course,Provide English as a second language instruction to students who do not have literacy difficulties in their native language. Observe and follow closely their education progress and assess their abilities in the English language.,ESCO v1.2.0 / API-ready,0.78,auto_generated_review,esco_auto_expansion_500_review_needed
SK404,K05,"Education, Training, and Community Services",Teaching and Academic Support,Teach teaching principles,"Instruct students in the theory and practice of teaching, more specifically in the different teaching methods, classroom management, and learning processes.",2359,Teaching Professionals Not Elsewhere Classified,2359,teach teaching principles,"Teach teaching principles; teach teaching principles; educate on teaching principles; explain teaching principles; provide instruction on teaching principles; teaches teaching principles; teaching teaching principles; Teaching and Academic Support; Education, Training, and Community Services",http://data.europa.eu/esco/skill/112bf219-beb2-4028-bd28-d8ed643fa32f,teach teaching principles,educate on teaching principles; explain teaching principles; provide instruction on teaching principles; teaches teaching principles; teaching teaching principles,"Instruct students in the theory and practice of teaching, more specifically in the different teaching methods, classroom management, and learning processes.",ESCO v1.2.0 / API-ready,0.78,auto_generated_review,esco_auto_expansion_500_review_needed
SK405,K05,"Education, Training, and Community Services",Teaching and Academic Support,Supervise educational staff,"Monitor and evaluate the actions of the educational staff such as teaching or research assistants and teachers and their methods. Mentor, train, and give advice to them if necessary.",2359,Teaching Professionals Not Elsewhere Classified,2359,supervise educational staff,"Supervise educational staff; supervise educational staff; supervises educational staff; manage educational staff; supervising educational staff; oversee educational staff; direct educational staff; Teaching and Academic Support; Education, Training, and Community Services",http://data.europa.eu/esco/skill/17cb7368-2d27-4caf-8a34-e7ce96af89fe,supervise educational staff,supervises educational staff; manage educational staff; supervising educational staff; oversee educational staff; direct educational staff,"Monitor and evaluate the actions of the educational staff such as teaching or research assistants and teachers and their methods. Mentor, train, and give advice to them if necessary.",ESCO v1.2.0 / API-ready,0.78,auto_generated_review,esco_auto_expansion_500_review_needed
SK406,K05,"Education, Training, and Community Services",Teaching and Academic Support,Arrange parent teacher meeting,Set up joined and individual meetings with students' parents to discuss their child's academic progress and general well-being.,2359,Teaching Professionals Not Elsewhere Classified,2359,arrange parent teacher meeting,"Arrange parent teacher meeting; arrange parent teacher meeting; organise parent teacher conference; arranging parent teacher conference; arrange parent teacher conference; arrange parent teacher conferences; plan parent teacher conference; arranging parent teacher conferences; coordinate parent teacher conference; Teaching and Academic Support; Education, Training, and Community Services",http://data.europa.eu/esco/skill/4b34864d-78a4-457e-8d91-0ab9296db890,arrange parent teacher meeting,organise parent teacher conference; arranging parent teacher conference; arrange parent teacher conference; arrange parent teacher conferences; plan parent teacher conference; arranging parent teacher conferences; coordinate parent teacher conference,Set up joined and individual meetings with students' parents to discuss their child's academic progress and general well-being.,ESCO v1.2.0 / API-ready,0.78,auto_generated_review,esco_auto_expansion_500_review_needed
SK407,K06,"Healthcare, Caregiving, and Wellness",Medical and Clinical Professionals,Therapy in health care,"The principles, methods, and procedures for diagnosis, treatment, and rehabilitation of physical and mental dysfunctions.",2211,Generalist Medical Practitioners,2211,therapy in health care,"Therapy in health care; therapy in health care; therapy in healthcare; counseling in healthcare; therapy in health-care; counselling in health care; counselling in healthchare; counseling in health care; Medical and Clinical Professionals; Healthcare, Caregiving, and Wellness",http://data.europa.eu/esco/skill/8f5d6a1b-32fa-4c3f-b3d6-5f070d2e0f74,therapy in health care,therapy in healthcare; counseling in healthcare; therapy in health-care; counselling in health care; counselling in healthchare; counseling in health care,"The principles, methods, and procedures for diagnosis, treatment, and rehabilitation of physical and mental dysfunctions.",ESCO v1.2.0 / API-ready,0.78,auto_generated_review,esco_auto_expansion_500_review_needed
SK408,K06,"Healthcare, Caregiving, and Wellness",Medical and Clinical Professionals,Health care legislation,The patients` rights and responsibilities of health practitioners and the possible repercussions and prosecutions in relation to medical treatment negligence or malpractice.,2211,Generalist Medical Practitioners,2211,health care legislation,"Health care legislation; health care legislation; healthcare legislation; medical law; healthcare laws and regulations; patient's rights and practitioners' responsibilities; Medical and Clinical Professionals; Healthcare, Caregiving, and Wellness",http://data.europa.eu/esco/skill/1709f408-9965-489b-9805-8e1e5d9e483b,health care legislation,healthcare legislation; medical law; healthcare laws and regulations; patient's rights and practitioners' responsibilities,The patients` rights and responsibilities of health practitioners and the possible repercussions and prosecutions in relation to medical treatment negligence or malpractice.,ESCO v1.2.0 / API-ready,0.78,auto_generated_review,esco_auto_expansion_500_review_needed
SK409,K06,"Healthcare, Caregiving, and Wellness","Pharmacy, Laboratory, and Health Support",Diagnostic methods in medical laboratory,"The various types of diagnostic methods in the medical laboratory such as clinical-chemical methods, haematological methods, immune-haematological methods, histological methods, cytological methods and micro-biological methods.",3212,Medical and Pathology Laboratory Technicians,3212,diagnostic methods in medical laboratory,"Diagnostic methods in medical laboratory; diagnostic methods in medical laboratory; methods of medical diagnosis in the laboratory; types of diagnostic methods in the medical laboratory; diagnostic methods in medical laboratories; Pharmacy, Laboratory, and Health Support; Healthcare, Caregiving, and Wellness",http://data.europa.eu/esco/skill/46a5e3ea-e276-4d84-a289-bd1187ac8cb1,diagnostic methods in medical laboratory,methods of medical diagnosis in the laboratory; types of diagnostic methods in the medical laboratory; diagnostic methods in medical laboratories,"The various types of diagnostic methods in the medical laboratory such as clinical-chemical methods, haematological methods, immune-haematological methods, histological methods, cytological methods and micro-biological methods.",ESCO v1.2.0 / API-ready,0.78,auto_generated_review,esco_auto_expansion_500_review_needed
SK410,K06,"Healthcare, Caregiving, and Wellness",Medical and Clinical Professionals,Geriatrics,Geriatrics is a medical specialty mentioned in the EU Directive 2005/36/EC.,2211,Generalist Medical Practitioners,2211,geriatrics,"Geriatrics; geriatrics; treatment of conditions occurring in old age; health care of elderly people; geriatric medicine; preventative methods in healthcare of elderly people; Medical and Clinical Professionals; Healthcare, Caregiving, and Wellness",http://data.europa.eu/esco/skill/52c19dc8-651f-4095-98fe-dcb2799d702e,geriatrics,treatment of conditions occurring in old age; health care of elderly people; geriatric medicine; preventative methods in healthcare of elderly people,Geriatrics is a medical specialty mentioned in the EU Directive 2005/36/EC.,ESCO v1.2.0 / API-ready,0.78,auto_generated_review,esco_auto_expansion_500_review_needed
SK411,K06,"Healthcare, Caregiving, and Wellness",Medical and Clinical Professionals,Health care occupation-specific ethics,"The moral standards and procedures, ethical questions and obligations specific to occupations in a health care setting such as respect for human dignity, self-determination, informed consent and patient confidentiality.",2211,Generalist Medical Practitioners,2211,health care occupation-specific ethics,"Health care occupation-specific ethics; health care occupation-specific ethics; health care occupation specific ethics; medical ethics; health care occupation-specific moral rules and principles; ethical standards in health care; ethic standards in medicine; health care occupation-specific moral standards; ethical obligations in occupation; moral rules and principles in health care; Medical and Clinical Professionals; Healthcare, Caregiving, and Wellness",http://data.europa.eu/esco/skill/33c01497-8264-4773-81dd-6096ad512f02,health care occupation-specific ethics,health care occupation specific ethics; medical ethics; health care occupation-specific moral rules and principles; ethical standards in health care; ethic standards in medicine; health care occupation-specific moral standards; ethical obligations in occupation; moral rules and principles in health care,"The moral standards and procedures, ethical questions and obligations specific to occupations in a health care setting such as respect for human dignity, self-determination, informed consent and patient confidentiality.",ESCO v1.2.0 / API-ready,0.78,auto_generated_review,esco_auto_expansion_500_review_needed
SK412,K06,"Healthcare, Caregiving, and Wellness",Medical and Clinical Professionals,Interpret findings from medical examinations,"Interpret the findings from a patient`s history, clinical examination, radiographic examination, and other diagnostic tests and procedures.",2211,Generalist Medical Practitioners,2211,interpret findings from medical examinations,"Interpret findings from medical examinations; interpret findings from medical examinations; interpret findings from health examinations; examine diagnostic tests and procedures; consider findings from examinations; analyze findings from examinations; analyse findings from examinations; interpret findings from investigations; interpret outcomes of examinations; interpret findings from examination; Medical and Clinical Professionals; Healthcare, Caregiving, and Wellness",http://data.europa.eu/esco/skill/88323c78-204d-4b96-81ad-6b52add135c0,interpret findings from medical examinations,interpret findings from health examinations; examine diagnostic tests and procedures; consider findings from examinations; analyze findings from examinations; analyse findings from examinations; interpret findings from investigations; interpret outcomes of examinations; interpret findings from examination,"Interpret the findings from a patient`s history, clinical examination, radiographic examination, and other diagnostic tests and procedures.",ESCO v1.2.0 / API-ready,0.78,auto_generated_review,esco_auto_expansion_500_review_needed
SK413,K06,"Healthcare, Caregiving, and Wellness",Medical and Clinical Professionals,Educate on oral healthcare and disease prevention,"Educate patients on improving oral healthcare and preventing dental diseases, promoting brushing, flossing, and all other aspects of dental care according to the dentist`s directions and under the dentist`s supervision.",2211,Generalist Medical Practitioners,2211,educate on oral healthcare and disease prevention,"Educate on oral healthcare and disease prevention; educate on oral healthcare and disease prevention; promote oral healthcare and disease prevention; teach oral healthcare and disease prevention; inform on oral healthcare and disease prevention; educate on oral health care and prevention of diseases; advocate for oral healthcare and disease prevention; educate on oral health care and disease prevention; Medical and Clinical Professionals; Healthcare, Caregiving, and Wellness",http://data.europa.eu/esco/skill/913fcf58-07f4-401d-8395-4daeb3a4617f,educate on oral healthcare and disease prevention,promote oral healthcare and disease prevention; teach oral healthcare and disease prevention; inform on oral healthcare and disease prevention; educate on oral health care and prevention of diseases; advocate for oral healthcare and disease prevention; educate on oral health care and disease prevention,"Educate patients on improving oral healthcare and preventing dental diseases, promoting brushing, flossing, and all other aspects of dental care according to the dentist`s directions and under the dentist`s supervision.",ESCO v1.2.0 / API-ready,0.78,auto_generated_review,esco_auto_expansion_500_review_needed
SK414,K06,"Healthcare, Caregiving, and Wellness",Medical and Clinical Professionals,Obtain healthcare user's medical status information,"Gather healthcare user information through various sources such as questioning the healthcare user, caregiver, or healthcare professional to obtain information on the patient`s health and social status, and interpreting records made by other health care professionals when appropriate.",2211,Generalist Medical Practitioners,2211,obtain healthcare user's medical status information,"Obtain healthcare user's medical status information; obtain healthcare user's medical status information; obtain health care user's medical status information; gather health care users' medical status information; gather healthcare user's medical information; collect medical information on healthcare users; obtain healthcare users' medical status information; Medical and Clinical Professionals; Healthcare, Caregiving, and Wellness",http://data.europa.eu/esco/skill/2a8c1070-b7a6-4e4b-998a-21e885b6fb13,obtain healthcare user's medical status information,obtain health care user's medical status information; gather health care users' medical status information; gather healthcare user's medical information; collect medical information on healthcare users; obtain healthcare users' medical status information,"Gather healthcare user information through various sources such as questioning the healthcare user, caregiver, or healthcare professional to obtain information on the patient`s health and social status, and interpreting records made by other health care professionals when appropriate.",ESCO v1.2.0 / API-ready,0.78,auto_generated_review,esco_auto_expansion_500_review_needed
SK415,K06,"Healthcare, Caregiving, and Wellness",Medical and Clinical Professionals,Provide healthcare services to patients in specialised medicine,"In the exercise of the medical doctor`s profession, provide healthcare services to patients within a special field of medicine in order to assess, maintain or restore patients` state of health.",2211,Generalist Medical Practitioners,2211,provide healthcare services to patients in specialised medicine,"Provide healthcare services to patients in specialised medicine; provide healthcare services to patients in specialised medicine; provide health-care services to patients in specialised medicine; offer healthcare services to patients in a particular medical specialization; offer healthcare services in a particular medical specialisation; offer health-care services to patients in specialised medicine; offer health-care services to patients in specialized medicine; provide healthcare services to patients in specialized medicine; provide healthcare services to patients in a particular field of medicine; offer healthcare services to patients in specialised medicine; Medical and Clinical Professionals; Healthcare, Caregiving, and Wellness",http://data.europa.eu/esco/skill/e77eab3f-ff23-4b93-9911-e6c86477f12d,provide healthcare services to patients in specialised medicine,provide health-care services to patients in specialised medicine; offer healthcare services to patients in a particular medical specialization; offer healthcare services in a particular medical specialisation; offer health-care services to patients in specialised medicine; offer health-care services to patients in specialized medicine; provide healthcare services to patients in specialized medicine; provide healthcare services to patients in a particular field of medicine; offer healthcare services to patients in specialised medicine,"In the exercise of the medical doctor`s profession, provide healthcare services to patients within a special field of medicine in order to assess, maintain or restore patients` state of health.",ESCO v1.2.0 / API-ready,0.78,auto_generated_review,esco_auto_expansion_500_review_needed
SK416,K06,"Healthcare, Caregiving, and Wellness",Medical and Clinical Professionals,Provide healthcare services to patients in general medical practice,"In the exercise of the medical doctor's profession, provide healthcare services to patients in order to assess, maintain and restore patients' state of health.",2211,Generalist Medical Practitioners,2211,provide healthcare services to patients in general medical practice,"Provide healthcare services to patients in general medical practice; provide healthcare services to patients in general medical practice; offer healthcare services to patients in general medicine; offer healthcare services to patients in general medical practices; provide health-care services to patients in general medical practice; offer healthcare service to patients in general medical practice; offer healthcare services to patients in general medical practice; Medical and Clinical Professionals; Healthcare, Caregiving, and Wellness",http://data.europa.eu/esco/skill/371f44ba-4a83-4726-89d1-cb527d7ced5c,provide healthcare services to patients in general medical practice,offer healthcare services to patients in general medicine; offer healthcare services to patients in general medical practices; provide health-care services to patients in general medical practice; offer healthcare service to patients in general medical practice; offer healthcare services to patients in general medical practice,"In the exercise of the medical doctor's profession, provide healthcare services to patients in order to assess, maintain and restore patients' state of health.",ESCO v1.2.0 / API-ready,0.78,auto_generated_review,esco_auto_expansion_500_review_needed
SK417,K06,"Healthcare, Caregiving, and Wellness",Medical and Clinical Professionals,Acute care,The type of care administered to patients for a brief and critical sequence of illness such as trauma or recovery from surgery.,2211,Generalist Medical Practitioners,2211,acute care,"Acute care; acute care; acute medicine; care in acute phase of illness; short term care; care for patients with an urgent medical condition; secondary health care; Medical and Clinical Professionals; Healthcare, Caregiving, and Wellness",http://data.europa.eu/esco/skill/9b9244b4-6f62-4834-839b-19e9eba0a407,acute care,acute medicine; care in acute phase of illness; short term care; care for patients with an urgent medical condition; secondary health care,The type of care administered to patients for a brief and critical sequence of illness such as trauma or recovery from surgery.,ESCO v1.2.0 / API-ready,0.78,auto_generated_review,esco_auto_expansion_500_review_needed
SK418,K06,"Healthcare, Caregiving, and Wellness",Medical and Clinical Professionals,Nuclear medicine,Nuclear medicine is a medical specialty mentioned in the EU Directive 2005/36/EC.,2211,Generalist Medical Practitioners,2211,nuclear medicine,"Nuclear medicine; nuclear medicine; use of radioactive substances to diagnose and treat diseases; application of radioactive substances in diagnosis and treatment; use of radioactive substances to diagnose and treat disease; Medical and Clinical Professionals; Healthcare, Caregiving, and Wellness",http://data.europa.eu/esco/skill/263a0c64-ca94-4639-8c0f-465e153cd4fd,nuclear medicine,use of radioactive substances to diagnose and treat diseases; application of radioactive substances in diagnosis and treatment; use of radioactive substances to diagnose and treat disease,Nuclear medicine is a medical specialty mentioned in the EU Directive 2005/36/EC.,ESCO v1.2.0 / API-ready,0.78,auto_generated_review,esco_auto_expansion_500_review_needed
SK419,K06,"Healthcare, Caregiving, and Wellness",Medical and Clinical Professionals,Advise on healthcare users' informed consent,"Ensure patients/clients are fully informed about the risks and benefits of proposed treatments so they can give informed consent, engaging patients/clients in the process of their care and treatment.",2211,Generalist Medical Practitioners,2211,advise on healthcare users' informed consent,"Advise on healthcare users' informed consent; advise on healthcare users' informed consent; advise on healthcare user's informed consent; give advice on informed consent to healthcare users; advise on health care users' informed consent; ensure information on treatment risks for informed consent; Medical and Clinical Professionals; Healthcare, Caregiving, and Wellness",http://data.europa.eu/esco/skill/8232979d-6aa4-40c9-a12b-5152a52a76b8,advise on healthcare users' informed consent,advise on healthcare user's informed consent; give advice on informed consent to healthcare users; advise on health care users' informed consent; ensure information on treatment risks for informed consent,"Ensure patients/clients are fully informed about the risks and benefits of proposed treatments so they can give informed consent, engaging patients/clients in the process of their care and treatment.",ESCO v1.2.0 / API-ready,0.78,auto_generated_review,esco_auto_expansion_500_review_needed
SK420,K06,"Healthcare, Caregiving, and Wellness",Medical and Clinical Professionals,Record healthcare users' progress related to treatment,"Record the healthcare user's progress in response to treatment by observing, listening and measuring outcomes.",2211,Generalist Medical Practitioners,2211,record healthcare users' progress related to treatment,"Record healthcare users' progress related to treatment; record healthcare users' progress related to treatment; record health care users' progress related to treatment; record healthcare user's progress related to treatment; keep track of healthcare users' treatment progress; record healthcare users' treatment progress; observe healthcare users' progress related to treatment; Medical and Clinical Professionals; Healthcare, Caregiving, and Wellness",http://data.europa.eu/esco/skill/342af3a1-4fdc-4ddc-898a-bb82a7f62efe,record healthcare users' progress related to treatment,record health care users' progress related to treatment; record healthcare user's progress related to treatment; keep track of healthcare users' treatment progress; record healthcare users' treatment progress; observe healthcare users' progress related to treatment,"Record the healthcare user's progress in response to treatment by observing, listening and measuring outcomes.",ESCO v1.2.0 / API-ready,0.78,auto_generated_review,esco_auto_expansion_500_review_needed
SK421,K06,"Healthcare, Caregiving, and Wellness",Medical and Clinical Professionals,Mechanotherapy,The medical treatments provided by manual means such as massage or other types of mechanical devices.,2211,Generalist Medical Practitioners,2211,mechanotherapy,"Mechanotherapy; mechanotherapy; medical treatment by mechanical methods; treatment of diseases by mechanical means; treatment of disease by mechanical device; medical treatment by mechanical mean; treatment of disease by mechanical devices; treatment of diseases by mechanical mean; medical therapy by mechanical method; medical therapy by mechanical methods; Medical and Clinical Professionals; Healthcare, Caregiving, and Wellness",http://data.europa.eu/esco/skill/a10aabfa-beb1-41b1-b8a3-4442b52536e3,mechanotherapy,medical treatment by mechanical methods; treatment of diseases by mechanical means; treatment of disease by mechanical device; medical treatment by mechanical mean; treatment of disease by mechanical devices; treatment of diseases by mechanical mean; medical therapy by mechanical method; medical therapy by mechanical methods,The medical treatments provided by manual means such as massage or other types of mechanical devices.,ESCO v1.2.0 / API-ready,0.78,auto_generated_review,esco_auto_expansion_500_review_needed
SK422,K06,"Healthcare, Caregiving, and Wellness",Medical and Clinical Professionals,Palliative care,The methods of pain relief and quality of life improvement for the patients with serious illnesses.,2211,Generalist Medical Practitioners,2211,palliative care,"Palliative care; palliative care; end of life procedures; end of life assistance; palliative health care; medical care for people with serious illnesses; palliative processes; palliative medical care; end of life care; palliative procedures; Medical and Clinical Professionals; Healthcare, Caregiving, and Wellness",http://data.europa.eu/esco/skill/c5a80bb0-31e6-4de0-868c-00a0f9b88b47,palliative care,end of life procedures; end of life assistance; palliative health care; medical care for people with serious illnesses; palliative processes; palliative medical care; end of life care; palliative procedures,The methods of pain relief and quality of life improvement for the patients with serious illnesses.,ESCO v1.2.0 / API-ready,0.78,auto_generated_review,esco_auto_expansion_500_review_needed
SK423,K06,"Healthcare, Caregiving, and Wellness",Medical and Clinical Professionals,Healthcare analytics,"The use of qualitative and quantitative methods to analyse patterns in healthcare data to the aim of improving healthcare administration, quality in patient care and diseases diagnosis.",2211,Generalist Medical Practitioners,2211,healthcare analytics,"Healthcare analytics; healthcare analytics; health care data analytics; health care analytics; health data analytics; healthcare data analytics; Medical and Clinical Professionals; Healthcare, Caregiving, and Wellness",http://data.europa.eu/esco/skill/a1eef0f4-133f-464a-a8f1-68fe3e8cc1b4,healthcare analytics,health care data analytics; health care analytics; health data analytics; healthcare data analytics,"The use of qualitative and quantitative methods to analyse patterns in healthcare data to the aim of improving healthcare administration, quality in patient care and diseases diagnosis.",ESCO v1.2.0 / API-ready,0.78,auto_generated_review,esco_auto_expansion_500_review_needed
SK424,K06,"Healthcare, Caregiving, and Wellness",Medical and Clinical Professionals,Applied music therapy,"The manifestations, symptoms and causes of illnesses and how they can be treated through music therapy.",2211,Generalist Medical Practitioners,2211,applied music therapy,"Applied music therapy; applied music therapy; music therapy in medical setting; music-based interventions in clinical setting; music therapy clinical practice; clinical music therapy; applied music-therapy; music therapy treatments; Medical and Clinical Professionals; Healthcare, Caregiving, and Wellness",http://data.europa.eu/esco/skill/53f5e93b-a7f7-4315-9130-857bd62e6ee4,applied music therapy,music therapy in medical setting; music-based interventions in clinical setting; music therapy clinical practice; clinical music therapy; applied music-therapy; music therapy treatments,"The manifestations, symptoms and causes of illnesses and how they can be treated through music therapy.",ESCO v1.2.0 / API-ready,0.78,auto_generated_review,esco_auto_expansion_500_review_needed
SK425,K06,"Healthcare, Caregiving, and Wellness",Medical and Clinical Professionals,Clinical microbiology,The science of identifying and isolating organisms that cause infectious diseases.,2211,Generalist Medical Practitioners,2211,clinical microbiology,"Clinical microbiology; clinical microbiology; clincial micro-biology; diagnosis and treatment of infectious diseases; medical microbiology; Medical and Clinical Professionals; Healthcare, Caregiving, and Wellness",http://data.europa.eu/esco/skill/d5a344f0-cf71-4fcc-9c00-99588b4de3c0,clinical microbiology,clincial micro-biology; diagnosis and treatment of infectious diseases; medical microbiology,The science of identifying and isolating organisms that cause infectious diseases.,ESCO v1.2.0 / API-ready,0.78,auto_generated_review,esco_auto_expansion_500_review_needed
SK426,K06,"Healthcare, Caregiving, and Wellness",Medical and Clinical Professionals,Transcribe medical data,"Listen to the recordings of the healthcare professional, write the information down and format it into files.",2211,Generalist Medical Practitioners,2211,transcribe medical data,"Transcribe medical data; transcribe medical data; transcribe interview recordings with health care professionals; transcribe recordings of interviews with healthcare professionals; transcribe medical interviews; Medical and Clinical Professionals; Healthcare, Caregiving, and Wellness",http://data.europa.eu/esco/skill/5bda2af8-298a-476b-adcb-2bb95226de10,transcribe medical data,transcribe interview recordings with health care professionals; transcribe recordings of interviews with healthcare professionals; transcribe medical interviews,"Listen to the recordings of the healthcare professional, write the information down and format it into files.",ESCO v1.2.0 / API-ready,0.78,auto_generated_review,esco_auto_expansion_500_review_needed
SK427,K06,"Healthcare, Caregiving, and Wellness","Pharmacy, Laboratory, and Health Support",Medical laboratory technology,The various types and uses of technology and equipment employed in medical laboratories to perform tests on samples in order to identify possible disease-related substances.,3212,Medical and Pathology Laboratory Technicians,3212,medical laboratory technology,"Medical laboratory technology; medical laboratory technology; medical laboratory instruments; medical laboratory gear; medical laboratory implements; medical laboratory technologies; medical laboratory equipment; Pharmacy, Laboratory, and Health Support; Healthcare, Caregiving, and Wellness",http://data.europa.eu/esco/skill/e0cfe83a-17d7-4015-a427-bd3986f27b42,medical laboratory technology,medical laboratory instruments; medical laboratory gear; medical laboratory implements; medical laboratory technologies; medical laboratory equipment,The various types and uses of technology and equipment employed in medical laboratories to perform tests on samples in order to identify possible disease-related substances.,ESCO v1.2.0 / API-ready,0.78,auto_generated_review,esco_auto_expansion_500_review_needed
SK428,K06,"Healthcare, Caregiving, and Wellness",Medical and Clinical Professionals,Hygiene in a health care setting,The procedures related to maintaining a hygienic environment within a health care setting such as hospitals and clinics. It can range from hand washing to cleaning and disinfection of medical equipment used and infection control methods.,2211,Generalist Medical Practitioners,2211,hygiene in a health care setting,"Hygiene in a health care setting; hygiene in a health care setting; hygienic environment in healthcare; hospital hygiene; hygiene in healthcare setting; hygiene procedures in hospitals or clinics; Medical and Clinical Professionals; Healthcare, Caregiving, and Wellness",http://data.europa.eu/esco/skill/0450eaee-1a00-4622-8f4e-5356fce816d2,hygiene in a health care setting,hygienic environment in healthcare; hospital hygiene; hygiene in healthcare setting; hygiene procedures in hospitals or clinics,The procedures related to maintaining a hygienic environment within a health care setting such as hospitals and clinics. It can range from hand washing to cleaning and disinfection of medical equipment used and infection control methods.,ESCO v1.2.0 / API-ready,0.78,auto_generated_review,esco_auto_expansion_500_review_needed
SK429,K06,"Healthcare, Caregiving, and Wellness","Pharmacy, Laboratory, and Health Support",Label medical laboratory samples,"Correctly label samples of the medical laboratory with the accurate information, according to the implemented quality system in place.",3212,Medical and Pathology Laboratory Technicians,3212,label medical laboratory samples,"Label medical laboratory samples; label medical laboratory samples; label samples of medical laboratory; put labels on medical laboratory samples; accurately structure medical laboratory samples; labelling medical laboratory samples; Pharmacy, Laboratory, and Health Support; Healthcare, Caregiving, and Wellness",http://data.europa.eu/esco/skill/26a79a26-7e70-4727-bf1b-eb79febe388a,label medical laboratory samples,label samples of medical laboratory; put labels on medical laboratory samples; accurately structure medical laboratory samples; labelling medical laboratory samples,"Correctly label samples of the medical laboratory with the accurate information, according to the implemented quality system in place.",ESCO v1.2.0 / API-ready,0.78,auto_generated_review,esco_auto_expansion_500_review_needed
SK430,K06,"Healthcare, Caregiving, and Wellness",Medical and Clinical Professionals,Undertake healthcare examination,"Assess the healthcare user's physical state, taking detailed information on previous injuries, surgery, general health, resources and lifestyle into account.",2211,Generalist Medical Practitioners,2211,undertake healthcare examination,"Undertake healthcare examination; undertake healthcare examination; undertake patient's assessment; undertake health care examinations; undertake healthcare examinations; undertake a health care examination; assess healthcare users physical state; identify the health problem and resources of the patient; Medical and Clinical Professionals; Healthcare, Caregiving, and Wellness",http://data.europa.eu/esco/skill/721419a7-f1b6-454c-80f4-2a84ad90dd33,undertake healthcare examination,undertake patient's assessment; undertake health care examinations; undertake healthcare examinations; undertake a health care examination; assess healthcare users physical state; identify the health problem and resources of the patient,"Assess the healthcare user's physical state, taking detailed information on previous injuries, surgery, general health, resources and lifestyle into account.",ESCO v1.2.0 / API-ready,0.78,auto_generated_review,esco_auto_expansion_500_review_needed
SK431,K06,"Healthcare, Caregiving, and Wellness",Medical and Clinical Professionals,Psychological healthcare services,The characteristics of the psychological healthcare services in the inpatient and outpatient sector.,2211,Generalist Medical Practitioners,2211,psychological healthcare services,"Psychological healthcare services; psychological healthcare services; inpatient and outpatient psychological healthcare services; psychological services in health care; psychological health care service; psychological health care services; characteristics of psychological healthcare services; Medical and Clinical Professionals; Healthcare, Caregiving, and Wellness",http://data.europa.eu/esco/skill/ea28ce13-e620-4191-95c3-3e0f0f867834,psychological healthcare services,inpatient and outpatient psychological healthcare services; psychological services in health care; psychological health care service; psychological health care services; characteristics of psychological healthcare services,The characteristics of the psychological healthcare services in the inpatient and outpatient sector.,ESCO v1.2.0 / API-ready,0.78,auto_generated_review,esco_auto_expansion_500_review_needed
SK432,K06,"Healthcare, Caregiving, and Wellness","Pharmacy, Laboratory, and Health Support",Biosafety in biomedical laboratory,"The principles and methods for managing infectious materials in the laboratory environment, biosafety levels, classification and risk assessment, pathogenicity and toxicity of a living organism and their possible hazards in order to minimise any risks for human health and the environment.",3212,Medical and Pathology Laboratory Technicians,3212,biosafety in biomedical laboratory,"Biosafety in biomedical laboratory; biosafety in biomedical laboratory; principles and methods of biosafety in laboratories; biosafety in biomedical laboratories; managing infectious materials in laboratory environment; bio-safety in biomedical laboratory; Pharmacy, Laboratory, and Health Support; Healthcare, Caregiving, and Wellness",http://data.europa.eu/esco/skill/585593ef-d0a3-47a2-82da-14f26d75d83e,biosafety in biomedical laboratory,principles and methods of biosafety in laboratories; biosafety in biomedical laboratories; managing infectious materials in laboratory environment; bio-safety in biomedical laboratory,"The principles and methods for managing infectious materials in the laboratory environment, biosafety levels, classification and risk assessment, pathogenicity and toxicity of a living organism and their possible hazards in order to minimise any risks for human health and the environment.",ESCO v1.2.0 / API-ready,0.78,auto_generated_review,esco_auto_expansion_500_review_needed
SK433,K06,"Healthcare, Caregiving, and Wellness",Medical and Clinical Professionals,Advocate for healthcare users' needs,"Promote patient and family needs in different settings such as inpatient, outpatient, at home, and in the community.",2211,Generalist Medical Practitioners,2211,advocate for healthcare users' needs,"Advocate for healthcare users' needs; advocate for healthcare users' needs; promote health care user's needs; advocate for patient and family needs; advocate for health care users' needs; promote healthcare users' needs; promote patient and family needs; advocate for a health care user's needs; advocate for a health care user's need; Medical and Clinical Professionals; Healthcare, Caregiving, and Wellness",http://data.europa.eu/esco/skill/ee062700-f7ef-4c2f-b6e0-c3438cc40299,advocate for healthcare users' needs,promote health care user's needs; advocate for patient and family needs; advocate for health care users' needs; promote healthcare users' needs; promote patient and family needs; advocate for a health care user's needs; advocate for a health care user's need,"Promote patient and family needs in different settings such as inpatient, outpatient, at home, and in the community.",ESCO v1.2.0 / API-ready,0.78,auto_generated_review,esco_auto_expansion_500_review_needed
SK434,K06,"Healthcare, Caregiving, and Wellness","Pharmacy, Laboratory, and Health Support",Maintain medical laboratory equipment,"Regularly check the condition of medical laboratory equipment used, clean, and perform maintenance operations, as necessary.",3212,Medical and Pathology Laboratory Technicians,3212,maintain medical laboratory equipment,"Maintain medical laboratory equipment; maintain medical laboratory equipment; maintain equipment of medical laboratory; keep medical laboratory equipment in appropriate condition; check condition of medical laboratory equipment; check medical laboratory equipment; maintain equipment of medical laboratories; maintain medical laboratories equipment; Pharmacy, Laboratory, and Health Support; Healthcare, Caregiving, and Wellness",http://data.europa.eu/esco/skill/8557f2f8-7ff3-47d8-bdb4-b9608dee906e,maintain medical laboratory equipment,maintain equipment of medical laboratory; keep medical laboratory equipment in appropriate condition; check condition of medical laboratory equipment; check medical laboratory equipment; maintain equipment of medical laboratories; maintain medical laboratories equipment,"Regularly check the condition of medical laboratory equipment used, clean, and perform maintenance operations, as necessary.",ESCO v1.2.0 / API-ready,0.78,auto_generated_review,esco_auto_expansion_500_review_needed
SK435,K06,"Healthcare, Caregiving, and Wellness",Medical and Clinical Professionals,Provide anti-cancer medical treatment,"Determine the cancer treatment appropriate for the patient, considering chemotherapy, hormonal therapy and targeted therapy such as immunotherapy.",2211,Generalist Medical Practitioners,2211,provide anti-cancer medical treatment,"Provide anti-cancer medical treatment; provide anti-cancer medical treatment; provide anti-cancer medication and therapy; provide anti-cancer medical therapy; supply anti-cancer medical therapy; supply anti-cancer medical treatment; provide medical treatment against cancer; provide medical process against cancer; Medical and Clinical Professionals; Healthcare, Caregiving, and Wellness",http://data.europa.eu/esco/skill/0e685cc5-df53-451f-b987-7fd6d7025447,provide anti-cancer medical treatment,provide anti-cancer medication and therapy; provide anti-cancer medical therapy; supply anti-cancer medical therapy; supply anti-cancer medical treatment; provide medical treatment against cancer; provide medical process against cancer,"Determine the cancer treatment appropriate for the patient, considering chemotherapy, hormonal therapy and targeted therapy such as immunotherapy.",ESCO v1.2.0 / API-ready,0.78,auto_generated_review,esco_auto_expansion_500_review_needed
SK436,K06,"Healthcare, Caregiving, and Wellness",Medical and Clinical Professionals,Work with healthcare users under medication,Work with healthcare users who are using prescribed medications and other drugs.,2211,Generalist Medical Practitioners,2211,work with healthcare users under medication,"Work with healthcare users under medication; work with healthcare users under medication; work with patients using prescribed medications; work with health care users on medication; work with healthcare users on medication; work with a healthcare user under medication; work with health care users under medication; work with service users under medication; work with service users on medication; Medical and Clinical Professionals; Healthcare, Caregiving, and Wellness",http://data.europa.eu/esco/skill/35f1f02e-f1b9-44a2-92d3-032a16fe586e,work with healthcare users under medication,work with patients using prescribed medications; work with health care users on medication; work with healthcare users on medication; work with a healthcare user under medication; work with health care users under medication; work with service users under medication; work with service users on medication,Work with healthcare users who are using prescribed medications and other drugs.,ESCO v1.2.0 / API-ready,0.78,auto_generated_review,esco_auto_expansion_500_review_needed
SK437,K06,"Healthcare, Caregiving, and Wellness","Pharmacy, Laboratory, and Health Support",Automated analysers in the medical laboratory,The methods used to introduce samples into the laboratory instrument that analyses biological samples for diagnosis purpose.,3212,Medical and Pathology Laboratory Technicians,3212,automated analysers in the medical laboratory,"Automated analysers in the medical laboratory; automated analysers in the medical laboratory; routine biochemistry analysers; medical laboratory instruments; automatic analyser; automated analyzers in the medical laboratory; hematology analysers; automated analysers; automatic analysers; Pharmacy, Laboratory, and Health Support; Healthcare, Caregiving, and Wellness",http://data.europa.eu/esco/skill/4a477e55-fdb6-4fe5-8dec-fcebfa3579d6,automated analysers in the medical laboratory,routine biochemistry analysers; medical laboratory instruments; automatic analyser; automated analyzers in the medical laboratory; hematology analysers; automated analysers; automatic analysers,The methods used to introduce samples into the laboratory instrument that analyses biological samples for diagnosis purpose.,ESCO v1.2.0 / API-ready,0.78,auto_generated_review,esco_auto_expansion_500_review_needed
SK438,K06,"Healthcare, Caregiving, and Wellness",Medical and Clinical Professionals,Comply with legislation related to health care,"Comply with the regional and national health legislation which regulates relations between suppliers, payers, vendors of the healthcare industry and patients, and the delivery of healthcare services.",2211,Generalist Medical Practitioners,2211,comply with legislation related to health care,"Comply with legislation related to health care; comply with legislation related to health care; comply with legislation related to health-care; comply with health care legislation; adhere to legislation related to health care; obey legislation related to health care; comply with health care laws and regulations; comply with legislation related to healthcare; Medical and Clinical Professionals; Healthcare, Caregiving, and Wellness",http://data.europa.eu/esco/skill/9fcf9918-fdef-49c3-aedc-518eb1e7e1f5,comply with legislation related to health care,comply with legislation related to health-care; comply with health care legislation; adhere to legislation related to health care; obey legislation related to health care; comply with health care laws and regulations; comply with legislation related to healthcare,"Comply with the regional and national health legislation which regulates relations between suppliers, payers, vendors of the healthcare industry and patients, and the delivery of healthcare services.",ESCO v1.2.0 / API-ready,0.78,auto_generated_review,esco_auto_expansion_500_review_needed
SK439,K06,"Healthcare, Caregiving, and Wellness","Pharmacy, Laboratory, and Health Support",Teach medical laboratory technology principles,"Instruct students in the theory and practice of medical laboratory technology, with the aim of assisting them in pursuing a future career in this field, more specifically in the usage of laboratory equipment and technology to perform tests such as chromatography and other bodily fluid or tissue analysis.",3212,Medical and Pathology Laboratory Technicians,3212,teach medical laboratory technology principles,"Teach medical laboratory technology principles; teach medical laboratory technology principles; provide instruction on medical laboratory technology principles; teaching medical laboratory technology principles; educate on medical laboratory technology principles; explain medical laboratory technology principles; teaches medical laboratory technology principles; Pharmacy, Laboratory, and Health Support; Healthcare, Caregiving, and Wellness",http://data.europa.eu/esco/skill/80220259-7c78-46e1-abb6-1ddb4af68e7a,teach medical laboratory technology principles,provide instruction on medical laboratory technology principles; teaching medical laboratory technology principles; educate on medical laboratory technology principles; explain medical laboratory technology principles; teaches medical laboratory technology principles,"Instruct students in the theory and practice of medical laboratory technology, with the aim of assisting them in pursuing a future career in this field, more specifically in the usage of laboratory equipment and technology to perform tests such as chromatography and other bodily fluid or tissue analysis.",ESCO v1.2.0 / API-ready,0.78,auto_generated_review,esco_auto_expansion_500_review_needed
SK440,K06,"Healthcare, Caregiving, and Wellness",Medical and Clinical Professionals,Monitor patients' progress related to treatment,"Observe and report on healthcare users' response to medical treatment, monitoring their progress or decay on a daily basis and modifying the treatment procedures whenever necessary.",2211,Generalist Medical Practitioners,2211,monitor patients' progress related to treatment,"Monitor patients' progress related to treatment; monitor patients' progress related to treatment; observe patients' progress related to treatment; monitor patients' response to treatment; report on patients' progress related to treatment; monitor healthcare users' response to treatment; monitor patient's progress related to treatment; monitor healthcare user's response to treatment; track patients' progress related to treatment; monitor patient's response to treatment; Medical and Clinical Professionals; Healthcare, Caregiving, and Wellness",http://data.europa.eu/esco/skill/46a8c70b-3894-4ce5-887b-7df4f7456b36,monitor patients' progress related to treatment,observe patients' progress related to treatment; monitor patients' response to treatment; report on patients' progress related to treatment; monitor healthcare users' response to treatment; monitor patient's progress related to treatment; monitor healthcare user's response to treatment; track patients' progress related to treatment; monitor patient's response to treatment,"Observe and report on healthcare users' response to medical treatment, monitoring their progress or decay on a daily basis and modifying the treatment procedures whenever necessary.",ESCO v1.2.0 / API-ready,0.78,auto_generated_review,esco_auto_expansion_500_review_needed
SK441,K06,"Healthcare, Caregiving, and Wellness",Medical and Clinical Professionals,Identify the healthcare user’s personal capacity,"Identify the healthcare user's personal capacity to act in all spheres of life taking account of environmental factors with regard to the social, cultural, physical and institutional setting, identifying biomechanical, motoric, sensory/perceptive, cognitive and psychosocial skills and competences of the healthcare user.",2211,Generalist Medical Practitioners,2211,identify the healthcare user’s personal capacity,"Identify the healthcare user’s personal capacity; identify the healthcare user’s personal capacity; identify health care users' personal capacities; identify the patient’s personal skills and competences; identify healthcare user's personal capacity; identify patients biomechanical capacities; Medical and Clinical Professionals; Healthcare, Caregiving, and Wellness",http://data.europa.eu/esco/skill/b562efb4-e497-4495-a775-27b9da7779ab,identify the healthcare user’s personal capacity,identify health care users' personal capacities; identify the patient’s personal skills and competences; identify healthcare user's personal capacity; identify patients biomechanical capacities,"Identify the healthcare user's personal capacity to act in all spheres of life taking account of environmental factors with regard to the social, cultural, physical and institutional setting, identifying biomechanical, motoric, sensory/perceptive, cognitive and psychosocial skills and competences of the healthcare user.",ESCO v1.2.0 / API-ready,0.78,auto_generated_review,esco_auto_expansion_500_review_needed
SK442,K06,"Healthcare, Caregiving, and Wellness",Medical and Clinical Professionals,Biomedical scientists' role in health care system,The roles and responsibilities of a biomedical scientist under the health care regulation system.,2211,Generalist Medical Practitioners,2211,biomedical scientists' role in health care system,"Biomedical scientists' role in health care system; biomedical scientists' role in health care system; biomedical scientists' role in health care systems; biomedical scientists' role in the health care system; roles and responsibilities of biomedical scientists; role and responsibility of a biomedical scientist; Medical and Clinical Professionals; Healthcare, Caregiving, and Wellness",http://data.europa.eu/esco/skill/4309691a-e389-42f6-a539-6965a440fec9,biomedical scientists' role in health care system,biomedical scientists' role in health care systems; biomedical scientists' role in the health care system; roles and responsibilities of biomedical scientists; role and responsibility of a biomedical scientist,The roles and responsibilities of a biomedical scientist under the health care regulation system.,ESCO v1.2.0 / API-ready,0.78,auto_generated_review,esco_auto_expansion_500_review_needed
SK443,K06,"Healthcare, Caregiving, and Wellness",Medical and Clinical Professionals,Analyse processes influencing health care delivery,"Investigate the communication between healthcare practitioners and patients, observing psychological interventions to improve communication, adherence, preparation for stressful medical procedures, and other topics of interest.",2211,Generalist Medical Practitioners,2211,analyse processes influencing health care delivery,"Analyse processes influencing health care delivery; analyse processes influencing health care delivery; examine processes influencing health care delivery; investigate processes influencing health care delivery; analyse actions influencing health care delivery; analyze processes influencing health care delivery; analyze process influencing health care delivery; observe processes influencing health care delivery; Medical and Clinical Professionals; Healthcare, Caregiving, and Wellness",http://data.europa.eu/esco/skill/32fff719-0b03-4370-a0f4-25abbce2f221,analyse processes influencing health care delivery,examine processes influencing health care delivery; investigate processes influencing health care delivery; analyse actions influencing health care delivery; analyze processes influencing health care delivery; analyze process influencing health care delivery; observe processes influencing health care delivery,"Investigate the communication between healthcare practitioners and patients, observing psychological interventions to improve communication, adherence, preparation for stressful medical procedures, and other topics of interest.",ESCO v1.2.0 / API-ready,0.78,auto_generated_review,esco_auto_expansion_500_review_needed
SK444,K06,"Healthcare, Caregiving, and Wellness",Medical and Clinical Professionals,Comply with quality standards related to healthcare practice,"Apply quality standards related to risk management, safety procedures, patients feedback, screening and medical devices in daily practice, as they are recognized by the national professional associations and authorities.",2211,Generalist Medical Practitioners,2211,comply with quality standards related to healthcare practice,"Comply with quality standards related to healthcare practice; comply with quality standards related to healthcare practice; follow quality standards related to healthcare practice; comply with quality standards in healthcare practice; comply with healthcare practice quality standards; comply with quality standards related to health care practice; follow healthcare best practices; Medical and Clinical Professionals; Healthcare, Caregiving, and Wellness",http://data.europa.eu/esco/skill/98eb1f3b-3480-416b-bd4b-811946f7e347,comply with quality standards related to healthcare practice,follow quality standards related to healthcare practice; comply with quality standards in healthcare practice; comply with healthcare practice quality standards; comply with quality standards related to health care practice; follow healthcare best practices,"Apply quality standards related to risk management, safety procedures, patients feedback, screening and medical devices in daily practice, as they are recognized by the national professional associations and authorities.",ESCO v1.2.0 / API-ready,0.78,auto_generated_review,esco_auto_expansion_500_review_needed
SK445,K06,"Healthcare, Caregiving, and Wellness",Medical and Clinical Professionals,Primary care,"The regular, routine medical care provided to patients, usually performed by a physician or a nurse, that leads to a decision on the following course of action required to solve the health problem of the patient.",2211,Generalist Medical Practitioners,2211,primary care,"Primary care; primary care; primary health care; primary routine health care; primary routine medical care; primary medical care; Medical and Clinical Professionals; Healthcare, Caregiving, and Wellness",http://data.europa.eu/esco/skill/9c1e94ad-6c81-4fce-bc16-f7cf2e730cf0,primary care,primary health care; primary routine health care; primary routine medical care; primary medical care,"The regular, routine medical care provided to patients, usually performed by a physician or a nurse, that leads to a decision on the following course of action required to solve the health problem of the patient.",ESCO v1.2.0 / API-ready,0.78,auto_generated_review,esco_auto_expansion_500_review_needed
SK446,K06,"Healthcare, Caregiving, and Wellness",Medical and Clinical Professionals,Clinical science,"The research and development of the techniques and equipment used by medical staff to prevent, diagnose and treat illness.",2211,Generalist Medical Practitioners,2211,clinical science,"Clinical science; clinical science; clinical engineering; healthcare science; clinical research; medical physics and clinical engineering; Medical and Clinical Professionals; Healthcare, Caregiving, and Wellness",http://data.europa.eu/esco/skill/ad05c2bf-3905-4e4c-bd56-6fcfdebc994c,clinical science,clinical engineering; healthcare science; clinical research; medical physics and clinical engineering,"The research and development of the techniques and equipment used by medical staff to prevent, diagnose and treat illness.",ESCO v1.2.0 / API-ready,0.78,auto_generated_review,esco_auto_expansion_500_review_needed
SK447,K06,"Healthcare, Caregiving, and Wellness",Medical and Clinical Professionals,Physical medicine,The diagnosis and treatment methods applied to individuals with physical impairments or disabilities in order to help them restore their body functions lost because of medical injuries or medical diseases.,2211,Generalist Medical Practitioners,2211,physical medicine,"Physical medicine; physical medicine; physical and rehabilitation medicine; methods of physical medicine; rehabilitation medicine; physical medicine and rehabilitation; PM&R; PRM; physiatry; Medical and Clinical Professionals; Healthcare, Caregiving, and Wellness",http://data.europa.eu/esco/skill/af5e7f45-325f-4424-8724-5692d62caada,physical medicine,physical and rehabilitation medicine; methods of physical medicine; rehabilitation medicine; physical medicine and rehabilitation; PM&R; PRM; physiatry,The diagnosis and treatment methods applied to individuals with physical impairments or disabilities in order to help them restore their body functions lost because of medical injuries or medical diseases.,ESCO v1.2.0 / API-ready,0.78,auto_generated_review,esco_auto_expansion_500_review_needed
SK448,K06,"Healthcare, Caregiving, and Wellness",Medical and Clinical Professionals,Health care system,The structure and function of health care services.,2211,Generalist Medical Practitioners,2211,health care system,"Health care system; health care system; the healthcare system; structure and function of health systems; health care systems; the health care system; Medical and Clinical Professionals; Healthcare, Caregiving, and Wellness",http://data.europa.eu/esco/skill/9b63d92b-5a3a-46b0-b2ba-c98b39ea5aaf,health care system,the healthcare system; structure and function of health systems; health care systems; the health care system,The structure and function of health care services.,ESCO v1.2.0 / API-ready,0.78,auto_generated_review,esco_auto_expansion_500_review_needed
SK449,K06,"Healthcare, Caregiving, and Wellness",Medical and Clinical Professionals,Treatment of strabismus,The treatment administered in the case of strabismus in patients of all ages.,2211,Generalist Medical Practitioners,2211,treatment of strabismus,"Treatment of strabismus; treatment of strabismus; strabismus treatment; strabismus techniques; strabismus treatments; therapy of strabismus; eye correction method; strabismus technique; eye correction treatment; medical care of strabismus; Medical and Clinical Professionals; Healthcare, Caregiving, and Wellness",http://data.europa.eu/esco/skill/318b9d99-b9ed-49e4-9cd0-2eba6e88dbf4,treatment of strabismus,strabismus treatment; strabismus techniques; strabismus treatments; therapy of strabismus; eye correction method; strabismus technique; eye correction treatment; medical care of strabismus,The treatment administered in the case of strabismus in patients of all ages.,ESCO v1.2.0 / API-ready,0.78,auto_generated_review,esco_auto_expansion_500_review_needed
SK450,K06,"Healthcare, Caregiving, and Wellness",Medical and Clinical Professionals,Clinical immunopathology,"The pathogenesis, diagnosis and treatment of disorders associated with an excessive, defective or unwarranted immune response. The difference between the pathogenesis of disorders of the immune system such as autoimmunity, allergy, immunodeficiency, leukaemia/lymphoma and transplant rejection.",2211,Generalist Medical Practitioners,2211,clinical immunopathology,"Clinical immunopathology; clinical immunopathology; clinical immunopathology medicine; immune response to disease; immune response disorders; Medical and Clinical Professionals; Healthcare, Caregiving, and Wellness",http://data.europa.eu/esco/skill/d5e7da40-2571-43da-a5ae-0f82c151255f,clinical immunopathology,clinical immunopathology medicine; immune response to disease; immune response disorders,"The pathogenesis, diagnosis and treatment of disorders associated with an excessive, defective or unwarranted immune response. The difference between the pathogenesis of disorders of the immune system such as autoimmunity, allergy, immunodeficiency, leukaemia/lymphoma and transplant rejection.",ESCO v1.2.0 / API-ready,0.78,auto_generated_review,esco_auto_expansion_500_review_needed
SK451,K06,"Healthcare, Caregiving, and Wellness","Fitness, Wellness, and Rehabilitation Support",Maintain physical fitness,"Adopt and apply preventive healthy behaviours, including regular physical exercise, a healthy sleep-routine, and a healthy diet.",3255,Physiotherapy Technicians and Assistants,3255,maintain physical fitness,"Maintain physical fitness; maintain physical fitness; care about your fitness; keep yourself in good conditions; adopt an healthy lifestyle; apply preventive healthy behaviours; Fitness, Wellness, and Rehabilitation Support; Healthcare, Caregiving, and Wellness",http://data.europa.eu/esco/skill/a68bdf1e-b325-4880-b456-192c2891931a,maintain physical fitness,care about your fitness; keep yourself in good conditions; adopt an healthy lifestyle; apply preventive healthy behaviours,"Adopt and apply preventive healthy behaviours, including regular physical exercise, a healthy sleep-routine, and a healthy diet.",ESCO v1.2.0 / API-ready,0.78,auto_generated_review,esco_auto_expansion_500_review_needed
SK452,K07,"Engineering, Construction, and Skilled Trades",Engineering and Architecture,Integrate engineering principles in architectural design,"Integrate engineering principles in architectural design under the guidance of engineers from different fields. Integrate electrical, civil, etc. engineering in architectural drafting.",2149,Engineering Professionals Not Elsewhere Classified,2149,integrate engineering principles in architectural design,"Integrate engineering principles in architectural design; integrate engineering principles in architectural design; include engineering concepts in architectural design; include engineering principles in architectural design; incorporate engineering concepts in architectural design; incorporate engineering principles in architectural design; integrating engineering principles in architectural design; Engineering and Architecture; Engineering, Construction, and Skilled Trades",http://data.europa.eu/esco/skill/ee239d14-bfc8-4939-91ff-824b5814ff67,integrate engineering principles in architectural design,include engineering concepts in architectural design; include engineering principles in architectural design; incorporate engineering concepts in architectural design; incorporate engineering principles in architectural design; integrating engineering principles in architectural design,"Integrate engineering principles in architectural design under the guidance of engineers from different fields. Integrate electrical, civil, etc. engineering in architectural drafting.",ESCO v1.2.0 / API-ready,0.78,auto_generated_review,esco_auto_expansion_500_review_needed
SK453,K07,"Engineering, Construction, and Skilled Trades",Engineering and Architecture,Network engineering,"The subfield of computer technology that concerns the managing the connectivity of networks through data, voice, calls and wireless network services.",2149,Engineering Professionals Not Elsewhere Classified,2149,network engineering,"Network engineering; network engineering; network architecture; Engineering and Architecture; Engineering, Construction, and Skilled Trades",http://data.europa.eu/esco/skill/02058de6-4b98-449f-8a45-8588b0eb2446,network engineering,network architecture,"The subfield of computer technology that concerns the managing the connectivity of networks through data, voice, calls and wireless network services.",ESCO v1.2.0 / API-ready,0.78,auto_generated_review,esco_auto_expansion_500_review_needed
SK454,K07,"Engineering, Construction, and Skilled Trades","Technical Drafting, Surveying, and Control",Blueprints,"Must be able to read and understand blueprints, drawings and plans and maintain simple written records.",3118,Draughtspersons,3118,blueprints,"Blueprints; blueprints; technical drawings; technical plans; technical blueprints; schematics; Technical Drafting, Surveying, and Control; Engineering, Construction, and Skilled Trades",http://data.europa.eu/esco/skill/d1072655-88ce-4445-8803-e6273da273e7,blueprints,technical drawings; technical plans; technical blueprints; schematics,"Must be able to read and understand blueprints, drawings and plans and maintain simple written records.",ESCO v1.2.0 / API-ready,0.78,auto_generated_review,esco_auto_expansion_500_review_needed
SK455,K07,"Engineering, Construction, and Skilled Trades",Engineering and Architecture,Civil engineering,"The engineering discipline that studies the design, construction and maintenance of naturally built works such as roads, buildings, and canals.",2149,Engineering Professionals Not Elsewhere Classified,2149,civil engineering,"Civil engineering; civil engineering; urban planning; civil engineering fieldwork; civil engineering studies; civil engineering analysis; civil engineering research; civil engineering analyses; city planning; civil engineering applications; Engineering and Architecture; Engineering, Construction, and Skilled Trades",http://data.europa.eu/esco/skill/82887396-e5bf-4306-af51-3fe8d82790b2,civil engineering,urban planning; civil engineering fieldwork; civil engineering studies; civil engineering analysis; civil engineering research; civil engineering analyses; city planning; civil engineering applications,"The engineering discipline that studies the design, construction and maintenance of naturally built works such as roads, buildings, and canals.",ESCO v1.2.0 / API-ready,0.78,auto_generated_review,esco_auto_expansion_500_review_needed
SK456,K07,"Engineering, Construction, and Skilled Trades","Technical Drafting, Surveying, and Control",Quantity surveying,"The process of estimating, planning and monitoring the costs of construction for buildings within large construction projects. It means the efficient and effective utilisation of resources and includes aspects of risk analysis as well as tender evaluation and public procurement.",3118,Draughtspersons,3118,quantity surveying,"Quantity surveying; quantity surveying; quantity surveying techniques; Technical Drafting, Surveying, and Control; Engineering, Construction, and Skilled Trades",http://data.europa.eu/esco/skill/9be758b6-a45d-403c-8943-68390ee2c961,quantity surveying,quantity surveying techniques,"The process of estimating, planning and monitoring the costs of construction for buildings within large construction projects. It means the efficient and effective utilisation of resources and includes aspects of risk analysis as well as tender evaluation and public procurement.",ESCO v1.2.0 / API-ready,0.78,auto_generated_review,esco_auto_expansion_500_review_needed
SK457,K07,"Engineering, Construction, and Skilled Trades",Engineering and Architecture,Electrical engineering,"The field of engineering that deals with the study and application of electricity, electronics, and electromagnetism.",2149,Engineering Professionals Not Elsewhere Classified,2149,electrical engineering,"Electrical engineering; electrical engineering; application of electricity; fundamentals of electrical engineering; scope of electrical engineering; field of electrical engineering; application of electronics; application of electromagnetism; principles of electrical engineering; Engineering and Architecture; Engineering, Construction, and Skilled Trades",http://data.europa.eu/esco/skill/3e40c7d0-0e36-4b33-bc33-0aa87eda0561,electrical engineering,application of electricity; fundamentals of electrical engineering; scope of electrical engineering; field of electrical engineering; application of electronics; application of electromagnetism; principles of electrical engineering,"The field of engineering that deals with the study and application of electricity, electronics, and electromagnetism.",ESCO v1.2.0 / API-ready,0.78,auto_generated_review,esco_auto_expansion_500_review_needed
SK458,K07,"Engineering, Construction, and Skilled Trades",Engineering and Architecture,Industrial engineering,"The field of engineering concerned with the development, improvement, and implementation of complex processes and systems of knowledge, people, equipment, etc.",2149,Engineering Professionals Not Elsewhere Classified,2149,industrial engineering,"Industrial engineering; industrial engineering; industrial engineering analysis; engineering for industry; industrial engineering fieldwork; industrial engineering analyses; industrial engineering studies; industrial engineering applications; industrial engineering research; industrial engineering work; Engineering and Architecture; Engineering, Construction, and Skilled Trades",http://data.europa.eu/esco/skill/a1816dfd-dbdc-4499-bef3-ff81dd895b33,industrial engineering,industrial engineering analysis; engineering for industry; industrial engineering fieldwork; industrial engineering analyses; industrial engineering studies; industrial engineering applications; industrial engineering research; industrial engineering work,"The field of engineering concerned with the development, improvement, and implementation of complex processes and systems of knowledge, people, equipment, etc.",ESCO v1.2.0 / API-ready,0.78,auto_generated_review,esco_auto_expansion_500_review_needed
SK459,K07,"Engineering, Construction, and Skilled Trades",Engineering and Architecture,Rail design engineering,"The subfield of rail engineering dealing with the design of rail systems including electrical, civil and mechanical components, and the role of innovation and digital technologies to improve design experience and solutions.",2149,Engineering Professionals Not Elsewhere Classified,2149,rail design engineering,"Rail design engineering; rail design engineering; engineering for railway design and development; engineering in railway construction design; railway engineering; railroad design engineering; design engineering for railway construction; rail engineering design; rail engineering; design engineering for railway development; Engineering and Architecture; Engineering, Construction, and Skilled Trades",http://data.europa.eu/esco/skill/1fdbb8ac-0f77-4261-b28c-6ff6a46ad096,rail design engineering,engineering for railway design and development; engineering in railway construction design; railway engineering; railroad design engineering; design engineering for railway construction; rail engineering design; rail engineering; design engineering for railway development,"The subfield of rail engineering dealing with the design of rail systems including electrical, civil and mechanical components, and the role of innovation and digital technologies to improve design experience and solutions.",ESCO v1.2.0 / API-ready,0.78,auto_generated_review,esco_auto_expansion_500_review_needed
SK460,K07,"Engineering, Construction, and Skilled Trades",Engineering and Architecture,Optomechanical engineering,"Subset of mechanical engineering specialised in optical systems and products, such as binoculars, microscopes, telescopes, and spectrometers, as well as optomechanical components, such as optical mounts and optical mirrors.",2149,Engineering Professionals Not Elsewhere Classified,2149,optomechanical engineering,"Optomechanical engineering; optomechanical engineering; discipline of optomechanical engineering; optical products; opto-mechanical components; opto-mechanical engineering discipline; optomechanical engineering discipline; opto-mechanical engineering; optical systems; optomechanical components; Engineering and Architecture; Engineering, Construction, and Skilled Trades",http://data.europa.eu/esco/skill/8485ef31-f707-4452-a6ec-9dbf3837611f,optomechanical engineering,discipline of optomechanical engineering; optical products; opto-mechanical components; opto-mechanical engineering discipline; optomechanical engineering discipline; opto-mechanical engineering; optical systems; optomechanical components,"Subset of mechanical engineering specialised in optical systems and products, such as binoculars, microscopes, telescopes, and spectrometers, as well as optomechanical components, such as optical mounts and optical mirrors.",ESCO v1.2.0 / API-ready,0.78,auto_generated_review,esco_auto_expansion_500_review_needed
SK461,K07,"Engineering, Construction, and Skilled Trades","Electrical, Electronics, and Mechanical Trades",Install electrical mining machinery,Assemble and disassemble electrical mining machinery. Requires hand and eye coordination and spatial awareness.,7411,Building and Related Electricians,7411,install electrical mining machinery,"Install electrical mining machinery; install electrical mining machinery; installing electrical mining machinery; electrical mining machinery installation; assembling and disassembling electrical mining machines; electrical mining machines assembly and disassembly; installation of electrical mining machinery; assembly and disassembly of electrical mining machines; assemble and disassemble electrical mining machines; installing of electrical mining machinery; Electrical, Electronics, and Mechanical Trades; Engineering, Construction, and Skilled Trades",http://data.europa.eu/esco/skill/d3586c5c-e8a6-4fad-bf07-de7ca5072380,install electrical mining machinery,installing electrical mining machinery; electrical mining machinery installation; assembling and disassembling electrical mining machines; electrical mining machines assembly and disassembly; installation of electrical mining machinery; assembly and disassembly of electrical mining machines; assemble and disassemble electrical mining machines; installing of electrical mining machinery,Assemble and disassemble electrical mining machinery. Requires hand and eye coordination and spatial awareness.,ESCO v1.2.0 / API-ready,0.78,auto_generated_review,esco_auto_expansion_500_review_needed
SK462,K07,"Engineering, Construction, and Skilled Trades",Engineering and Architecture,Operate drones in civil engineering,"Operate drone technologies in the area of civil engineering in a number of different uses, such as topographic terrain mapping, building and land surveys, site inspections, remote monitoring, and thermal imaging recording.",2149,Engineering Professionals Not Elsewhere Classified,2149,operate drones in civil engineering,"Operate drones in civil engineering; operate drones in civil engineering; use drones in civil engineering; use drones in construction; deploy drones in civil engineering; control drones in civil construction; operate drone technology in civil construction; Engineering and Architecture; Engineering, Construction, and Skilled Trades",http://data.europa.eu/esco/skill/254d5358-8e20-450c-9fed-28ceff0479ef,operate drones in civil engineering,use drones in civil engineering; use drones in construction; deploy drones in civil engineering; control drones in civil construction; operate drone technology in civil construction,"Operate drone technologies in the area of civil engineering in a number of different uses, such as topographic terrain mapping, building and land surveys, site inspections, remote monitoring, and thermal imaging recording.",ESCO v1.2.0 / API-ready,0.78,auto_generated_review,esco_auto_expansion_500_review_needed
SK463,K07,"Engineering, Construction, and Skilled Trades",Engineering and Architecture,Principles of mechanical engineering,"The principles of mechanical engineering, physics, and materials science.",2149,Engineering Professionals Not Elsewhere Classified,2149,principles of mechanical engineering,"Principles of mechanical engineering; principles of mechanical engineering; mechanical engineering principles; mechanical engineering fundamentals; fundamentals of mechanical engineering; machinery engineering; engineering in mechanical systems; mechanical engineering foundations; foundations of mechanical engineering; Engineering and Architecture; Engineering, Construction, and Skilled Trades",http://data.europa.eu/esco/skill/54804209-6aac-4ca4-bf3c-aef4fbe18f8c,principles of mechanical engineering,mechanical engineering principles; mechanical engineering fundamentals; fundamentals of mechanical engineering; machinery engineering; engineering in mechanical systems; mechanical engineering foundations; foundations of mechanical engineering,"The principles of mechanical engineering, physics, and materials science.",ESCO v1.2.0 / API-ready,0.78,auto_generated_review,esco_auto_expansion_500_review_needed
SK464,K07,"Engineering, Construction, and Skilled Trades",Engineering and Architecture,Electrical instrumentation engineering,"The way in which electrical and instrumentation engineering (E and I engineering) modernises the production infrastructure from design to preparation of execution phase and the execution phase itself followed by the after-sales services, improvements obtain by using the electrical and instrumentation engineering.",2149,Engineering Professionals Not Elsewhere Classified,2149,electrical instrumentation engineering,"Electrical instrumentation engineering; electrical instrumentation engineering; electrical instrumentation engineering types; E+I engineering; E and I engineering; E & I engineering; electrical and instrumentation engineering; types of electrical instrumentation engineering; typology of electrical instrumentation engineering; Engineering and Architecture; Engineering, Construction, and Skilled Trades",http://data.europa.eu/esco/skill/722be5b6-9492-46da-aeef-ddd880fdceb1,electrical instrumentation engineering,electrical instrumentation engineering types; E+I engineering; E and I engineering; E & I engineering; electrical and instrumentation engineering; types of electrical instrumentation engineering; typology of electrical instrumentation engineering,"The way in which electrical and instrumentation engineering (E and I engineering) modernises the production infrastructure from design to preparation of execution phase and the execution phase itself followed by the after-sales services, improvements obtain by using the electrical and instrumentation engineering.",ESCO v1.2.0 / API-ready,0.78,auto_generated_review,esco_auto_expansion_500_review_needed
SK465,K07,"Engineering, Construction, and Skilled Trades","Electrical, Electronics, and Mechanical Trades",Install electrical equipment in vessels,"Install electrical equipment and accessories such as lighting, gauges and radios in vessels. Make sure installation is according to requirements and regulations.",7411,Building and Related Electricians,7411,install electrical equipment in vessels,"Install electrical equipment in vessels; install electrical equipment in vessels; fix electrical gadgets in vessels; install electrical equipments in vessels; set up electrical equipment in vessels; set up electrical gadgets in vessels; fix electrical accessories in vessels; fix electrical equipment in vessels; install a vessels' electrical equipment; set up electrical accessories in vessels; Electrical, Electronics, and Mechanical Trades; Engineering, Construction, and Skilled Trades",http://data.europa.eu/esco/skill/d82a4f2f-0ecb-495f-8e36-356443d1ad67,install electrical equipment in vessels,fix electrical gadgets in vessels; install electrical equipments in vessels; set up electrical equipment in vessels; set up electrical gadgets in vessels; fix electrical accessories in vessels; fix electrical equipment in vessels; install a vessels' electrical equipment; set up electrical accessories in vessels,"Install electrical equipment and accessories such as lighting, gauges and radios in vessels. Make sure installation is according to requirements and regulations.",ESCO v1.2.0 / API-ready,0.78,auto_generated_review,esco_auto_expansion_500_review_needed
SK466,K07,"Engineering, Construction, and Skilled Trades","Electrical, Electronics, and Mechanical Trades",Install electrical household appliances,"Connect electrical equipment, such as dishwashers, ovens and refrigerators, to the electricity network and perform electrical bonding to avoid dangerous potential differences. Test the installation for proper functioning.",7411,Building and Related Electricians,7411,install electrical household appliances,"Install electrical household appliances; install electrical household appliances; electrical household appliance installation; connect ovens; installing electrical household appliances; connecting electrical household appliances; installation of electrical household appliances; connect refrigerators; connect dishwashers; connect electrical household appliances; Electrical, Electronics, and Mechanical Trades; Engineering, Construction, and Skilled Trades",http://data.europa.eu/esco/skill/2959dba4-05ad-41b3-915a-d72d46108a63,install electrical household appliances,electrical household appliance installation; connect ovens; installing electrical household appliances; connecting electrical household appliances; installation of electrical household appliances; connect refrigerators; connect dishwashers; connect electrical household appliances,"Connect electrical equipment, such as dishwashers, ovens and refrigerators, to the electricity network and perform electrical bonding to avoid dangerous potential differences. Test the installation for proper functioning.",ESCO v1.2.0 / API-ready,0.78,auto_generated_review,esco_auto_expansion_500_review_needed
SK467,K07,"Engineering, Construction, and Skilled Trades","Technical Drafting, Surveying, and Control",Make technical drawings of fashion pieces,"Make technical drawings of wearing apparel, leather goods and footwear including both technical and engineering drawings. Use them to communicate or to convey design ideas and manufacturing details to pattern makers, technologists, toolmakers, and equipment producers or to other machine operators for sampling and production.",3118,Draughtspersons,3118,make technical drawings of fashion pieces,"Make technical drawings of fashion pieces; make technical drawings of fashion pieces; draw fashion flats; make fashion technical drawings; make fashion technical flats; make technical flats of fashion pieces; draw fashion technical flats; draw technical flats; Technical Drafting, Surveying, and Control; Engineering, Construction, and Skilled Trades",http://data.europa.eu/esco/skill/881cd4ec-5b52-46c6-abc4-60551d58b355,make technical drawings of fashion pieces,draw fashion flats; make fashion technical drawings; make fashion technical flats; make technical flats of fashion pieces; draw fashion technical flats; draw technical flats,"Make technical drawings of wearing apparel, leather goods and footwear including both technical and engineering drawings. Use them to communicate or to convey design ideas and manufacturing details to pattern makers, technologists, toolmakers, and equipment producers or to other machine operators for sampling and production.",ESCO v1.2.0 / API-ready,0.78,auto_generated_review,esco_auto_expansion_500_review_needed
SK468,K07,"Engineering, Construction, and Skilled Trades","Electrical, Electronics, and Mechanical Trades",Install electrical and electronic equipment,"Install equipment which is dependent on electric currents or electromagnetic fields in order to work, or equipment to generate, transfer or measure such currents and fields. This equipment includes switchboards, electric motors, generators or direct current systems.",7411,Building and Related Electricians,7411,install electrical and electronic equipment,"Install electrical and electronic equipment; install electrical and electronic equipment; institute electrical and electronic equipment; introduce electrical and electronic equipment; construct electrical and electronic equipment; institute electric and digital components and systems; build electrical and electronic equipment; introduce electric and digital components and systems; construct electric and digital components and systems; build electric and digital components and systems; Electrical, Electronics, and Mechanical Trades; Engineering, Construction, and Skilled Trades",http://data.europa.eu/esco/skill/52797dce-911c-4e6d-b0cb-491f6469014f,install electrical and electronic equipment,institute electrical and electronic equipment; introduce electrical and electronic equipment; construct electrical and electronic equipment; institute electric and digital components and systems; build electrical and electronic equipment; introduce electric and digital components and systems; construct electric and digital components and systems; build electric and digital components and systems,"Install equipment which is dependent on electric currents or electromagnetic fields in order to work, or equipment to generate, transfer or measure such currents and fields. This equipment includes switchboards, electric motors, generators or direct current systems.",ESCO v1.2.0 / API-ready,0.78,auto_generated_review,esco_auto_expansion_500_review_needed
SK469,K07,"Engineering, Construction, and Skilled Trades",Engineering and Architecture,Mechanical engineering applicable to edible oil seed,"The application of mechanical engineering principles to the processing of edible oil seeds. This includes the installation and repairing of machinery, the use welding of practices, steam equipment installation and the applications of this equipment in the processing of oil seeds and in the production of the oil.",2149,Engineering Professionals Not Elsewhere Classified,2149,mechanical engineering applicable to edible oil seed,"Mechanical engineering applicable to edible oil seed; mechanical engineering applicable to edible oil seed; mechanical fabrication applicable to edible oil seed; mechanical processes applicable to edible oil seed; mechanical production applicable to edible oil seed; mechanical engineering applicable to edible oil seeds; mechanical engineering as applicable to edible oil seed; Engineering and Architecture; Engineering, Construction, and Skilled Trades",http://data.europa.eu/esco/skill/cfc925c6-2c75-4571-a4bc-fdd21c0bc5e7,mechanical engineering applicable to edible oil seed,mechanical fabrication applicable to edible oil seed; mechanical processes applicable to edible oil seed; mechanical production applicable to edible oil seed; mechanical engineering applicable to edible oil seeds; mechanical engineering as applicable to edible oil seed,"The application of mechanical engineering principles to the processing of edible oil seeds. This includes the installation and repairing of machinery, the use welding of practices, steam equipment installation and the applications of this equipment in the processing of oil seeds and in the production of the oil.",ESCO v1.2.0 / API-ready,0.78,auto_generated_review,esco_auto_expansion_500_review_needed
SK470,K07,"Engineering, Construction, and Skilled Trades",Engineering and Architecture,"Mining, construction and civil engineering machinery products","The offered mining, construction and civil engineering machinery products, their functionalities, properties and legal and regulatory requirements.",2149,Engineering Professionals Not Elsewhere Classified,2149,"mining, construction and civil engineering machinery products","Mining, construction and civil engineering machinery products; mining, construction and civil engineering machinery products; mining, construction and civil engineering machinery commodities; mining, construction and civil engineering machinery brands; mining, construction and civil engineering machine production; mining, construction and civil engineering machine products; mining, construction and civil engineering machinery parts; mining, construction and civil engineering machinery stock; Engineering and Architecture; Engineering, Construction, and Skilled Trades",http://data.europa.eu/esco/skill/ce4990a4-bf69-4f5f-becb-e4fd96da3a74,"mining, construction and civil engineering machinery products","mining, construction and civil engineering machinery commodities; mining, construction and civil engineering machinery brands; mining, construction and civil engineering machine production; mining, construction and civil engineering machine products; mining, construction and civil engineering machinery parts; mining, construction and civil engineering machinery stock","The offered mining, construction and civil engineering machinery products, their functionalities, properties and legal and regulatory requirements.",ESCO v1.2.0 / API-ready,0.78,auto_generated_review,esco_auto_expansion_500_review_needed
SK471,K07,"Engineering, Construction, and Skilled Trades",Engineering and Architecture,Robotics,"The branch of engineering that involves the design, operation, manufacture, and application of robots. Robotics is part of mechanical engineering, electrical engineering, and computer science and overlaps with mechatronics and automation engineering.",2149,Engineering Professionals Not Elsewhere Classified,2149,robotics,"Robotics; robotics; industrial automation; mechatronics; science of robotics; field of robotics; robotic engineering; application of mechatronics; Engineering and Architecture; Engineering, Construction, and Skilled Trades",http://data.europa.eu/esco/skill/e87ec79a-c9ff-46f5-84fa-7a0f394cdf40,robotics,industrial automation; mechatronics; science of robotics; field of robotics; robotic engineering; application of mechatronics,"The branch of engineering that involves the design, operation, manufacture, and application of robots. Robotics is part of mechanical engineering, electrical engineering, and computer science and overlaps with mechatronics and automation engineering.",ESCO v1.2.0 / API-ready,0.78,auto_generated_review,esco_auto_expansion_500_review_needed
SK472,K07,"Engineering, Construction, and Skilled Trades",Engineering and Architecture,Electromechanics,The engineering processes that combine electrical and mechanical engineering in the application of electromechanics in devices that need electricity to create mechanical movement or devices that create electricity by mechanical movement.,2149,Engineering Professionals Not Elsewhere Classified,2149,electromechanics,"Electromechanics; electromechanics; electro-mechanics; electrical and mechanical engineering; Engineering and Architecture; Engineering, Construction, and Skilled Trades",http://data.europa.eu/esco/skill/2bbdea06-a265-42b5-bb4f-7241b661f069,electromechanics,electro-mechanics; electrical and mechanical engineering,The engineering processes that combine electrical and mechanical engineering in the application of electromechanics in devices that need electricity to create mechanical movement or devices that create electricity by mechanical movement.,ESCO v1.2.0 / API-ready,0.78,auto_generated_review,esco_auto_expansion_500_review_needed
SK473,K07,"Engineering, Construction, and Skilled Trades",Engineering and Architecture,Power engineering,"Subdiscipline of energy and electrical engineering which specialises in the generation, transmission, distribution, and usage of electrical power through the connection of electrical devices to motors, generators, and transformers, such as an AC-DC power adapter.",2149,Engineering Professionals Not Elsewhere Classified,2149,power engineering,"Power engineering; power engineering; discipline of electrical power engineering; power engineering discipline; discipline of power engineering; science of power engineering; electrical power engineering science; science of electrical power engineering; electrical power engineering discipline; power engineering science; Engineering and Architecture; Engineering, Construction, and Skilled Trades",http://data.europa.eu/esco/skill/dd6e5939-d19b-4e2f-a025-2014f0a2ec88,power engineering,discipline of electrical power engineering; power engineering discipline; discipline of power engineering; science of power engineering; electrical power engineering science; science of electrical power engineering; electrical power engineering discipline; power engineering science,"Subdiscipline of energy and electrical engineering which specialises in the generation, transmission, distribution, and usage of electrical power through the connection of electrical devices to motors, generators, and transformers, such as an AC-DC power adapter.",ESCO v1.2.0 / API-ready,0.78,auto_generated_review,esco_auto_expansion_500_review_needed
SK474,K07,"Engineering, Construction, and Skilled Trades",Engineering and Architecture,Bridge engineering,"Thoroughly understand principles and characteristics of bridge management, bridge deck loading, bridge durability, steel and composite bridge design, long span bridges, etc.",2149,Engineering Professionals Not Elsewhere Classified,2149,bridge engineering,"Bridge engineering; bridge engineering; structural engineering for bridges; technical bridge construction; bridge construction activities; engineering for bridges; structural bridge engineering; bridge construction; bridge building; bridge design; Engineering and Architecture; Engineering, Construction, and Skilled Trades",http://data.europa.eu/esco/skill/3eb03076-6fb4-48a1-8b36-36b5a5031ead,bridge engineering,structural engineering for bridges; technical bridge construction; bridge construction activities; engineering for bridges; structural bridge engineering; bridge construction; bridge building; bridge design,"Thoroughly understand principles and characteristics of bridge management, bridge deck loading, bridge durability, steel and composite bridge design, long span bridges, etc.",ESCO v1.2.0 / API-ready,0.78,auto_generated_review,esco_auto_expansion_500_review_needed
SK475,K07,"Engineering, Construction, and Skilled Trades",Engineering and Architecture,Precision engineering,"Engineering discipline related to the fields of electrical engineering, electronics engineering, software engineering, optical engineering, and mechanical engineering that deals with the development of apparatus with very low tolerances.",2149,Engineering Professionals Not Elsewhere Classified,2149,precision engineering,"Precision engineering; precision engineering; precision engineering science; engineering to low tolerances; discipline of precision engineering; science of precision engineering; low tolerances in engineering; precision engineering discipline; Engineering and Architecture; Engineering, Construction, and Skilled Trades",http://data.europa.eu/esco/skill/25c4cb91-d64b-48d1-a350-3527334a360d,precision engineering,precision engineering science; engineering to low tolerances; discipline of precision engineering; science of precision engineering; low tolerances in engineering; precision engineering discipline,"Engineering discipline related to the fields of electrical engineering, electronics engineering, software engineering, optical engineering, and mechanical engineering that deals with the development of apparatus with very low tolerances.",ESCO v1.2.0 / API-ready,0.78,auto_generated_review,esco_auto_expansion_500_review_needed
SK476,K07,"Engineering, Construction, and Skilled Trades",Construction and Building Trades,Prepare building site,Draw up building plans and prepare building sites for erecting buildings or other structures.,7119,Building Frame and Related Trades Workers,7119,prepare building site,"Prepare building site; prepare building site; ground preparing for construction; prepare construction site; prepare ground for construction; preparation of building site; site preparation; preparation of building ground; preparing site; drawing up site plans; Construction and Building Trades; Engineering, Construction, and Skilled Trades",http://data.europa.eu/esco/skill/cb5c6c3a-8999-41ee-83c9-012974efc43e,prepare building site,ground preparing for construction; prepare construction site; prepare ground for construction; preparation of building site; site preparation; preparation of building ground; preparing site; drawing up site plans,Draw up building plans and prepare building sites for erecting buildings or other structures.,ESCO v1.2.0 / API-ready,0.78,auto_generated_review,esco_auto_expansion_500_review_needed
SK477,K07,"Engineering, Construction, and Skilled Trades",Engineering and Architecture,Automotive engineering,"The discipline of engineering that combines mechanical, electrical, electronic, software and safety engineering to design motor vehicles such as trucks, vans and automobiles.",2149,Engineering Professionals Not Elsewhere Classified,2149,automotive engineering,"Automotive engineering; automotive engineering; vehicle engineering; automotive technology; motor vehicle engineering; engineering of automobiles; engineering of automotives; designing automobiles; constructing automobiles; engineering of vehicles; Engineering and Architecture; Engineering, Construction, and Skilled Trades",http://data.europa.eu/esco/skill/0e44ceb3-9dd4-4ec4-b1d7-a0e83ddba7d4,automotive engineering,vehicle engineering; automotive technology; motor vehicle engineering; engineering of automobiles; engineering of automotives; designing automobiles; constructing automobiles; engineering of vehicles,"The discipline of engineering that combines mechanical, electrical, electronic, software and safety engineering to design motor vehicles such as trucks, vans and automobiles.",ESCO v1.2.0 / API-ready,0.78,auto_generated_review,esco_auto_expansion_500_review_needed
SK478,K07,"Engineering, Construction, and Skilled Trades",Engineering and Architecture,Analyse drill engineering,"Gather relevant data, carry out on-site engineering analysis. Make up reports and recommend necessary measures.",2149,Engineering Professionals Not Elsewhere Classified,2149,analyse drill engineering,"Analyse drill engineering; analyse drill engineering; analysis of drill engineering; drill engineering analysis; report on well drilling; analyse well drilling; analysing drill engineering; analysing of drill engineering; analyze drill engineering; monitor drill engineering; Engineering and Architecture; Engineering, Construction, and Skilled Trades",http://data.europa.eu/esco/skill/71b300d6-8de6-4282-b3c0-9a0401d9095f,analyse drill engineering,analysis of drill engineering; drill engineering analysis; report on well drilling; analyse well drilling; analysing drill engineering; analysing of drill engineering; analyze drill engineering; monitor drill engineering,"Gather relevant data, carry out on-site engineering analysis. Make up reports and recommend necessary measures.",ESCO v1.2.0 / API-ready,0.78,auto_generated_review,esco_auto_expansion_500_review_needed
SK479,K07,"Engineering, Construction, and Skilled Trades",Engineering and Architecture,Design cloud architecture,"Design a multi-tier cloud architecture solution, which tolerates faults and is fit for the workload and other business needs. Identify elastic and scalable computing solutions, select high-performing and scalable storage solutions, and choose high-performing database solutions. Identify cost-effective storage, computing, and database services in the cloud.",2149,Engineering Professionals Not Elsewhere Classified,2149,design cloud architecture,"Design cloud architecture; design cloud architecture; design multi-tier cloud architecture; create cloud architecture; engineer cloud architecture; Engineering and Architecture; Engineering, Construction, and Skilled Trades",http://data.europa.eu/esco/skill/11430d93-c835-48ed-8e70-285fa69c9ae6,design cloud architecture,design multi-tier cloud architecture; create cloud architecture; engineer cloud architecture,"Design a multi-tier cloud architecture solution, which tolerates faults and is fit for the workload and other business needs. Identify elastic and scalable computing solutions, select high-performing and scalable storage solutions, and choose high-performing database solutions. Identify cost-effective storage, computing, and database services in the cloud.",ESCO v1.2.0 / API-ready,0.78,auto_generated_review,esco_auto_expansion_500_review_needed
SK480,K07,"Engineering, Construction, and Skilled Trades",Construction and Building Trades,Inspect construction sites,Ensure health and safety during the construction project by inspecting the construction site regularly. Identify risks of putting people in danger or of damaging construction equipment.,7119,Building Frame and Related Trades Workers,7119,inspect construction sites,"Inspect construction sites; inspect construction sites; check building sites; inspecting a construction site; inspecting construction sites; inspect a construction site; checking building sites; checking construction sites; check construction sites; Construction and Building Trades; Engineering, Construction, and Skilled Trades",http://data.europa.eu/esco/skill/4f9f0410-5db0-4b3b-8de3-1ded1600c719,inspect construction sites,check building sites; inspecting a construction site; inspecting construction sites; inspect a construction site; checking building sites; checking construction sites; check construction sites,Ensure health and safety during the construction project by inspecting the construction site regularly. Identify risks of putting people in danger or of damaging construction equipment.,ESCO v1.2.0 / API-ready,0.78,auto_generated_review,esco_auto_expansion_500_review_needed
SK481,K07,"Engineering, Construction, and Skilled Trades",Construction and Building Trades,Prepare site for construction,"Prepare ground or site for construction of wooden and brick terraces, fences and ground surfaces. This includes measure and plan out the site, lay stone and tiles.",7119,Building Frame and Related Trades Workers,7119,prepare site for construction,"Prepare site for construction; prepare site for construction; construction site preparing; preparing site for building; prepare site for building; building site preparing; preparing site for construction; Construction and Building Trades; Engineering, Construction, and Skilled Trades",http://data.europa.eu/esco/skill/088dd17a-9d92-4b93-9e4a-49587e015e06,prepare site for construction,construction site preparing; preparing site for building; prepare site for building; building site preparing; preparing site for construction,"Prepare ground or site for construction of wooden and brick terraces, fences and ground surfaces. This includes measure and plan out the site, lay stone and tiles.",ESCO v1.2.0 / API-ready,0.78,auto_generated_review,esco_auto_expansion_500_review_needed
SK482,K07,"Engineering, Construction, and Skilled Trades",Engineering and Architecture,Conduct engineering site audits,"Collect structural, electrical and related site information by conducting engineering site audits. They are used for the design of engineering solution such as solar power systems.",2149,Engineering Professionals Not Elsewhere Classified,2149,conduct engineering site audits,"Conduct engineering site audits; conduct engineering site audits; performing engineering site audits; engineering site audits conducting; engineering site audit conducting; engineering site audits performing; engineering site audit performing; conducting engineering site audits; Engineering and Architecture; Engineering, Construction, and Skilled Trades",http://data.europa.eu/esco/skill/09473fea-69ea-40dc-9ff4-bbaaff10840e,conduct engineering site audits,performing engineering site audits; engineering site audits conducting; engineering site audit conducting; engineering site audits performing; engineering site audit performing; conducting engineering site audits,"Collect structural, electrical and related site information by conducting engineering site audits. They are used for the design of engineering solution such as solar power systems.",ESCO v1.2.0 / API-ready,0.78,auto_generated_review,esco_auto_expansion_500_review_needed
SK483,K07,"Engineering, Construction, and Skilled Trades","Technical Drafting, Surveying, and Control",Conduct quality control analysis,"Conduct inspections and tests of services, processes, or products to evaluate quality.",3118,Draughtspersons,3118,conduct quality control analysis,"Conduct quality control analysis; conduct quality control analysis; quality control analysis conducting; conducting quality control inspection; quality control inspection conducting; conduct quality control inspection; conducting quality control analysis; Technical Drafting, Surveying, and Control; Engineering, Construction, and Skilled Trades",http://data.europa.eu/esco/skill/41a3240f-58ba-44e2-a688-edeb21ea5c16,conduct quality control analysis,quality control analysis conducting; conducting quality control inspection; quality control inspection conducting; conduct quality control inspection; conducting quality control analysis,"Conduct inspections and tests of services, processes, or products to evaluate quality.",ESCO v1.2.0 / API-ready,0.78,auto_generated_review,esco_auto_expansion_500_review_needed
SK484,K07,"Engineering, Construction, and Skilled Trades","Electrical, Electronics, and Mechanical Trades",Maintain water treatment equipment,Perform repairs and routine maintenance tasks on equipment used in the purification and treatment processes of water and waste water.,7411,Building and Related Electricians,7411,maintain water treatment equipment,"Maintain water treatment equipment; maintain water treatment equipment; maintaining water treatment equipment; repairing water treatment equipment; water treatment equipment repairing; water treatment equipment maintaining; maintaining equipment for water treatment; repair equipment for water treatment; repairing equipment for water treatment; maintain equipment for water treatment; Electrical, Electronics, and Mechanical Trades; Engineering, Construction, and Skilled Trades",http://data.europa.eu/esco/skill/2a45f2d1-8f1a-4c62-9332-cfd3535d9d35,maintain water treatment equipment,maintaining water treatment equipment; repairing water treatment equipment; water treatment equipment repairing; water treatment equipment maintaining; maintaining equipment for water treatment; repair equipment for water treatment; repairing equipment for water treatment; maintain equipment for water treatment,Perform repairs and routine maintenance tasks on equipment used in the purification and treatment processes of water and waste water.,ESCO v1.2.0 / API-ready,0.78,auto_generated_review,esco_auto_expansion_500_review_needed
SK485,K07,"Engineering, Construction, and Skilled Trades",Engineering and Architecture,Create designs for pipeline engineering,"Design pipeline infrastructure considering engineering principles. Create blueprints, measure sites, define materials, and present functional proposals for their construction.",2149,Engineering Professionals Not Elsewhere Classified,2149,create designs for pipeline engineering,"Create designs for pipeline engineering; create designs for pipeline engineering; develop pipeline engineering designs; develop designs for pipeline engineering; produce pipeline engineering blueprints; produce pipeline engineering design documents; create pipeline engineering designs; design pipeline infrastructure using engineering principles; design pipeline engineering; undertake pipeline engineering design activities; Engineering and Architecture; Engineering, Construction, and Skilled Trades",http://data.europa.eu/esco/skill/981f770c-24f1-4711-afc0-13a6fa1a33ab,create designs for pipeline engineering,develop pipeline engineering designs; develop designs for pipeline engineering; produce pipeline engineering blueprints; produce pipeline engineering design documents; create pipeline engineering designs; design pipeline infrastructure using engineering principles; design pipeline engineering; undertake pipeline engineering design activities,"Design pipeline infrastructure considering engineering principles. Create blueprints, measure sites, define materials, and present functional proposals for their construction.",ESCO v1.2.0 / API-ready,0.78,auto_generated_review,esco_auto_expansion_500_review_needed
SK486,K07,"Engineering, Construction, and Skilled Trades",Construction and Building Trades,Set up temporary construction site infrastructure,Set up a variety of temporary infrastructure used on building sites. Put up fences and signs. Set up any construction trailers and make sure that these are connected to electricity lines and water supply. Establish supplies stores and garbage disposal in a sensible manner.,7119,Building Frame and Related Trades Workers,7119,set up temporary construction site infrastructure,"Set up temporary construction site infrastructure; set up temporary construction site infrastructure; setting up of temporary construction site infrastructure; setting up temporary construction site infrastructure; temporary building site infrastructure installation; installing temporary building site infrastructure; temporary construction site infrastructure set up; installation of temporary building site infrastructure; install temporary building site infrastructure; Construction and Building Trades; Engineering, Construction, and Skilled Trades",http://data.europa.eu/esco/skill/ef2adfe8-d7a5-465d-bbe6-8f9e913ae7ed,set up temporary construction site infrastructure,setting up of temporary construction site infrastructure; setting up temporary construction site infrastructure; temporary building site infrastructure installation; installing temporary building site infrastructure; temporary construction site infrastructure set up; installation of temporary building site infrastructure; install temporary building site infrastructure,Set up a variety of temporary infrastructure used on building sites. Put up fences and signs. Set up any construction trailers and make sure that these are connected to electricity lines and water supply. Establish supplies stores and garbage disposal in a sensible manner.,ESCO v1.2.0 / API-ready,0.78,auto_generated_review,esco_auto_expansion_500_review_needed
SK487,K07,"Engineering, Construction, and Skilled Trades","Electrical, Electronics, and Mechanical Trades",MOEM,"Micro-opto-electro-mechanics (MOEM) combines microelectronics, microoptics and micromechanics in the development of MEM devices with optical features, such as optical switches, optical cross-connects, and microbolometers.",7411,Building and Related Electricians,7411,MOEM,"MOEM; MOEM; optical switches; microbolometers; microoptoelectromechanics; micro opto-electromechanics; optical cross-connects; micro opto electro mechanics; integrated mechanical, optical, and electrical systems; micro-opto-electro-mechanics; Electrical, Electronics, and Mechanical Trades; Engineering, Construction, and Skilled Trades",http://data.europa.eu/esco/skill/6310b25d-2a2f-45d3-a632-c5fa0c2bf48c,MOEM,"optical switches; microbolometers; microoptoelectromechanics; micro opto-electromechanics; optical cross-connects; micro opto electro mechanics; integrated mechanical, optical, and electrical systems; micro-opto-electro-mechanics","Micro-opto-electro-mechanics (MOEM) combines microelectronics, microoptics and micromechanics in the development of MEM devices with optical features, such as optical switches, optical cross-connects, and microbolometers.",ESCO v1.2.0 / API-ready,0.78,auto_generated_review,esco_auto_expansion_500_review_needed
SK488,K07,"Engineering, Construction, and Skilled Trades","Technical Drafting, Surveying, and Control",Make drawings,"Make technical drawings to scale from sketches, drawings, and verbal instructions.",3118,Draughtspersons,3118,make drawings,"Make drawings; make drawings; accurate drawing drafting; make accurate drawings; making accurate drawings; draft accurate drawings; accurate drawings drafting; drafting accurate drawings; accurate drawing making; accurate drawings making; Technical Drafting, Surveying, and Control; Engineering, Construction, and Skilled Trades",http://data.europa.eu/esco/skill/d57752ff-dc3f-45f6-908c-e97b9255f721,make drawings,accurate drawing drafting; make accurate drawings; making accurate drawings; draft accurate drawings; accurate drawings drafting; drafting accurate drawings; accurate drawing making; accurate drawings making,"Make technical drawings to scale from sketches, drawings, and verbal instructions.",ESCO v1.2.0 / API-ready,0.78,auto_generated_review,esco_auto_expansion_500_review_needed
SK489,K07,"Engineering, Construction, and Skilled Trades",Engineering and Architecture,Industrial software,"The selection of software that aids in estimating, managing and scheduling industrial processes such as design, work flow and production improvement.",2149,Engineering Professionals Not Elsewhere Classified,2149,industrial software,"Industrial software; industrial software; software for production processes; software for manufacturing; manufacturing software; continuing professional development in industrial tools and software; scheduling software; software for engineering applications; industrial application of software; software used in industrial; Engineering and Architecture; Engineering, Construction, and Skilled Trades",http://data.europa.eu/esco/skill/41ec47dd-08b3-464a-9c45-c706f3e74467,industrial software,software for production processes; software for manufacturing; manufacturing software; continuing professional development in industrial tools and software; scheduling software; software for engineering applications; industrial application of software; software used in industrial,"The selection of software that aids in estimating, managing and scheduling industrial processes such as design, work flow and production improvement.",ESCO v1.2.0 / API-ready,0.78,auto_generated_review,esco_auto_expansion_500_review_needed
SK490,K07,"Engineering, Construction, and Skilled Trades",Engineering and Architecture,Traffic engineering,"The subdiscipline of civil engineering that applies engineering methods to create safe and efficient traffic flows of people and goods on roadways, including sidewalks, traffic lights, and cycle facilities.",2149,Engineering Professionals Not Elsewhere Classified,2149,traffic engineering,"Traffic engineering; traffic engineering; traffic engineering studies; traffic engineering research; traffic engineering analysis; traffic engineering work; traffic engineering fieldwork; engineering for traffic; traffic engineering analyses; traffic engineering applications; Engineering and Architecture; Engineering, Construction, and Skilled Trades",http://data.europa.eu/esco/skill/dda26251-7331-41fd-871f-1106ca468189,traffic engineering,traffic engineering studies; traffic engineering research; traffic engineering analysis; traffic engineering work; traffic engineering fieldwork; engineering for traffic; traffic engineering analyses; traffic engineering applications,"The subdiscipline of civil engineering that applies engineering methods to create safe and efficient traffic flows of people and goods on roadways, including sidewalks, traffic lights, and cycle facilities.",ESCO v1.2.0 / API-ready,0.78,auto_generated_review,esco_auto_expansion_500_review_needed
SK491,K07,"Engineering, Construction, and Skilled Trades",Engineering and Architecture,Architectural design,The branch of architecture that strives for balance and harmony in the elements of a construction or architectural project.,2149,Engineering Professionals Not Elsewhere Classified,2149,architectural design,"Architectural design; architectural design; design architecture; architectural blueprint; architectural project; architectural plan; architecture design; architectural proposal; Engineering and Architecture; Engineering, Construction, and Skilled Trades",http://data.europa.eu/esco/skill/80c042de-bc1a-4d78-b266-35bc80ba3093,architectural design,design architecture; architectural blueprint; architectural project; architectural plan; architecture design; architectural proposal,The branch of architecture that strives for balance and harmony in the elements of a construction or architectural project.,ESCO v1.2.0 / API-ready,0.78,auto_generated_review,esco_auto_expansion_500_review_needed
SK492,K07,"Engineering, Construction, and Skilled Trades",Engineering and Architecture,Computer engineering,"Engineering discipline that combines computer science with electrical engineering to develop computer hardware and software. Computer engineering occupies itself with electronics, software design, and the integration of hardware and software.",2149,Engineering Professionals Not Elsewhere Classified,2149,computer engineering,"Computer engineering; computer engineering; science of computer engineering; computer software development; integration of hardware and software; software design; discipline of computer engineering; computer hardware development; engineering of computers; field of computer engineering; Engineering and Architecture; Engineering, Construction, and Skilled Trades",http://data.europa.eu/esco/skill/89f6560b-2194-45c9-9ece-d33049a73eef,computer engineering,science of computer engineering; computer software development; integration of hardware and software; software design; discipline of computer engineering; computer hardware development; engineering of computers; field of computer engineering,"Engineering discipline that combines computer science with electrical engineering to develop computer hardware and software. Computer engineering occupies itself with electronics, software design, and the integration of hardware and software.",ESCO v1.2.0 / API-ready,0.78,auto_generated_review,esco_auto_expansion_500_review_needed
SK493,K07,"Engineering, Construction, and Skilled Trades",Engineering and Architecture,Optomechanical devices,"Devices which combine mechanical and optical properties, such as precision mirror mounts used in the construction of lasers, optical mounts used in the manufacture of cameras, and optical tables used for optics experiments and engineering.",2149,Engineering Professionals Not Elsewhere Classified,2149,optomechanical devices,"Optomechanical devices; optomechanical devices; precision mirror mounts; optical mounts; types of opto-mechanical devices; types of opto-mechanical device; kinds of opto-mechanical device; types of optomechanical devices; kinds of optomechanical device; typology of optomechanical device; Engineering and Architecture; Engineering, Construction, and Skilled Trades",http://data.europa.eu/esco/skill/27fabb9a-3294-4ddb-9844-9214b77d9084,optomechanical devices,precision mirror mounts; optical mounts; types of opto-mechanical devices; types of opto-mechanical device; kinds of opto-mechanical device; types of optomechanical devices; kinds of optomechanical device; typology of optomechanical device,"Devices which combine mechanical and optical properties, such as precision mirror mounts used in the construction of lasers, optical mounts used in the manufacture of cameras, and optical tables used for optics experiments and engineering.",ESCO v1.2.0 / API-ready,0.78,auto_generated_review,esco_auto_expansion_500_review_needed
SK494,K07,"Engineering, Construction, and Skilled Trades",Engineering and Architecture,Production engineering,The subfield of industrial engineering that corresponds to the practice of generating efficient products by transforming raw material into finite products.,2149,Engineering Professionals Not Elsewhere Classified,2149,production engineering,"Production engineering; production engineering; production process engineering; Engineering and Architecture; Engineering, Construction, and Skilled Trades",http://data.europa.eu/esco/skill/6078e099-7696-44a5-b3c1-452b9abe886a,production engineering,production process engineering,The subfield of industrial engineering that corresponds to the practice of generating efficient products by transforming raw material into finite products.,ESCO v1.2.0 / API-ready,0.78,auto_generated_review,esco_auto_expansion_500_review_needed
SK495,K07,"Engineering, Construction, and Skilled Trades","Technical Drafting, Surveying, and Control",Oversee quality control,Monitor and assure the quality of the provided goods or services by overseeing that all the factors of the production meet quality requirements. Supervise product inspection and testing.,3118,Draughtspersons,3118,oversee quality control,"Oversee quality control; oversee quality control; overseeing quality control; administer quality control; manage quality control; control quality control; oversee quality controls; oversight of quality control; supervise quality control; Technical Drafting, Surveying, and Control; Engineering, Construction, and Skilled Trades",http://data.europa.eu/esco/skill/5d34adde-0b78-42b4-9d3d-69e9388d8398,oversee quality control,overseeing quality control; administer quality control; manage quality control; control quality control; oversee quality controls; oversight of quality control; supervise quality control,Monitor and assure the quality of the provided goods or services by overseeing that all the factors of the production meet quality requirements. Supervise product inspection and testing.,ESCO v1.2.0 / API-ready,0.78,auto_generated_review,esco_auto_expansion_500_review_needed
SK496,K07,"Engineering, Construction, and Skilled Trades",Engineering and Architecture,Transportation engineering,"The subdiscipline of civil engineering that plans, designs and studies the operation and management of the transportation of people and goods in a safe, efficient, comfortable, economical and environmentally friendly manner.",2149,Engineering Professionals Not Elsewhere Classified,2149,transportation engineering,"Transportation engineering; transportation engineering; transportation engineering fieldwork; transport engineering; transportation engineering analyses; engineering for transportation; transportation engineering studies; transportation engineering applications; transportation engineering analysis; transportation engineering research; Engineering and Architecture; Engineering, Construction, and Skilled Trades",http://data.europa.eu/esco/skill/ec410a76-f890-4012-8863-b82f2c75527c,transportation engineering,transportation engineering fieldwork; transport engineering; transportation engineering analyses; engineering for transportation; transportation engineering studies; transportation engineering applications; transportation engineering analysis; transportation engineering research,"The subdiscipline of civil engineering that plans, designs and studies the operation and management of the transportation of people and goods in a safe, efficient, comfortable, economical and environmentally friendly manner.",ESCO v1.2.0 / API-ready,0.78,auto_generated_review,esco_auto_expansion_500_review_needed
SK497,K07,"Engineering, Construction, and Skilled Trades","Electrical, Electronics, and Mechanical Trades",Maintain lighting equipment,"Check, maintain and repair electrical, mechanical and optical lighting elements.",7411,Building and Related Electricians,7411,maintain lighting equipment,"Maintain lighting equipment; maintain lighting equipment; maintain lights equipment; maintain equipment for lighting; foresee and perform lighting maintenance; carry out maintenance on lighting equipment; Electrical, Electronics, and Mechanical Trades; Engineering, Construction, and Skilled Trades",http://data.europa.eu/esco/skill/9f436e91-bc51-4d18-a3c7-17c1271e2ed0,maintain lighting equipment,maintain lights equipment; maintain equipment for lighting; foresee and perform lighting maintenance; carry out maintenance on lighting equipment,"Check, maintain and repair electrical, mechanical and optical lighting elements.",ESCO v1.2.0 / API-ready,0.78,auto_generated_review,esco_auto_expansion_500_review_needed
SK498,K07,"Engineering, Construction, and Skilled Trades","Technical Drafting, Surveying, and Control",Motor vehicle parts drawings,The various types of technical drawings used in relation to motor vehicles parts.,3118,Draughtspersons,3118,motor vehicle parts drawings,"Motor vehicle parts drawings; motor vehicle parts drawings; motor vehicle parts diagrams; motor vehicles parts drawings; motor vehicle parts pictures; motor vehicle parts drawing; motor vehicle parts sketches; motor vehicle parts blueprints; motor vehicle part drawing; Technical Drafting, Surveying, and Control; Engineering, Construction, and Skilled Trades",http://data.europa.eu/esco/skill/1aa0f58e-790d-4965-afd2-18c581481c0c,motor vehicle parts drawings,motor vehicle parts diagrams; motor vehicles parts drawings; motor vehicle parts pictures; motor vehicle parts drawing; motor vehicle parts sketches; motor vehicle parts blueprints; motor vehicle part drawing,The various types of technical drawings used in relation to motor vehicles parts.,ESCO v1.2.0 / API-ready,0.78,auto_generated_review,esco_auto_expansion_500_review_needed
SK499,K07,"Engineering, Construction, and Skilled Trades",Engineering and Architecture,Interpret electrical diagrams,Read and comprehend blueprints and electrical diagrams; understand technical instructions and engineering manuals for assembling electrical equipment; understand electricity theory and electronic components.,2149,Engineering Professionals Not Elsewhere Classified,2149,interpret electrical diagrams,"Interpret electrical diagrams; interpret electrical diagrams; electrical diagram interpretation; interpreting of electrical diagrams; electrical diagrams interpretation; interpretation of electrical diagrams; interpreting electrical diagrams; understand equipment manuals; understand blueprints; understanding equipment manuals; Engineering and Architecture; Engineering, Construction, and Skilled Trades",http://data.europa.eu/esco/skill/fe96f581-4905-4282-819c-922c68bda989,interpret electrical diagrams,electrical diagram interpretation; interpreting of electrical diagrams; electrical diagrams interpretation; interpretation of electrical diagrams; interpreting electrical diagrams; understand equipment manuals; understand blueprints; understanding equipment manuals,Read and comprehend blueprints and electrical diagrams; understand technical instructions and engineering manuals for assembling electrical equipment; understand electricity theory and electronic components.,ESCO v1.2.0 / API-ready,0.78,auto_generated_review,esco_auto_expansion_500_review_needed
SK500,K07,"Engineering, Construction, and Skilled Trades","Electrical, Electronics, and Mechanical Trades",Microelectromechanical systems,"Microelectromechanical systems (MEMS) are miniaturised electromechanical systems made using processes of microfabrication. MEMS consist of microsensors, microactuators, microstructures, and microelectronics. MEMS can be used in a range of appliances, such as ink jet printer heads, digital light processors, gyroscopes in smart phones, accelerometers for airbags, and miniature microphones.",7411,Building and Related Electricians,7411,microelectromechanical systems,"Microelectromechanical systems; microelectromechanical systems; types of microelectromechanical systems; micro-electro-mechanical systems; types of micro-electro-mechanical systems; miniaturised electro-mechanical systems; types of miniaturised electromechanical systems; types of miniaturised electro-mechanical systems; typology of miniaturised electromechanical systems; typology of micro-electro-mechanical systems; Electrical, Electronics, and Mechanical Trades; Engineering, Construction, and Skilled Trades",http://data.europa.eu/esco/skill/b8b2a035-38f0-4c0e-94ee-edefc266c643,microelectromechanical systems,types of microelectromechanical systems; micro-electro-mechanical systems; types of micro-electro-mechanical systems; miniaturised electro-mechanical systems; types of miniaturised electromechanical systems; types of miniaturised electro-mechanical systems; typology of miniaturised electromechanical systems; typology of micro-electro-mechanical systems,"Microelectromechanical systems (MEMS) are miniaturised electromechanical systems made using processes of microfabrication. MEMS consist of microsensors, microactuators, microstructures, and microelectronics. MEMS can be used in a range of appliances, such as ink jet printer heads, digital light processors, gyroscopes in smart phones, accelerometers for airbags, and miniature microphones.",ESCO v1.2.0 / API-ready,0.78,auto_generated_review,esco_auto_expansion_500_review_needed
SK501,K07,"Engineering, Construction, and Skilled Trades",Engineering and Architecture,Telecommunications engineering,Discipline that combines computer science with electrical engineering to improve telecommunications systems.,2149,Engineering Professionals Not Elsewhere Classified,2149,telecommunications engineering,"Telecommunications engineering; telecommunications engineering; telecoms engineering; tele-communications engineering; telephone engineering; engineering of telecommunications; telecommunications technology; Engineering and Architecture; Engineering, Construction, and Skilled Trades",http://data.europa.eu/esco/skill/14764a75-3104-4875-ba1d-57c059b9b013,telecommunications engineering,telecoms engineering; tele-communications engineering; telephone engineering; engineering of telecommunications; telecommunications technology,Discipline that combines computer science with electrical engineering to improve telecommunications systems.,ESCO v1.2.0 / API-ready,0.78,auto_generated_review,esco_auto_expansion_500_review_needed
SK502,K07,"Engineering, Construction, and Skilled Trades","Technical Drafting, Surveying, and Control",Use technical drawing software,Create technical designs and technical drawings using specialised software.,3118,Draughtspersons,3118,use technical drawing software,"Use technical drawing software; use technical drawing software; design creation using specialist software; design using specialist software; design with specialist software; using of technical drawing software; usage of technical drawing software; technical drawing software usage; designing using specialist software; use of technical drawing software; Technical Drafting, Surveying, and Control; Engineering, Construction, and Skilled Trades",http://data.europa.eu/esco/skill/541561bc-510c-4a99-881c-2d8bf5a85462,use technical drawing software,design creation using specialist software; design using specialist software; design with specialist software; using of technical drawing software; usage of technical drawing software; technical drawing software usage; designing using specialist software; use of technical drawing software,Create technical designs and technical drawings using specialised software.,ESCO v1.2.0 / API-ready,0.78,auto_generated_review,esco_auto_expansion_500_review_needed
SK503,K07,"Engineering, Construction, and Skilled Trades",Engineering and Architecture,Mechanical composition of trams,The mechanical properties and composition of trams.,2149,Engineering Professionals Not Elsewhere Classified,2149,mechanical composition of trams,"Mechanical composition of trams; mechanical composition of trams; mechanics of trams; mechanical components of trams; tram mechanical parts; mechanical features of trams; mechanical operations of trams; tram mechanical operations; mechanical architecture of trams; mechanical functions of trams; Engineering and Architecture; Engineering, Construction, and Skilled Trades",http://data.europa.eu/esco/skill/913a0c87-5482-4765-a085-03cad1b42ec2,mechanical composition of trams,mechanics of trams; mechanical components of trams; tram mechanical parts; mechanical features of trams; mechanical operations of trams; tram mechanical operations; mechanical architecture of trams; mechanical functions of trams,The mechanical properties and composition of trams.,ESCO v1.2.0 / API-ready,0.78,auto_generated_review,esco_auto_expansion_500_review_needed
SK504,K07,"Engineering, Construction, and Skilled Trades",Construction and Building Trades,Maintain construction structures,"Repair and maintain existing construction structures in order to keep these structures in a safe and sanitary condition, and compliant to safety standards and regulations.",7119,Building Frame and Related Trades Workers,7119,maintain construction structures,"Maintain construction structures; maintain construction structures; repair of construction structures; repairing construction structures; maintaining construction structures; site building maintenance; repair construction structures; maintenance of construction structures; construction structure repair; maintain site buildings; Construction and Building Trades; Engineering, Construction, and Skilled Trades",http://data.europa.eu/esco/skill/79b40172-4439-4812-b6f6-67557a1bbf17,maintain construction structures,repair of construction structures; repairing construction structures; maintaining construction structures; site building maintenance; repair construction structures; maintenance of construction structures; construction structure repair; maintain site buildings,"Repair and maintain existing construction structures in order to keep these structures in a safe and sanitary condition, and compliant to safety standards and regulations.",ESCO v1.2.0 / API-ready,0.78,auto_generated_review,esco_auto_expansion_500_review_needed
SK505,K07,"Engineering, Construction, and Skilled Trades","Electrical, Electronics, and Mechanical Trades",Address aircraft mechanical issues,"Identify and resolve mechanical issues which arise during flight. Identify malfunctions in fuel gauges, pressure indicators and other electrical, mechanical or hydraulic components.",7411,Building and Related Electricians,7411,address aircraft mechanical issues,"Address aircraft mechanical issues; address aircraft mechanical issues; identify and resolve mechanical issues in aircraft; deal with aircraft mechanical issues; recognise and solve aircraft mechanical issues; identify and resolve aircraft mechanical problems; deal with mechanical issues of aircraft; recognise and solve aircraft mechanical problems; address aircraft mechanical problems; resolve aircraft mechanical problems; Electrical, Electronics, and Mechanical Trades; Engineering, Construction, and Skilled Trades",http://data.europa.eu/esco/skill/4efae845-a71a-4b10-a245-f996394cccf4,address aircraft mechanical issues,identify and resolve mechanical issues in aircraft; deal with aircraft mechanical issues; recognise and solve aircraft mechanical issues; identify and resolve aircraft mechanical problems; deal with mechanical issues of aircraft; recognise and solve aircraft mechanical problems; address aircraft mechanical problems; resolve aircraft mechanical problems,"Identify and resolve mechanical issues which arise during flight. Identify malfunctions in fuel gauges, pressure indicators and other electrical, mechanical or hydraulic components.",ESCO v1.2.0 / API-ready,0.78,auto_generated_review,esco_auto_expansion_500_review_needed
SK506,K07,"Engineering, Construction, and Skilled Trades",Construction and Building Trades,Protect surfaces during construction work,"Cover floors, ceiling, skirting boards and any other surfaces with various materials such as plastic or textile to keep them from being damaged or stained when performing construction or renovation work like painting or plastering.",7119,Building Frame and Related Trades Workers,7119,protect surfaces during construction work,"Protect surfaces during construction work; protect surfaces during construction work; protect floors; surface protection during construction work; protect walls; protect walls during building work; protection of surfaces during construction work; protect ceilings during building work; protect ceilings; protecting surfaces during construction work; Construction and Building Trades; Engineering, Construction, and Skilled Trades",http://data.europa.eu/esco/skill/30bfd573-ab0b-457e-95fa-851dc681af60,protect surfaces during construction work,protect floors; surface protection during construction work; protect walls; protect walls during building work; protection of surfaces during construction work; protect ceilings during building work; protect ceilings; protecting surfaces during construction work,"Cover floors, ceiling, skirting boards and any other surfaces with various materials such as plastic or textile to keep them from being damaged or stained when performing construction or renovation work like painting or plastering.",ESCO v1.2.0 / API-ready,0.78,auto_generated_review,esco_auto_expansion_500_review_needed
SK507,K08,"Hospitality, Tourism, Food, and Personal Services","Travel, Tourism, and Events",Participate in tourism events,"Take part in tourism fairs and exhibitions in order to promote, distribute and negotiate tourism services and packages.",4221,Travel Consultants and Clerks,4221,participate in tourism events,"Participate in tourism events; participate in tourism events; participate in touristic events; take part in activities promoting tourism; participate in events of tourism; organise and attend tourism events; Travel, Tourism, and Events; Hospitality, Tourism, Food, and Personal Services",http://data.europa.eu/esco/skill/899286f4-327f-4e16-aa02-5256a9c7f678,participate in tourism events,participate in touristic events; take part in activities promoting tourism; participate in events of tourism; organise and attend tourism events,"Take part in tourism fairs and exhibitions in order to promote, distribute and negotiate tourism services and packages.",ESCO v1.2.0 / API-ready,0.78,auto_generated_review,esco_auto_expansion_500_review_needed
SK508,K08,"Hospitality, Tourism, Food, and Personal Services",Food Service and Culinary Work,Serve food in table service,Provide food at the table whilst maintaining high level of customer service and food safety standards.,5120,Cooks,5120,serve food in table service,"Serve food in table service; serve food in table service; serve food throughout table service; serve food; serve food during table service; Food Service and Culinary Work; Hospitality, Tourism, Food, and Personal Services",http://data.europa.eu/esco/skill/42a6eff0-e9d9-423d-877b-e48fe91ff26f,serve food in table service,serve food throughout table service; serve food; serve food during table service,Provide food at the table whilst maintaining high level of customer service and food safety standards.,ESCO v1.2.0 / API-ready,0.78,auto_generated_review,esco_auto_expansion_500_review_needed
SK509,K08,"Hospitality, Tourism, Food, and Personal Services","Travel, Tourism, and Events",Develop tourism destinations,Create tourism packages by discovering destinations and places of interest in cooperation with local stakeholders.,4221,Travel Consultants and Clerks,4221,develop tourism destinations,"Develop tourism destinations; develop tourism destinations; assess and evaluate tourism destinations to increase product knowledge; research tourism destinations to increase product knowledge; travel for research purposes; develop destinations for tourism; develop tourist destinations; Travel, Tourism, and Events; Hospitality, Tourism, Food, and Personal Services",http://data.europa.eu/esco/skill/ae62a626-040b-4cea-8853-8fd7e269e1d1,develop tourism destinations,assess and evaluate tourism destinations to increase product knowledge; research tourism destinations to increase product knowledge; travel for research purposes; develop destinations for tourism; develop tourist destinations,Create tourism packages by discovering destinations and places of interest in cooperation with local stakeholders.,ESCO v1.2.0 / API-ready,0.78,auto_generated_review,esco_auto_expansion_500_review_needed
SK510,K08,"Hospitality, Tourism, Food, and Personal Services",Food Service and Culinary Work,Comply with food safety and hygiene,"Respect optimal food safety and hygiene during preparation, manufacturing, processing, storage, distribution and delivery of food products.",5120,Cooks,5120,comply with food safety and hygiene,"Comply with food safety and hygiene; comply with food safety and hygiene; comply with hygiene and food safety; follow food safety and hygiene practices; comply with safety and hygiene of food; maintain food safety practices in kitchen; Food Service and Culinary Work; Hospitality, Tourism, Food, and Personal Services",http://data.europa.eu/esco/skill/0ff99f51-40d9-42f1-a1ec-377b2bb5e15f,comply with food safety and hygiene,comply with hygiene and food safety; follow food safety and hygiene practices; comply with safety and hygiene of food; maintain food safety practices in kitchen,"Respect optimal food safety and hygiene during preparation, manufacturing, processing, storage, distribution and delivery of food products.",ESCO v1.2.0 / API-ready,0.78,auto_generated_review,esco_auto_expansion_500_review_needed
SK511,K08,"Hospitality, Tourism, Food, and Personal Services",Food Service and Culinary Work,Provide food and beverages,"Provide people with food and drink during trip, a flight, an event, or any other occurrence.",5120,Cooks,5120,provide food and beverages,"Provide food and beverages; provide food and beverages; distribute food and drink to passengers; cater food and beverages; provide food and drink service; serve food and beverages; supply food and drinks to passengers; give food and beverages to passengers; provide beverages and food; serve food and drink; Food Service and Culinary Work; Hospitality, Tourism, Food, and Personal Services",http://data.europa.eu/esco/skill/ecb34d35-867f-4b7e-97cb-0ff2f1710857,provide food and beverages,distribute food and drink to passengers; cater food and beverages; provide food and drink service; serve food and beverages; supply food and drinks to passengers; give food and beverages to passengers; provide beverages and food; serve food and drink,"Provide people with food and drink during trip, a flight, an event, or any other occurrence.",ESCO v1.2.0 / API-ready,0.78,auto_generated_review,esco_auto_expansion_500_review_needed
SK512,K08,"Hospitality, Tourism, Food, and Personal Services","Travel, Tourism, and Events",Provide tourism related information,Give customers relevant information about historical and cultural locations and events while conveying this information in an entertaining and informative manner.,4221,Travel Consultants and Clerks,4221,provide tourism related information,"Provide tourism related information; provide tourism related information; provide information related to tourism; provide tourist information orally; provide tourist related information; provide travel information; Travel, Tourism, and Events; Hospitality, Tourism, Food, and Personal Services",http://data.europa.eu/esco/skill/350c932d-f9b3-4adb-a5cc-cd5cff4a1912,provide tourism related information,provide information related to tourism; provide tourist information orally; provide tourist related information; provide travel information,Give customers relevant information about historical and cultural locations and events while conveying this information in an entertaining and informative manner.,ESCO v1.2.0 / API-ready,0.78,auto_generated_review,esco_auto_expansion_500_review_needed
SK513,K08,"Hospitality, Tourism, Food, and Personal Services",Food Service and Culinary Work,Food safety principles,"Scientific background of food safety which includes preparation, handling, and storage of food to minimise the risk of foodborne illness and other health hazards.",5120,Cooks,5120,food safety principles,"Food safety principles; food safety principles; food safety measures; food safety rules; a food safety principle; food safety procedures; principles of food safety; a principle of food safety; food safety tenets; Food Service and Culinary Work; Hospitality, Tourism, Food, and Personal Services",http://data.europa.eu/esco/skill/3f4e4eab-a8e0-4aed-b8bb-79afe7c890e3,food safety principles,food safety measures; food safety rules; a food safety principle; food safety procedures; principles of food safety; a principle of food safety; food safety tenets,"Scientific background of food safety which includes preparation, handling, and storage of food to minimise the risk of foodborne illness and other health hazards.",ESCO v1.2.0 / API-ready,0.78,auto_generated_review,esco_auto_expansion_500_review_needed
SK514,K08,"Hospitality, Tourism, Food, and Personal Services","Travel, Tourism, and Events",Develop tourism policies,"Develop strategies for the improvement of the tourism market and operations in a country, and to promote the country as a tourism destination.",4221,Travel Consultants and Clerks,4221,develop tourism policies,"Develop tourism policies; develop tourism policies; establish tourism policies; produce tourism policies; establish travel policies; design travel policies; produce travel policies; design tourism policies; Travel, Tourism, and Events; Hospitality, Tourism, Food, and Personal Services",http://data.europa.eu/esco/skill/f7a3f589-d863-4fc4-b7ab-06fd5e741fc0,develop tourism policies,establish tourism policies; produce tourism policies; establish travel policies; design travel policies; produce travel policies; design tourism policies,"Develop strategies for the improvement of the tourism market and operations in a country, and to promote the country as a tourism destination.",ESCO v1.2.0 / API-ready,0.78,auto_generated_review,esco_auto_expansion_500_review_needed
SK515,K08,"Hospitality, Tourism, Food, and Personal Services",Food Service and Culinary Work,Perform food safety checks,"Carry out food safety checks in order to assure compliance with requirements, regulations, and other good food manufacturing practices.",5120,Cooks,5120,perform food safety checks,"Perform food safety checks; perform food safety checks; execute food safety checks; undertake food safety checks; complete food safety checks; performing food safety checks; implement food safety checks; perform a food safety check; Food Service and Culinary Work; Hospitality, Tourism, Food, and Personal Services",http://data.europa.eu/esco/skill/a21fe959-69de-400b-b77c-5e59e389046f,perform food safety checks,execute food safety checks; undertake food safety checks; complete food safety checks; performing food safety checks; implement food safety checks; perform a food safety check,"Carry out food safety checks in order to assure compliance with requirements, regulations, and other good food manufacturing practices.",ESCO v1.2.0 / API-ready,0.78,auto_generated_review,esco_auto_expansion_500_review_needed
SK516,K08,"Hospitality, Tourism, Food, and Personal Services",Food Service and Culinary Work,European food safety policy,"Assurance of a high level of food safety within the EU through coherent farm-to-table measures and adequate monitoring, while ensuring an effective internal market. The implementation of this approach involves various actions, namely: assure effective control systems and evaluate compliance with EU standards in the food safety and quality, within the EU and in third countries in relation to their exports to the EU; manage international relations with third countries and international organisations concerning food safety; manage relations with the European Food Safety Authority (EFSA) and ensure science-based risk management.",5120,Cooks,5120,european food safety policy,"European food safety policy; european food safety policy; european food safety policies; european food safety strategy; safety policy for european food; an european food safety policy; european food safety protocol; european food safety guidance; european food safety guideline; Food Service and Culinary Work; Hospitality, Tourism, Food, and Personal Services",http://data.europa.eu/esco/skill/b1c7c4c6-f3cb-4fb2-958c-236385b2782a,european food safety policy,european food safety policies; european food safety strategy; safety policy for european food; an european food safety policy; european food safety protocol; european food safety guidance; european food safety guideline,"Assurance of a high level of food safety within the EU through coherent farm-to-table measures and adequate monitoring, while ensuring an effective internal market. The implementation of this approach involves various actions, namely: assure effective control systems and evaluate compliance with EU standards in the food safety and quality, within the EU and in third countries in relation to their exports to the EU; manage international relations with third countries and international organisations concerning food safety; manage relations with the European Food Safety Authority (EFSA) and ensure science-based risk management.",ESCO v1.2.0 / API-ready,0.78,auto_generated_review,esco_auto_expansion_500_review_needed
SK517,K08,"Hospitality, Tourism, Food, and Personal Services",Food Service and Culinary Work,Audit food safety procedures,Audit the food safety procedures applied by a certain establishment based on Hazard Analysis Critical Control Points (HACCP).,5120,Cooks,5120,audit food safety procedures,"Audit food safety procedures; audit food safety procedures; examine HACCP; HACCP audit; check HACCP; test HACCP; audit the HACCP; assess HACCP; audit HACCP; audit of HACCP; Food Service and Culinary Work; Hospitality, Tourism, Food, and Personal Services",http://data.europa.eu/esco/skill/c6f3b73c-bf11-42a1-abd3-e3539d0853bf,audit food safety procedures,examine HACCP; HACCP audit; check HACCP; test HACCP; audit the HACCP; assess HACCP; audit HACCP; audit of HACCP,Audit the food safety procedures applied by a certain establishment based on Hazard Analysis Critical Control Points (HACCP).,ESCO v1.2.0 / API-ready,0.78,auto_generated_review,esco_auto_expansion_500_review_needed
SK518,K08,"Hospitality, Tourism, Food, and Personal Services",Food Service and Culinary Work,Develop food safety programmes,"Develop a food safety programme including traceability, ISO quality systems and HACCP risk management procedures.",5120,Cooks,5120,develop food safety programmes,"Develop food safety programmes; develop food safety programmes; food safety programme developing; develop programmes for food safety; creating food safety programmes; food safety programmes creating; create programmes for food safety; developing food safety programmes; food safety programme creating; create food safety programmes; Food Service and Culinary Work; Hospitality, Tourism, Food, and Personal Services",http://data.europa.eu/esco/skill/47bff4b6-0152-46e0-b20a-48cc78e4ba46,develop food safety programmes,food safety programme developing; develop programmes for food safety; creating food safety programmes; food safety programmes creating; create programmes for food safety; developing food safety programmes; food safety programme creating; create food safety programmes,"Develop a food safety programme including traceability, ISO quality systems and HACCP risk management procedures.",ESCO v1.2.0 / API-ready,0.78,auto_generated_review,esco_auto_expansion_500_review_needed
SK519,K08,"Hospitality, Tourism, Food, and Personal Services",Food Service and Culinary Work,Control food safety regulations,"Implement strict control of food safety standards ensuring production, transportation, storage or livestock breeding is according to law and regulations.",5120,Cooks,5120,control food safety regulations,"Control food safety regulations; control food safety regulations; command food safety regulations; administer food safety regulations; supervise food safety regulations; govern food safety regulations; Food Service and Culinary Work; Hospitality, Tourism, Food, and Personal Services",http://data.europa.eu/esco/skill/4d7410df-51a9-42bc-83ec-363c201ee631,control food safety regulations,command food safety regulations; administer food safety regulations; supervise food safety regulations; govern food safety regulations,"Implement strict control of food safety standards ensuring production, transportation, storage or livestock breeding is according to law and regulations.",ESCO v1.2.0 / API-ready,0.78,auto_generated_review,esco_auto_expansion_500_review_needed
SK520,K08,"Hospitality, Tourism, Food, and Personal Services","Travel, Tourism, and Events",Environmental impact of tourism,The study of the environmental impact of travel and tourist activities on tour destinations.,4221,Travel Consultants and Clerks,4221,environmental impact of tourism,"Environmental impact of tourism; environmental impact of tourism; environment and its impact on tourism; environmental impact of travel activities; effects of the environment on tourism; impact of environment on tourism; Travel, Tourism, and Events; Hospitality, Tourism, Food, and Personal Services",http://data.europa.eu/esco/skill/7cefbd03-d544-4184-a9b4-caa1eea2a646,environmental impact of tourism,environment and its impact on tourism; environmental impact of travel activities; effects of the environment on tourism; impact of environment on tourism,The study of the environmental impact of travel and tourist activities on tour destinations.,ESCO v1.2.0 / API-ready,0.78,auto_generated_review,esco_auto_expansion_500_review_needed
SK521,K08,"Hospitality, Tourism, Food, and Personal Services",Hospitality and Accommodation,Deal with arrivals in accommodation,"Handle arrivals, guest's luggage, check-in clients in line with company standards and local legislation ensuring high levels of customer service.",4224,Hotel Receptionists,4224,deal with arrivals in accommodation,"Deal with arrivals in accommodation; deal with arrivals in accommodation; dealing with arrivals in accommodation; handle arrivals in hotel; deal with accommodation arrivals; perform guests check-ins in accommodation; deal with arrivals in hospitality; check guests in; Hospitality and Accommodation; Hospitality, Tourism, Food, and Personal Services",http://data.europa.eu/esco/skill/25c0b413-f474-42fa-be01-20289d2634c4,deal with arrivals in accommodation,dealing with arrivals in accommodation; handle arrivals in hotel; deal with accommodation arrivals; perform guests check-ins in accommodation; deal with arrivals in hospitality; check guests in,"Handle arrivals, guest's luggage, check-in clients in line with company standards and local legislation ensuring high levels of customer service.",ESCO v1.2.0 / API-ready,0.78,auto_generated_review,esco_auto_expansion_500_review_needed
SK522,K08,"Hospitality, Tourism, Food, and Personal Services",Hospitality and Accommodation,Deal with departures in accommodation,"Handle departures, guest's luggage, client's check-out in line with company standards and local legislation ensuring high levels of customer service.",4224,Hotel Receptionists,4224,deal with departures in accommodation,"Deal with departures in accommodation; deal with departures in accommodation; check guests out; deal with departures in hospitality; deal with accommodation departures; handle departures in hotel; dealing with departures in accommodation; perform guests' checkout in accommodation; Hospitality and Accommodation; Hospitality, Tourism, Food, and Personal Services",http://data.europa.eu/esco/skill/b83669f2-bf53-47ed-af9f-397c5f2dfd4d,deal with departures in accommodation,check guests out; deal with departures in hospitality; deal with accommodation departures; handle departures in hotel; dealing with departures in accommodation; perform guests' checkout in accommodation,"Handle departures, guest's luggage, client's check-out in line with company standards and local legislation ensuring high levels of customer service.",ESCO v1.2.0 / API-ready,0.78,auto_generated_review,esco_auto_expansion_500_review_needed
SK523,K08,"Hospitality, Tourism, Food, and Personal Services",Food Service and Culinary Work,Take action on food safety violations,Determine when action related to food safety violations may be required. Gather and present appropriate evidence. Execute protective measures.,5120,Cooks,5120,take action on food safety violations,"Take action on food safety violations; take action on food safety violations; agree action on food safety violations; determine action on food safety violations; invoke action on food safety violations; pursue action on food safety violations; Food Service and Culinary Work; Hospitality, Tourism, Food, and Personal Services",http://data.europa.eu/esco/skill/56d9c810-c598-4e4b-85ab-722674f90fe8,take action on food safety violations,agree action on food safety violations; determine action on food safety violations; invoke action on food safety violations; pursue action on food safety violations,Determine when action related to food safety violations may be required. Gather and present appropriate evidence. Execute protective measures.,ESCO v1.2.0 / API-ready,0.78,auto_generated_review,esco_auto_expansion_500_review_needed
SK524,K08,"Hospitality, Tourism, Food, and Personal Services","Travel, Tourism, and Events",Assess an area as a tourism destination,"Evaluate an area by analysing its typology, characteristics and its application as a tourist resource.",4221,Travel Consultants and Clerks,4221,assess an area as a tourism destination,"Assess an area as a tourism destination; assess an area as a tourism destination; assess tourism destination areas; utilise tourist resources of an area; map and apply tourist resources of an area; assess an area as a destination for tourism; assess and evaluate tourist resources of an area; Travel, Tourism, and Events; Hospitality, Tourism, Food, and Personal Services",http://data.europa.eu/esco/skill/d800d4d8-df1c-4b41-99fe-88dd0f982e9c,assess an area as a tourism destination,assess tourism destination areas; utilise tourist resources of an area; map and apply tourist resources of an area; assess an area as a destination for tourism; assess and evaluate tourist resources of an area,"Evaluate an area by analysing its typology, characteristics and its application as a tourist resource.",ESCO v1.2.0 / API-ready,0.78,auto_generated_review,esco_auto_expansion_500_review_needed
SK525,K08,"Hospitality, Tourism, Food, and Personal Services",Food Service and Culinary Work,Wild game meat food safety requirements,The food safety management procedures and national requirements for wild game meat.,5120,Cooks,5120,wild game meat food safety requirements,"Wild game meat food safety requirements; wild game meat food safety requirements; regulations in wild game meat food safety; legislation in wild game meat food safety; procedures in wild game meat food safety; Food Service and Culinary Work; Hospitality, Tourism, Food, and Personal Services",http://data.europa.eu/esco/skill/44672641-e4b9-4a93-b64f-d8700149d772,wild game meat food safety requirements,regulations in wild game meat food safety; legislation in wild game meat food safety; procedures in wild game meat food safety,The food safety management procedures and national requirements for wild game meat.,ESCO v1.2.0 / API-ready,0.78,auto_generated_review,esco_auto_expansion_500_review_needed
SK526,K08,"Hospitality, Tourism, Food, and Personal Services",Food Service and Culinary Work,Cook seafood,Prepare seafood dishes. The complexity of the dishes will depend on the range of seafood used and how they are combined with other ingredients in their preparation and cooking.,5120,Cooks,5120,cook seafood,"Cook seafood; cook seafood; prepare seafood dishes; use seafood and shellfish in meals; cooking seafood; Food Service and Culinary Work; Hospitality, Tourism, Food, and Personal Services",http://data.europa.eu/esco/skill/4cca4ccf-b956-4561-af8e-151b66af9631,cook seafood,prepare seafood dishes; use seafood and shellfish in meals; cooking seafood,Prepare seafood dishes. The complexity of the dishes will depend on the range of seafood used and how they are combined with other ingredients in their preparation and cooking.,ESCO v1.2.0 / API-ready,0.78,auto_generated_review,esco_auto_expansion_500_review_needed
SK527,K08,"Hospitality, Tourism, Food, and Personal Services","Travel, Tourism, and Events",Support local tourism,Promote local products and services to visitors and encourage the use of local tourism operators in a destination.,4221,Travel Consultants and Clerks,4221,support local tourism,"Support local tourism; support local tourism; promote local tourism; boost local tourism; Travel, Tourism, and Events; Hospitality, Tourism, Food, and Personal Services",http://data.europa.eu/esco/skill/761e1acc-d38b-4524-9890-6a119fb7e98c,support local tourism,promote local tourism; boost local tourism,Promote local products and services to visitors and encourage the use of local tourism operators in a destination.,ESCO v1.2.0 / API-ready,0.78,auto_generated_review,esco_auto_expansion_500_review_needed
SK528,K08,"Hospitality, Tourism, Food, and Personal Services","Travel, Tourism, and Events",Manage time in tourism,Plan the time sequence of travel programme itineraries.,4221,Travel Consultants and Clerks,4221,manage time in tourism,"Manage time in tourism; manage time in tourism; develop time management skills; manage tourism time; plan timings in travel itineraries; managing time in tourism; Travel, Tourism, and Events; Hospitality, Tourism, Food, and Personal Services",http://data.europa.eu/esco/skill/86ffa56b-12f5-4dcd-8afd-9251fbb6b496,manage time in tourism,develop time management skills; manage tourism time; plan timings in travel itineraries; managing time in tourism,Plan the time sequence of travel programme itineraries.,ESCO v1.2.0 / API-ready,0.78,auto_generated_review,esco_auto_expansion_500_review_needed
SK529,K08,"Hospitality, Tourism, Food, and Personal Services","Travel, Tourism, and Events",Tourism sector policies,"The public administration and regulatory aspects of the tourism and hotels sector, and requirements necessary to create policies.",4221,Travel Consultants and Clerks,4221,tourism sector policies,"Tourism sector policies; tourism sector policies; travel sector regulations; tourism sector protocols; tourism sector strategies; travel sector strategies; travel sector protocols; tourism sector guidelines; tourism sector regulations; travel sector guidelines; Travel, Tourism, and Events; Hospitality, Tourism, Food, and Personal Services",http://data.europa.eu/esco/skill/ad89f303-4ba6-4868-b0ca-b2ad341240ab,tourism sector policies,travel sector regulations; tourism sector protocols; tourism sector strategies; travel sector strategies; travel sector protocols; tourism sector guidelines; tourism sector regulations; travel sector guidelines,"The public administration and regulatory aspects of the tourism and hotels sector, and requirements necessary to create policies.",ESCO v1.2.0 / API-ready,0.78,auto_generated_review,esco_auto_expansion_500_review_needed
SK530,K08,"Hospitality, Tourism, Food, and Personal Services","Travel, Tourism, and Events",Use e-tourism platforms,Use digital platforms to promote and share information and digital content about a hospitality establishment or services. Analyse and manage reviews addressed to the organisation to ensure customer satisfaction.,4221,Travel Consultants and Clerks,4221,use e-tourism platforms,"Use e-tourism platforms; use e-tourism platforms; engage with customers on review websites; employ electronic tourism platforms; use travel advertising platforms; use online tourism platforms; engage with digital tourism platforms; Travel, Tourism, and Events; Hospitality, Tourism, Food, and Personal Services",http://data.europa.eu/esco/skill/5284ecee-93dd-4145-a3c0-584af836c69e,use e-tourism platforms,engage with customers on review websites; employ electronic tourism platforms; use travel advertising platforms; use online tourism platforms; engage with digital tourism platforms,Use digital platforms to promote and share information and digital content about a hospitality establishment or services. Analyse and manage reviews addressed to the organisation to ensure customer satisfaction.,ESCO v1.2.0 / API-ready,0.78,auto_generated_review,esco_auto_expansion_500_review_needed
SK531,K08,"Hospitality, Tourism, Food, and Personal Services","Travel, Tourism, and Events",Teach tourism principles,"Instruct students in the theory and practice of the subject travel and tourism, with the aim of assisting them in pursuing a future career in this field, and more specifically in topics such as tourism locations, customer service and booking techniques.",4221,Travel Consultants and Clerks,4221,teach tourism principles,"Teach tourism principles; teach tourism principles; explain tourism principles; teaching tourism principles; teach travel practices; educate on tourism principles; teach tourism practices; provide instruction on tourism principles; teaches tourism principles; teach travel principles; Travel, Tourism, and Events; Hospitality, Tourism, Food, and Personal Services",http://data.europa.eu/esco/skill/5b22f5a1-edf3-4476-8487-ed4ab344edc5,teach tourism principles,explain tourism principles; teaching tourism principles; teach travel practices; educate on tourism principles; teach tourism practices; provide instruction on tourism principles; teaches tourism principles; teach travel principles,"Instruct students in the theory and practice of the subject travel and tourism, with the aim of assisting them in pursuing a future career in this field, and more specifically in topics such as tourism locations, customer service and booking techniques.",ESCO v1.2.0 / API-ready,0.78,auto_generated_review,esco_auto_expansion_500_review_needed
SK532,K08,"Hospitality, Tourism, Food, and Personal Services","Travel, Tourism, and Events",Local area tourism industry,"The characteristics of local sights and events, accommodation, bars and restaurants and leisure activities.",4221,Travel Consultants and Clerks,4221,local area tourism industry,"Local area tourism industry; local area tourism industry; local tourism industry; local region tourism industry; local tourist area industry; local points of interest; Travel, Tourism, and Events; Hospitality, Tourism, Food, and Personal Services",http://data.europa.eu/esco/skill/221a3714-9a9e-43a4-869e-184bbea5e32d,local area tourism industry,local tourism industry; local region tourism industry; local tourist area industry; local points of interest,"The characteristics of local sights and events, accommodation, bars and restaurants and leisure activities.",ESCO v1.2.0 / API-ready,0.78,auto_generated_review,esco_auto_expansion_500_review_needed
SK533,K08,"Hospitality, Tourism, Food, and Personal Services","Travel, Tourism, and Events",Produce content for tourism brochures,"Create content for leaflets and tourism brochures, travel services and package deals.",4221,Travel Consultants and Clerks,4221,produce content for tourism brochures,"Produce content for tourism brochures; produce content for tourism brochures; develop contents for travel brochures; produce tourism brochure contents; produce content for tourist brochures; create details and images for tourism material; Travel, Tourism, and Events; Hospitality, Tourism, Food, and Personal Services",http://data.europa.eu/esco/skill/10dd298f-3fb7-4306-9ecc-45905877ab61,produce content for tourism brochures,develop contents for travel brochures; produce tourism brochure contents; produce content for tourist brochures; create details and images for tourism material,"Create content for leaflets and tourism brochures, travel services and package deals.",ESCO v1.2.0 / API-ready,0.78,auto_generated_review,esco_auto_expansion_500_review_needed
SK534,K08,"Hospitality, Tourism, Food, and Personal Services","Travel, Tourism, and Events",Geographical areas relevant to tourism,The field of tourism geography in Europe as well as the rest of the world in order to point out relevant tourism areas and attractions.,4221,Travel Consultants and Clerks,4221,geographical areas relevant to tourism,"Geographical areas relevant to tourism; geographical areas relevant to tourism; geography; worldwide tourist destinations; geographical areas for tourism; tourism-related geographical areas; Travel, Tourism, and Events; Hospitality, Tourism, Food, and Personal Services",http://data.europa.eu/esco/skill/fa64c52c-08cf-4074-bc9b-a93075802166,geographical areas relevant to tourism,geography; worldwide tourist destinations; geographical areas for tourism; tourism-related geographical areas,The field of tourism geography in Europe as well as the rest of the world in order to point out relevant tourism areas and attractions.,ESCO v1.2.0 / API-ready,0.78,auto_generated_review,esco_auto_expansion_500_review_needed
SK535,K08,"Hospitality, Tourism, Food, and Personal Services","Travel, Tourism, and Events",Promote virtual reality travelling experiences,"Use virtual reality technology to immerse customers into experiences such as virtual tours of a destination, attraction or hotel. Promote this technology to allow customers to sample attractions or hotel rooms virtually before making a purchasing decision.",4221,Travel Consultants and Clerks,4221,promote virtual reality travelling experiences,"Promote virtual reality travelling experiences; promote virtual reality travelling experiences; promote immersive tourism experiences; advertise virtual reality travelling experiences; publicise virtual realtily travelling experiences; promote virtual reality technology for travelling experiences; Travel, Tourism, and Events; Hospitality, Tourism, Food, and Personal Services",http://data.europa.eu/esco/skill/62f2caf5-9f94-43a6-ac1c-5962de81643f,promote virtual reality travelling experiences,promote immersive tourism experiences; advertise virtual reality travelling experiences; publicise virtual realtily travelling experiences; promote virtual reality technology for travelling experiences,"Use virtual reality technology to immerse customers into experiences such as virtual tours of a destination, attraction or hotel. Promote this technology to allow customers to sample attractions or hotel rooms virtually before making a purchasing decision.",ESCO v1.2.0 / API-ready,0.78,auto_generated_review,esco_auto_expansion_500_review_needed
SK536,K08,"Hospitality, Tourism, Food, and Personal Services","Travel, Tourism, and Events",Tourist resources of a destination for further development,The study of touristic resources in a specific area and its potential for further development of new touristic services and events.,4221,Travel Consultants and Clerks,4221,tourist resources of a destination for further development,"Tourist resources of a destination for further development; tourist resources of a destination for further development; tourist resources with potential for development; tourist resources for further development; tourist destination's resources for further development; development of a tourist destination's resources; Travel, Tourism, and Events; Hospitality, Tourism, Food, and Personal Services",http://data.europa.eu/esco/skill/b3eb90eb-73d0-43b9-b000-47f3f0f34563,tourist resources of a destination for further development,tourist resources with potential for development; tourist resources for further development; tourist destination's resources for further development; development of a tourist destination's resources,The study of touristic resources in a specific area and its potential for further development of new touristic services and events.,ESCO v1.2.0 / API-ready,0.78,auto_generated_review,esco_auto_expansion_500_review_needed
SK537,K08,"Hospitality, Tourism, Food, and Personal Services","Travel, Tourism, and Events",Provide training in sustainable tourism development and management,"Deliver training and capacity building for staff working in the tourism industry to inform them about best practices in developing and managing tourist destinations and packages, while ensuring a minimum impact on the environment and local communities and strict preservation of protected areas and fauna and flora species.",4221,Travel Consultants and Clerks,4221,provide training in sustainable tourism development and management,"Provide training in sustainable tourism development and management; provide training in sustainable tourism development and management; deliver training in sustainable tourism management; facilitate training on sustainable tourism management; offer instruction in sustainable tourism development and management; Travel, Tourism, and Events; Hospitality, Tourism, Food, and Personal Services",http://data.europa.eu/esco/skill/8318ca1f-117e-4a21-a07a-5d7515a21035,provide training in sustainable tourism development and management,deliver training in sustainable tourism management; facilitate training on sustainable tourism management; offer instruction in sustainable tourism development and management,"Deliver training and capacity building for staff working in the tourism industry to inform them about best practices in developing and managing tourist destinations and packages, while ensuring a minimum impact on the environment and local communities and strict preservation of protected areas and fauna and flora species.",ESCO v1.2.0 / API-ready,0.78,auto_generated_review,esco_auto_expansion_500_review_needed
SK538,K08,"Hospitality, Tourism, Food, and Personal Services",Food Service and Culinary Work,"Risks associated to physical, chemical, biological hazards in food and beverages","Interpretation of laboratory tests for parameters affecting food safety taking into account risks associated with physical, chemical, and biological hazards in food and beverages.",5120,Cooks,5120,"risks associated to physical, chemical, biological hazards in food and beverages","Risks associated to physical, chemical, biological hazards in food and beverages; risks associated to physical, chemical, biological hazards in food and beverages; risk associated to physical, chemical, biological hazards found in food and beverages; dangers associated to physical, chemical, biological hazards in food and beverages; threats associated to physical, chemical, biological hazards in food and beverages; risks associated to the physical, chemical, biological hazards in food and beverages; problems associated to physical, chemical, biological hazards in food and beverages; Food Service and Culinary Work; Hospitality, Tourism, Food, and Personal Services",http://data.europa.eu/esco/skill/bacbf3d2-c151-4911-b376-e664faa313e3,"risks associated to physical, chemical, biological hazards in food and beverages","risk associated to physical, chemical, biological hazards found in food and beverages; dangers associated to physical, chemical, biological hazards in food and beverages; threats associated to physical, chemical, biological hazards in food and beverages; risks associated to the physical, chemical, biological hazards in food and beverages; problems associated to physical, chemical, biological hazards in food and beverages","Interpretation of laboratory tests for parameters affecting food safety taking into account risks associated with physical, chemical, and biological hazards in food and beverages.",ESCO v1.2.0 / API-ready,0.78,auto_generated_review,esco_auto_expansion_500_review_needed
SK539,K08,"Hospitality, Tourism, Food, and Personal Services","Travel, Tourism, and Events",Ecotourism,"The practice of sustainable travel to natural areas that conserve and support the local environment, fostering environmental and cultural understanding. It usually involves the observation of natural wildlife in exotic natural environments.",4221,Travel Consultants and Clerks,4221,ecotourism,"Ecotourism; ecotourism; ecological tourism; sustainable tourism; environmentally friendly tourism; responsible tourism; Travel, Tourism, and Events; Hospitality, Tourism, Food, and Personal Services",http://data.europa.eu/esco/skill/6c2182f9-9068-42e8-8855-31252d62fbb0,ecotourism,ecological tourism; sustainable tourism; environmentally friendly tourism; responsible tourism,"The practice of sustainable travel to natural areas that conserve and support the local environment, fostering environmental and cultural understanding. It usually involves the observation of natural wildlife in exotic natural environments.",ESCO v1.2.0 / API-ready,0.78,auto_generated_review,esco_auto_expansion_500_review_needed
SK540,K08,"Hospitality, Tourism, Food, and Personal Services","Travel, Tourism, and Events",Agritourism,Aspects of agritourism involving agriculturally based activities to bring visitors to a farm.,4221,Travel Consultants and Clerks,4221,agritourism,"Agritourism; agritourism; activities in agritourism; agro-tourism; agrotourism; types of agritourism; typology of agritourism; agri-tourism; Travel, Tourism, and Events; Hospitality, Tourism, Food, and Personal Services",http://data.europa.eu/esco/skill/df0690fb-070b-4d63-9043-a65f18044787,agritourism,activities in agritourism; agro-tourism; agrotourism; types of agritourism; typology of agritourism; agri-tourism,Aspects of agritourism involving agriculturally based activities to bring visitors to a farm.,ESCO v1.2.0 / API-ready,0.78,auto_generated_review,esco_auto_expansion_500_review_needed
SK541,K08,"Hospitality, Tourism, Food, and Personal Services",Food Service and Culinary Work,Ensure food quality,Pay attention to the quality of the food that is served to visitors or customers according to food standards.,5120,Cooks,5120,ensure food quality,"Ensure food quality; ensure food quality; guarantee quality of food served; ensure quality in food; serve food according to quality standards; ensure quality of food; Food Service and Culinary Work; Hospitality, Tourism, Food, and Personal Services",http://data.europa.eu/esco/skill/efb63052-8b3e-4d61-96d6-45279eab1511,ensure food quality,guarantee quality of food served; ensure quality in food; serve food according to quality standards; ensure quality of food,Pay attention to the quality of the food that is served to visitors or customers according to food standards.,ESCO v1.2.0 / API-ready,0.78,auto_generated_review,esco_auto_expansion_500_review_needed
SK542,K09,"Logistics, Manufacturing, and Operations",Manufacturing and Plant Operations,Manufacture man-made fibres,"Perform the operation, monitoring and maintenance of machines and processes to manufacture man-made fibers, ensuring that the product meets the required specifications, keeping efficiency and productivity at high levels.",8189,Stationary Plant and Machine Operators Not Elsewhere Classified,8189,manufacture man-made fibres,"Manufacture man-made fibres; manufacture man-made fibres; man-made fibres manufacturing; operate machines for man-made fibres production; manufacture man-made fibers; tend machines for man-made fibres production; operate machinery for man-made fibres production; tend machinery for man-made fibres production; Manufacturing and Plant Operations; Logistics, Manufacturing, and Operations",http://data.europa.eu/esco/skill/350d5fc0-67d4-4b75-8d28-85b325cf23fd,manufacture man-made fibres,man-made fibres manufacturing; operate machines for man-made fibres production; manufacture man-made fibers; tend machines for man-made fibres production; operate machinery for man-made fibres production; tend machinery for man-made fibres production,"Perform the operation, monitoring and maintenance of machines and processes to manufacture man-made fibers, ensuring that the product meets the required specifications, keeping efficiency and productivity at high levels.",ESCO v1.2.0 / API-ready,0.78,auto_generated_review,esco_auto_expansion_500_review_needed
SK543,K09,"Logistics, Manufacturing, and Operations",Manufacturing and Plant Operations,Develop production line,Develop the production line of a designed product. This corresponds to a sequence of mechanical or manual operations involved within a production process of a manufactured product.,8189,Stationary Plant and Machine Operators Not Elsewhere Classified,8189,develop production line,"Develop production line; develop production line; production process developing; develop production process; developing production line; developing production process; production line developing; Manufacturing and Plant Operations; Logistics, Manufacturing, and Operations",http://data.europa.eu/esco/skill/bb40da1a-232f-4ba1-a9f5-5283a4fb7a7a,develop production line,production process developing; develop production process; developing production line; developing production process; production line developing,Develop the production line of a designed product. This corresponds to a sequence of mechanical or manual operations involved within a production process of a manufactured product.,ESCO v1.2.0 / API-ready,0.78,auto_generated_review,esco_auto_expansion_500_review_needed
SK544,K09,"Logistics, Manufacturing, and Operations","Warehouse, Inventory, and Distribution",Analyse supply chain trends,"Analyse and make predictions about trends and evolutions in supply chain operations in relation to technology, efficiency systems, types of products shipped, and logistical requirements for shipments, in order to remain at the forefront of supply chain methodologies.",4321,Stock Clerks,4321,analyse supply chain trends,"Analyse supply chain trends; analyse supply chain trends; determine distribution activities; carry out analyses of supply chain trends; perform analyses of supply chain trends; forecast a distribution activity; perform supply chain analysis activities; evaluate supply chain trends; analyze supply chain trends; analyse evolutions in supply chains; Warehouse, Inventory, and Distribution; Logistics, Manufacturing, and Operations",http://data.europa.eu/esco/skill/b7e57889-a84f-440c-9e60-459aa69979e9,analyse supply chain trends,determine distribution activities; carry out analyses of supply chain trends; perform analyses of supply chain trends; forecast a distribution activity; perform supply chain analysis activities; evaluate supply chain trends; analyze supply chain trends; analyse evolutions in supply chains,"Analyse and make predictions about trends and evolutions in supply chain operations in relation to technology, efficiency systems, types of products shipped, and logistical requirements for shipments, in order to remain at the forefront of supply chain methodologies.",ESCO v1.2.0 / API-ready,0.78,auto_generated_review,esco_auto_expansion_500_review_needed
SK545,K09,"Logistics, Manufacturing, and Operations",Manufacturing and Plant Operations,Monitor the production line,Monitor the production line for problems such as pile-ups and jams.,8189,Stationary Plant and Machine Operators Not Elsewhere Classified,8189,monitor the production line,"Monitor the production line; monitor the production line; monitoring the production line; supervise the production line; monitor a production line; view the production line; oversee the production line; watch the production line; Manufacturing and Plant Operations; Logistics, Manufacturing, and Operations",http://data.europa.eu/esco/skill/a022bb4b-6ee0-470a-829d-10ca30284edb,monitor the production line,monitoring the production line; supervise the production line; monitor a production line; view the production line; oversee the production line; watch the production line,Monitor the production line for problems such as pile-ups and jams.,ESCO v1.2.0 / API-ready,0.78,auto_generated_review,esco_auto_expansion_500_review_needed
SK546,K09,"Logistics, Manufacturing, and Operations",Manufacturing and Plant Operations,Food canning production line,"Steps in the canning process line from washing, conditioning and weighing food products, washing and preparing cans, filling cans, as well as other operations in order to obtain the end product.",8189,Stationary Plant and Machine Operators Not Elsewhere Classified,8189,food canning production line,"Food canning production line; food canning production line; canning of food production line; food canning processing line; food canning production lines; food canning operating line; food canning performance line; a food canning production line; Manufacturing and Plant Operations; Logistics, Manufacturing, and Operations",http://data.europa.eu/esco/skill/27b86b4c-758e-4749-b242-f6dfde2e74f2,food canning production line,canning of food production line; food canning processing line; food canning production lines; food canning operating line; food canning performance line; a food canning production line,"Steps in the canning process line from washing, conditioning and weighing food products, washing and preparing cans, filling cans, as well as other operations in order to obtain the end product.",ESCO v1.2.0 / API-ready,0.78,auto_generated_review,esco_auto_expansion_500_review_needed
SK547,K09,"Logistics, Manufacturing, and Operations","Warehouse, Inventory, and Distribution",Manage medical supply chains,"Ensure that medicines are stored in appropriate facilities and environmental conditions to ensure stability, quality and safety of the medicinal product over its shelf life, storing medicines in a safe, organised, systematic and secure manner and working with documented policies and procedures to implement an effective stock management and rotation system.",4321,Stock Clerks,4321,manage medical supply chains,"Manage medical supply chains; manage medical supply chains; take care of medical supply chains; organize medical supply chains; manage medical supply chain; ensure appropriate storage of medical supplies; manage the medical supply chain; apply medical supply chain management; organise medical supply chains; Warehouse, Inventory, and Distribution; Logistics, Manufacturing, and Operations",http://data.europa.eu/esco/skill/71d441c3-163a-41b6-b713-074d69362c27,manage medical supply chains,take care of medical supply chains; organize medical supply chains; manage medical supply chain; ensure appropriate storage of medical supplies; manage the medical supply chain; apply medical supply chain management; organise medical supply chains,"Ensure that medicines are stored in appropriate facilities and environmental conditions to ensure stability, quality and safety of the medicinal product over its shelf life, storing medicines in a safe, organised, systematic and secure manner and working with documented policies and procedures to implement an effective stock management and rotation system.",ESCO v1.2.0 / API-ready,0.78,auto_generated_review,esco_auto_expansion_500_review_needed
SK548,K09,"Logistics, Manufacturing, and Operations","Transport, Driving, and Delivery",Drive vehicles in processions,"Drive cars, hearses or other vehicles at a steady pace in processions.",8322,"Car, Taxi and Van Drivers",8322,drive vehicles in processions,"Drive vehicles in processions; drive vehicles in processions; drive vehicles in procession; operate vehicles in processions; drive vehicles during processions; driving vehicles in processions; drive vehicle in processions; Transport, Driving, and Delivery; Logistics, Manufacturing, and Operations",http://data.europa.eu/esco/skill/f4f2cb26-95c8-4d49-8dbc-fd0a514e2e50,drive vehicles in processions,drive vehicles in procession; operate vehicles in processions; drive vehicles during processions; driving vehicles in processions; drive vehicle in processions,"Drive cars, hearses or other vehicles at a steady pace in processions.",ESCO v1.2.0 / API-ready,0.78,auto_generated_review,esco_auto_expansion_500_review_needed
SK549,K09,"Logistics, Manufacturing, and Operations",Manufacturing and Plant Operations,Integrate new products in manufacturing,"Assist with the integration of new systems, products, methods, and components in the production line. Ensure that production workers are properly trained and follow the new requirements.",8189,Stationary Plant and Machine Operators Not Elsewhere Classified,8189,integrate new products in manufacturing,"Integrate new products in manufacturing; integrate new products in manufacturing; new product integrating into production line; integrating new products into production line; integrate new products into production line; new products integrating into production line; new product integrating in manufacturing; new products integrating in manufacturing; integrating new products in manufacturing; Manufacturing and Plant Operations; Logistics, Manufacturing, and Operations",http://data.europa.eu/esco/skill/8a753714-9a19-4418-9b37-77e79d72c705,integrate new products in manufacturing,new product integrating into production line; integrating new products into production line; integrate new products into production line; new products integrating into production line; new product integrating in manufacturing; new products integrating in manufacturing; integrating new products in manufacturing,"Assist with the integration of new systems, products, methods, and components in the production line. Ensure that production workers are properly trained and follow the new requirements.",ESCO v1.2.0 / API-ready,0.78,auto_generated_review,esco_auto_expansion_500_review_needed
SK550,K09,"Logistics, Manufacturing, and Operations",Manufacturing and Plant Operations,Check quality of products on the production line,Check products for quality on the production line and remove defective items before and after packaging.,8189,Stationary Plant and Machine Operators Not Elsewhere Classified,8189,check quality of products on the production line,"Check quality of products on the production line; check quality of products on the production line; check the quality of products on the production line; check production line for deviations; assess production line for deviations; test production line for deviations; checking quality of products on the production line; audit production line for deviations; Manufacturing and Plant Operations; Logistics, Manufacturing, and Operations",http://data.europa.eu/esco/skill/5d05068e-7ae7-4ff6-8fa3-e35ea03b48b1,check quality of products on the production line,check the quality of products on the production line; check production line for deviations; assess production line for deviations; test production line for deviations; checking quality of products on the production line; audit production line for deviations,Check products for quality on the production line and remove defective items before and after packaging.,ESCO v1.2.0 / API-ready,0.78,auto_generated_review,esco_auto_expansion_500_review_needed
SK551,K09,"Logistics, Manufacturing, and Operations",Manufacturing and Plant Operations,Check quality of products in textile production line,"Check characteristics of textile products like yarns, woven, knitted, braided, tufted or nonwoven textiles, finished cloths, ready-make-garments and determine the product quality along different stages of the textile or clothing production line.",8189,Stationary Plant and Machine Operators Not Elsewhere Classified,8189,check quality of products in textile production line,"Check quality of products in textile production line; check quality of products in textile production line; examine quality of products of textile production line; check quality of textile intermediate goods; inspect quality of products of textile production line; inspect quality of textile intermediate products; examine quality of textile intermediate products; inspect quality of textile intermediate goods; check quality of textile intermediate products; examine quality of textile intermediate goods; Manufacturing and Plant Operations; Logistics, Manufacturing, and Operations",http://data.europa.eu/esco/skill/fe309116-eea5-4b23-8748-316c927af6e2,check quality of products in textile production line,examine quality of products of textile production line; check quality of textile intermediate goods; inspect quality of products of textile production line; inspect quality of textile intermediate products; examine quality of textile intermediate products; inspect quality of textile intermediate goods; check quality of textile intermediate products; examine quality of textile intermediate goods,"Check characteristics of textile products like yarns, woven, knitted, braided, tufted or nonwoven textiles, finished cloths, ready-make-garments and determine the product quality along different stages of the textile or clothing production line.",ESCO v1.2.0 / API-ready,0.78,auto_generated_review,esco_auto_expansion_500_review_needed
SK552,K09,"Logistics, Manufacturing, and Operations","Warehouse, Inventory, and Distribution",Plan supply chain logistics for footwear and leather goods,"Plan, organise and monitor logistics and supply chain activities based on the footwear or leather goods company's main objectives regarding quality, cost, delivery, and flexibility.",4321,Stock Clerks,4321,plan supply chain logistics for footwear and leather goods,"Plan supply chain logistics for footwear and leather goods; plan supply chain logistics for footwear and leather goods; organize supply chain logistics and activities for footwear and leather goods; plan supply chain logistics for leather goods; organise supply chain logistics and activities for footwear and leatherwear; organise supply chain logistics and activities for footwear and leather goods; organize supply chain logistics and activities for footwear and leatherwear; plan supply chain logistics for footwear; plan supply chain logistics for footwear and leatherwear; Warehouse, Inventory, and Distribution; Logistics, Manufacturing, and Operations",http://data.europa.eu/esco/skill/5a23ed81-6c48-4631-a2a5-740f8079f50b,plan supply chain logistics for footwear and leather goods,organize supply chain logistics and activities for footwear and leather goods; plan supply chain logistics for leather goods; organise supply chain logistics and activities for footwear and leatherwear; organise supply chain logistics and activities for footwear and leather goods; organize supply chain logistics and activities for footwear and leatherwear; plan supply chain logistics for footwear; plan supply chain logistics for footwear and leatherwear,"Plan, organise and monitor logistics and supply chain activities based on the footwear or leather goods company's main objectives regarding quality, cost, delivery, and flexibility.",ESCO v1.2.0 / API-ready,0.78,auto_generated_review,esco_auto_expansion_500_review_needed
SK553,K09,"Logistics, Manufacturing, and Operations","Warehouse, Inventory, and Distribution",Supply chain management,"The flow of goods in the supply chain, movement and storage of raw materials, work-in-process inventory, and finished goods from point of origin to point of consumption.",4321,Stock Clerks,4321,supply chain management,"Supply chain management; supply chain management; management of a supply chain; supply chain managing; manage a supply chain; supply chain administration; supply chain supervision; supply chain regulation; supply chain oversight; Warehouse, Inventory, and Distribution; Logistics, Manufacturing, and Operations",http://data.europa.eu/esco/skill/f929c89e-c363-4132-a918-e021d57b307c,supply chain management,management of a supply chain; supply chain managing; manage a supply chain; supply chain administration; supply chain supervision; supply chain regulation; supply chain oversight,"The flow of goods in the supply chain, movement and storage of raw materials, work-in-process inventory, and finished goods from point of origin to point of consumption.",ESCO v1.2.0 / API-ready,0.78,auto_generated_review,esco_auto_expansion_500_review_needed
SK554,K09,"Logistics, Manufacturing, and Operations","Transport, Driving, and Delivery",Drive two-wheeled vehicles,Drive two-wheeled vehicles such as bicycles and motorcycles for the performance of different tasks relating to the transportation of goods and passengers.,8322,"Car, Taxi and Van Drivers",8322,drive two-wheeled vehicles,"Drive two-wheeled vehicles; drive two-wheeled vehicles; drive two-wheel vehicles; ride motorcycles; ride bicycles; control movement two-wheel vehicles; operate two-wheeled vehicles; drive vehicles with two wheels; control movement of two-wheeled vehicles; operate vehicles with two wheels; Transport, Driving, and Delivery; Logistics, Manufacturing, and Operations",http://data.europa.eu/esco/skill/e7f63440-6007-486b-948f-ea124839c418,drive two-wheeled vehicles,drive two-wheel vehicles; ride motorcycles; ride bicycles; control movement two-wheel vehicles; operate two-wheeled vehicles; drive vehicles with two wheels; control movement of two-wheeled vehicles; operate vehicles with two wheels,Drive two-wheeled vehicles such as bicycles and motorcycles for the performance of different tasks relating to the transportation of goods and passengers.,ESCO v1.2.0 / API-ready,0.78,auto_generated_review,esco_auto_expansion_500_review_needed
SK555,K09,"Logistics, Manufacturing, and Operations","Warehouse, Inventory, and Distribution",Manage warehouse inventory,"Manage warehouse inventory and control storage and movement of warehouse goods. Monitor transactions such as shipping, receiving and putaway.",4321,Stock Clerks,4321,manage warehouse inventory,"Manage warehouse inventory; manage warehouse inventory; supervise inventory of warehouse; control storage and movement of warehouse goods; manage storage and movement of warehouse goods; oversee storage and movement of warehouse goods; manage inventory of warehouse; monitor warehouse transactions; control warehouse inventory; monitor warehouse inventory; Warehouse, Inventory, and Distribution; Logistics, Manufacturing, and Operations",http://data.europa.eu/esco/skill/5d2e82cc-5943-4218-a459-a1956fad2b63,manage warehouse inventory,supervise inventory of warehouse; control storage and movement of warehouse goods; manage storage and movement of warehouse goods; oversee storage and movement of warehouse goods; manage inventory of warehouse; monitor warehouse transactions; control warehouse inventory; monitor warehouse inventory,"Manage warehouse inventory and control storage and movement of warehouse goods. Monitor transactions such as shipping, receiving and putaway.",ESCO v1.2.0 / API-ready,0.78,auto_generated_review,esco_auto_expansion_500_review_needed
SK556,K09,"Logistics, Manufacturing, and Operations","Warehouse, Inventory, and Distribution",Analyse supply chain strategies,"Examine an organisation's planning details of production, their expected output units, quality, quantity, cost, time available and labour requirements. Provide suggestions in order to improve products, service quality and reduce costs.",4321,Stock Clerks,4321,analyse supply chain strategies,"Analyse supply chain strategies; analyse supply chain strategies; supply chain management; manage supply chain; improve supply chain; analyze supply chain strategies; examine supply chain strategies; analyse procurement strategies; analyse and improve supply chain strategies; analyse supplies' logistics; Warehouse, Inventory, and Distribution; Logistics, Manufacturing, and Operations",http://data.europa.eu/esco/skill/96d549bb-3e62-4c45-92a7-f114df089581,analyse supply chain strategies,supply chain management; manage supply chain; improve supply chain; analyze supply chain strategies; examine supply chain strategies; analyse procurement strategies; analyse and improve supply chain strategies; analyse supplies' logistics,"Examine an organisation's planning details of production, their expected output units, quality, quantity, cost, time available and labour requirements. Provide suggestions in order to improve products, service quality and reduce costs.",ESCO v1.2.0 / API-ready,0.78,auto_generated_review,esco_auto_expansion_500_review_needed
SK557,K09,"Logistics, Manufacturing, and Operations","Transport, Driving, and Delivery",Provide high-end driving services,"Drive vehicles such as limousines or taxis for high-end services. Transport people and goods providing optimal service quality, safety, and efficiency.",8322,"Car, Taxi and Van Drivers",8322,provide high-end driving services,"Provide high-end driving services; provide high-end driving services; provide professional driver services; operate private driver services; provide luxury driving services; provide top-end driving services; provide customers with high-end driving services; supply high-end driving services; operate chauffeur services; drive vehicles such as taxis and limousines for high-end services; Transport, Driving, and Delivery; Logistics, Manufacturing, and Operations",http://data.europa.eu/esco/skill/09699c24-8f0f-4789-b88f-fd86b19f1875,provide high-end driving services,provide professional driver services; operate private driver services; provide luxury driving services; provide top-end driving services; provide customers with high-end driving services; supply high-end driving services; operate chauffeur services; drive vehicles such as taxis and limousines for high-end services,"Drive vehicles such as limousines or taxis for high-end services. Transport people and goods providing optimal service quality, safety, and efficiency.",ESCO v1.2.0 / API-ready,0.78,auto_generated_review,esco_auto_expansion_500_review_needed
SK558,K09,"Logistics, Manufacturing, and Operations",Manufacturing and Plant Operations,Industrial design,The practice of designing products to be manufactured through techniques of mass production.,8189,Stationary Plant and Machine Operators Not Elsewhere Classified,8189,industrial design,"Industrial design; industrial design; industrial process design; design for industry; industrial product design; industrial manufacturing design; industry design; Manufacturing and Plant Operations; Logistics, Manufacturing, and Operations",http://data.europa.eu/esco/skill/efacdaad-ab73-4056-bee3-4eb34b458bf6,industrial design,industrial process design; design for industry; industrial product design; industrial manufacturing design; industry design,The practice of designing products to be manufactured through techniques of mass production.,ESCO v1.2.0 / API-ready,0.78,auto_generated_review,esco_auto_expansion_500_review_needed
SK559,K09,"Logistics, Manufacturing, and Operations",Assembly and Production Support,Packaging engineering,"The processes of packaging or protecting products for distribution, storage and sale.",8219,Assemblers Not Elsewhere Classified,8219,packaging engineering,"Packaging engineering; packaging engineering; packaging production; engineering packaging; packaging manufacture; packing; packaging manufacturing; packaging within engineering; packaging fabrication; Assembly and Production Support; Logistics, Manufacturing, and Operations",http://data.europa.eu/esco/skill/b8ac179c-4a29-4467-9177-031daf1321d6,packaging engineering,packaging production; engineering packaging; packaging manufacture; packing; packaging manufacturing; packaging within engineering; packaging fabrication,"The processes of packaging or protecting products for distribution, storage and sale.",ESCO v1.2.0 / API-ready,0.78,auto_generated_review,esco_auto_expansion_500_review_needed
SK560,K09,"Logistics, Manufacturing, and Operations","Transport, Driving, and Delivery",Match vehicles with routes,"Match types of vehicles to transport routes, taking into consideration service frequency, peak transport times, service area covered, and road conditions.",8322,"Car, Taxi and Van Drivers",8322,match vehicles with routes,"Match vehicles with routes; match vehicles with routes; assign suitable vehicles to routes; assign appropriate vehicles to suitable routes; assign vehicles to appropriate routes; assign appropriate vehicles to routes; connect types of vehicles with routes; match vehicle types with routes; connect vehicle types; match types of vehicles with routes; Transport, Driving, and Delivery; Logistics, Manufacturing, and Operations",http://data.europa.eu/esco/skill/dae63e12-3547-493c-8e6b-809c348984fe,match vehicles with routes,assign suitable vehicles to routes; assign appropriate vehicles to suitable routes; assign vehicles to appropriate routes; assign appropriate vehicles to routes; connect types of vehicles with routes; match vehicle types with routes; connect vehicle types; match types of vehicles with routes,"Match types of vehicles to transport routes, taking into consideration service frequency, peak transport times, service area covered, and road conditions.",ESCO v1.2.0 / API-ready,0.78,auto_generated_review,esco_auto_expansion_500_review_needed
SK561,K09,"Logistics, Manufacturing, and Operations",Manufacturing and Plant Operations,Manufacturing of wearing apparel,The processes used to fabricate wearing apparel and the different technologies and machinery involved in the manufacturing processes.,8189,Stationary Plant and Machine Operators Not Elsewhere Classified,8189,manufacturing of wearing apparel,"Manufacturing of wearing apparel; manufacturing of wearing apparel; clothing production's processes; manufacturing processes for wearing apparel; wearing apparel manufacturing; wearing apparel processes technologies and machinery; manufacturing of garments; manufacturing of clothing; Manufacturing and Plant Operations; Logistics, Manufacturing, and Operations",http://data.europa.eu/esco/skill/39a25537-5057-4c0b-8141-32851e1cd886,manufacturing of wearing apparel,clothing production's processes; manufacturing processes for wearing apparel; wearing apparel manufacturing; wearing apparel processes technologies and machinery; manufacturing of garments; manufacturing of clothing,The processes used to fabricate wearing apparel and the different technologies and machinery involved in the manufacturing processes.,ESCO v1.2.0 / API-ready,0.78,auto_generated_review,esco_auto_expansion_500_review_needed
SK562,K09,"Logistics, Manufacturing, and Operations",Manufacturing and Plant Operations,Manufacturing of steam generators,"The manufacture of steam or other vapour generators, the manufacture of auxiliary plant for use with steam generators: condensers, economisers, superheaters, steam collectors and accumulators. The manufacture of nuclear reactors, parts for marine or power boilers. Also the production of pipe system construction comprising further processing of tubes generally to make pressure pipes or pipe systems together with the associated design and construction work.",8189,Stationary Plant and Machine Operators Not Elsewhere Classified,8189,manufacturing of steam generators,"Manufacturing of steam generators; manufacturing of steam generators; manufacture of steam generators; auxiliary heating plant manufacturing; steam generators manufacturing; fabrication of auxiliary heating plant; production of auxiliary heating plant; fabrication of steam generators; production of steam generators; manufacture of auxiliary heating plant; Manufacturing and Plant Operations; Logistics, Manufacturing, and Operations",http://data.europa.eu/esco/skill/fde9f003-eedf-40d4-984d-d8beb2e0a855,manufacturing of steam generators,manufacture of steam generators; auxiliary heating plant manufacturing; steam generators manufacturing; fabrication of auxiliary heating plant; production of auxiliary heating plant; fabrication of steam generators; production of steam generators; manufacture of auxiliary heating plant,"The manufacture of steam or other vapour generators, the manufacture of auxiliary plant for use with steam generators: condensers, economisers, superheaters, steam collectors and accumulators. The manufacture of nuclear reactors, parts for marine or power boilers. Also the production of pipe system construction comprising further processing of tubes generally to make pressure pipes or pipe systems together with the associated design and construction work.",ESCO v1.2.0 / API-ready,0.78,auto_generated_review,esco_auto_expansion_500_review_needed
SK563,K09,"Logistics, Manufacturing, and Operations",Manufacturing and Plant Operations,Operate automated process control,Operate process control or automation system (PAS) used to control a production process automatically.,8189,Stationary Plant and Machine Operators Not Elsewhere Classified,8189,operate automated process control,"Operate automated process control; operate automated process control; perform automated process control; execute automated process control; conduct automated process control; operate an automated process control; undertake automated process control; operate automated process controls; Manufacturing and Plant Operations; Logistics, Manufacturing, and Operations",http://data.europa.eu/esco/skill/0a0532c2-ee60-4410-8e07-70e4d69370ec,operate automated process control,perform automated process control; execute automated process control; conduct automated process control; operate an automated process control; undertake automated process control; operate automated process controls,Operate process control or automation system (PAS) used to control a production process automatically.,ESCO v1.2.0 / API-ready,0.78,auto_generated_review,esco_auto_expansion_500_review_needed
SK564,K09,"Logistics, Manufacturing, and Operations","Warehouse, Inventory, and Distribution",Oversee warehouse value-added activities,"Oversee warehouse activities such as storage and receipt, and dispatch of various goods such as food, drinks, clothing, and household products.",4321,Stock Clerks,4321,oversee warehouse value-added activities,"Oversee warehouse value-added activities; oversee warehouse value-added activities; manage warehouse value-added-activities; supervise warehouse storage and dispatch activities; oversee warehouse storage and dispatch activities; manage storage and dispatch activities in a warehouse; supervise value-added activities in a warehouse; oversee value-added activities in a warehouse; supervise warehouse value-added activities; manage warehouse storage and dispatch activities; Warehouse, Inventory, and Distribution; Logistics, Manufacturing, and Operations",http://data.europa.eu/esco/skill/0a30a7df-750a-4df3-9a70-f537c5d14277,oversee warehouse value-added activities,manage warehouse value-added-activities; supervise warehouse storage and dispatch activities; oversee warehouse storage and dispatch activities; manage storage and dispatch activities in a warehouse; supervise value-added activities in a warehouse; oversee value-added activities in a warehouse; supervise warehouse value-added activities; manage warehouse storage and dispatch activities,"Oversee warehouse activities such as storage and receipt, and dispatch of various goods such as food, drinks, clothing, and household products.",ESCO v1.2.0 / API-ready,0.78,auto_generated_review,esco_auto_expansion_500_review_needed
SK565,K09,"Logistics, Manufacturing, and Operations","Warehouse, Inventory, and Distribution",Advise on aquaculture products supply chain,Provide support and advice in aquaculture supply chain related activities such as packaging design and logistics.,4321,Stock Clerks,4321,advise on aquaculture products supply chain,"Advise on aquaculture products supply chain; advise on aquaculture products supply chain; give advice on aquaculture products supply chain; advice on aquaculture products supply chain giving; advising on aquaculture products supply chain; giving advice on aquaculture products supply chain; advice giving on aquaculture products supply chain; aquaculture products supply chain advising; Warehouse, Inventory, and Distribution; Logistics, Manufacturing, and Operations",http://data.europa.eu/esco/skill/ad1a9aae-1edc-4863-bf5a-72864e127ff4,advise on aquaculture products supply chain,give advice on aquaculture products supply chain; advice on aquaculture products supply chain giving; advising on aquaculture products supply chain; giving advice on aquaculture products supply chain; advice giving on aquaculture products supply chain; aquaculture products supply chain advising,Provide support and advice in aquaculture supply chain related activities such as packaging design and logistics.,ESCO v1.2.0 / API-ready,0.78,auto_generated_review,esco_auto_expansion_500_review_needed
SK566,K09,"Logistics, Manufacturing, and Operations",Manufacturing and Plant Operations,Carry out checks of production plant equipment,"Carry out checks of the machinery and equipment used in the production plant. Ensure that the machinery is working properly, set machines before usage, and assure continuous operability of the equipment.",8189,Stationary Plant and Machine Operators Not Elsewhere Classified,8189,carry out checks of production plant equipment,"Carry out checks of production plant equipment; carry out checks of production plant equipment; carry out check on production plant equipment; carry out a check of production plant equipment; complete checks of production plant equipment; undertake checks of production plant equipment; make checks of production plant equipment; oversee checks of production plant equipment; Manufacturing and Plant Operations; Logistics, Manufacturing, and Operations",http://data.europa.eu/esco/skill/c2241f73-9151-4817-96b2-b9a6aae4c9e9,carry out checks of production plant equipment,carry out check on production plant equipment; carry out a check of production plant equipment; complete checks of production plant equipment; undertake checks of production plant equipment; make checks of production plant equipment; oversee checks of production plant equipment,"Carry out checks of the machinery and equipment used in the production plant. Ensure that the machinery is working properly, set machines before usage, and assure continuous operability of the equipment.",ESCO v1.2.0 / API-ready,0.78,auto_generated_review,esco_auto_expansion_500_review_needed
SK567,K09,"Logistics, Manufacturing, and Operations",Manufacturing and Plant Operations,Maintenance of footwear manufacturing machines,"The architecture and functionality of the various footwear manufacturing machines; the analysis of faults, the repair processes and substitutions of components/pieces, and routine lubrications, as well as the preventive and corrective maintenance and verification of working conditions and performance.",8189,Stationary Plant and Machine Operators Not Elsewhere Classified,8189,maintenance of footwear manufacturing machines,"Maintenance of footwear manufacturing machines; maintenance of footwear manufacturing machines; technical maintenance of footwear production machinery; technical maintenance of footwear manufacturing machinery; technical maintenance of footwear production machines; maintenance of footwear production machines; technical maintenance of footwear manufacturing machines; maintenance of footwear manufacturing machinery; Manufacturing and Plant Operations; Logistics, Manufacturing, and Operations",http://data.europa.eu/esco/skill/9379afee-37fd-419c-8c83-76e877b9f191,maintenance of footwear manufacturing machines,technical maintenance of footwear production machinery; technical maintenance of footwear manufacturing machinery; technical maintenance of footwear production machines; maintenance of footwear production machines; technical maintenance of footwear manufacturing machines; maintenance of footwear manufacturing machinery,"The architecture and functionality of the various footwear manufacturing machines; the analysis of faults, the repair processes and substitutions of components/pieces, and routine lubrications, as well as the preventive and corrective maintenance and verification of working conditions and performance.",ESCO v1.2.0 / API-ready,0.78,auto_generated_review,esco_auto_expansion_500_review_needed
SK568,K09,"Logistics, Manufacturing, and Operations",Manufacturing and Plant Operations,Ensure full functioning of food plant machinery,"Ensure and maintain manufacturing process equipment and ensure such machinery operates in a clean, organised environment in compliance with food safety requirements.",8189,Stationary Plant and Machine Operators Not Elsewhere Classified,8189,ensure full functioning of food plant machinery,"Ensure full functioning of food plant machinery; ensure full functioning of food plant machinery; establish full functioning of food plant machinery; ensure the full functioning of food plant machinery; maintain full functioning of food plant machinery; ensure the functioning of a food plant machine; assure full functioning of food plant machinery; ensure the functioning of food plant machines; secure full functioning of food plant machinery; Manufacturing and Plant Operations; Logistics, Manufacturing, and Operations",http://data.europa.eu/esco/skill/f9622dac-e823-479b-aabc-209232c1e391,ensure full functioning of food plant machinery,establish full functioning of food plant machinery; ensure the full functioning of food plant machinery; maintain full functioning of food plant machinery; ensure the functioning of a food plant machine; assure full functioning of food plant machinery; ensure the functioning of food plant machines; secure full functioning of food plant machinery,"Ensure and maintain manufacturing process equipment and ensure such machinery operates in a clean, organised environment in compliance with food safety requirements.",ESCO v1.2.0 / API-ready,0.78,auto_generated_review,esco_auto_expansion_500_review_needed
SK569,K09,"Logistics, Manufacturing, and Operations",Manufacturing and Plant Operations,Manage technical aspects of vineyard production,Control the whole production process in teræs of quantity and quality. Decide about new pratices in vineyard and winery by using internal information and consultation processus.,8189,Stationary Plant and Machine Operators Not Elsewhere Classified,8189,manage technical aspects of vineyard production,"Manage technical aspects of vineyard production; manage technical aspects of vineyard production; technical aspects of vineyard production process managing; managing technical aspects of vineyard production process; control technical aspects of vineyard production; technical aspects of vineyard production controlling; controlling technical aspects of vineyard production; managing technical aspects of vineyard production; controlling technical aspects of vineyard production process; control technical aspects of vineyard production process; Manufacturing and Plant Operations; Logistics, Manufacturing, and Operations",http://data.europa.eu/esco/skill/074dd1d8-2ae6-494b-9ca9-43772643174b,manage technical aspects of vineyard production,technical aspects of vineyard production process managing; managing technical aspects of vineyard production process; control technical aspects of vineyard production; technical aspects of vineyard production controlling; controlling technical aspects of vineyard production; managing technical aspects of vineyard production; controlling technical aspects of vineyard production process; control technical aspects of vineyard production process,Control the whole production process in teræs of quantity and quality. Decide about new pratices in vineyard and winery by using internal information and consultation processus.,ESCO v1.2.0 / API-ready,0.78,auto_generated_review,esco_auto_expansion_500_review_needed
SK570,K09,"Logistics, Manufacturing, and Operations",Manufacturing and Plant Operations,Set the operation speed of manufacturing machines,Define the adequate speed at which a manufacturing machine should operate in order to provide the required output in manufacturing processes.,8189,Stationary Plant and Machine Operators Not Elsewhere Classified,8189,set the operation speed of manufacturing machines,"Set the operation speed of manufacturing machines; set the operation speed of manufacturing machines; define machinery production rate; configure operation speed of manufacturing machinery; define machines rate of production; set the operation speed of production machinery; set the operation speed of manufacturing machinery; set the operation speed of production machines; configure operation speed of production machinery; define machines production rate; Manufacturing and Plant Operations; Logistics, Manufacturing, and Operations",http://data.europa.eu/esco/skill/f1dd6732-ad04-404b-a631-8da133ea7cfd,set the operation speed of manufacturing machines,define machinery production rate; configure operation speed of manufacturing machinery; define machines rate of production; set the operation speed of production machinery; set the operation speed of manufacturing machinery; set the operation speed of production machines; configure operation speed of production machinery; define machines production rate,Define the adequate speed at which a manufacturing machine should operate in order to provide the required output in manufacturing processes.,ESCO v1.2.0 / API-ready,0.78,auto_generated_review,esco_auto_expansion_500_review_needed
SK571,K09,"Logistics, Manufacturing, and Operations",Manufacturing and Plant Operations,Perform process control in the wearing apparel industry,"Performs process control to wearing apparel products in order to assure mass production in an uninterrupted production manner. Control processes to ensure that processes are predictable, stable and consistent.",8189,Stationary Plant and Machine Operators Not Elsewhere Classified,8189,perform process control in the wearing apparel industry,"Perform process control in the wearing apparel industry; perform process control in the wearing apparel industry; process control; carry out process control in the wearing apparel industry; accomplish process control in the wearing apparel industry; perform process control; Manufacturing and Plant Operations; Logistics, Manufacturing, and Operations",http://data.europa.eu/esco/skill/58c080f9-71d5-429d-9476-bc9e742d460c,perform process control in the wearing apparel industry,process control; carry out process control in the wearing apparel industry; accomplish process control in the wearing apparel industry; perform process control,"Performs process control to wearing apparel products in order to assure mass production in an uninterrupted production manner. Control processes to ensure that processes are predictable, stable and consistent.",ESCO v1.2.0 / API-ready,0.78,auto_generated_review,esco_auto_expansion_500_review_needed
SK572,K09,"Logistics, Manufacturing, and Operations",Assembly and Production Support,Microassembly,"The assembly of nano, micro or mesoscale systems and components with dimensions between 1 µm to 1 mm. Because of the need for precision on a microscale, micro assemblies require reliable visual alignment equipment, such as ion beam imaging systems and stereo electronic microscopes, as well as precision tools and machines, such as microgrippers. The microsystems are assembled according to techniques of doping, thin films, etching, bonding, microlithography, and polishing.",8219,Assemblers Not Elsewhere Classified,8219,microassembly,"Microassembly; microassembly; microfabrication techniques; techniques of microfabrication; assembly of nanoscale systems; micro-fabrication; micro-fabrication techniques; assembly of microscale systems; techniques of micro-fabrication; microfabrication methods; Assembly and Production Support; Logistics, Manufacturing, and Operations",http://data.europa.eu/esco/skill/9cd87d80-9718-47e1-9ed4-cd85cbfebd0a,microassembly,microfabrication techniques; techniques of microfabrication; assembly of nanoscale systems; micro-fabrication; micro-fabrication techniques; assembly of microscale systems; techniques of micro-fabrication; microfabrication methods,"The assembly of nano, micro or mesoscale systems and components with dimensions between 1 µm to 1 mm. Because of the need for precision on a microscale, micro assemblies require reliable visual alignment equipment, such as ion beam imaging systems and stereo electronic microscopes, as well as precision tools and machines, such as microgrippers. The microsystems are assembled according to techniques of doping, thin films, etching, bonding, microlithography, and polishing.",ESCO v1.2.0 / API-ready,0.78,auto_generated_review,esco_auto_expansion_500_review_needed
SK573,K09,"Logistics, Manufacturing, and Operations","Warehouse, Inventory, and Distribution",Manage supplies,"Monitor and control the flow of supplies that includes the purchase, storage and movement of the required quality of raw materials, and also work-in-progress inventory. Manage supply chain activities and synchronise supply with demand of production and customer.",4321,Stock Clerks,4321,manage supplies,"Manage supplies; manage supplies; supplies managing; control and monitor supplies; monitor and control supplies; supply chain management; supplies planning; manage supply chain; plan supplies; supplies management; Warehouse, Inventory, and Distribution; Logistics, Manufacturing, and Operations",http://data.europa.eu/esco/skill/020b3c27-bae1-4b85-9d6f-eccee0f5ed99,manage supplies,supplies managing; control and monitor supplies; monitor and control supplies; supply chain management; supplies planning; manage supply chain; plan supplies; supplies management,"Monitor and control the flow of supplies that includes the purchase, storage and movement of the required quality of raw materials, and also work-in-progress inventory. Manage supply chain activities and synchronise supply with demand of production and customer.",ESCO v1.2.0 / API-ready,0.78,auto_generated_review,esco_auto_expansion_500_review_needed
SK574,K09,"Logistics, Manufacturing, and Operations",Manufacturing and Plant Operations,Leather technology,"Subject that includes traditional and advanced technologies of tanning processes, including machinery, service plants and other supporting equipment like moving or dosing systems.",8189,Stationary Plant and Machine Operators Not Elsewhere Classified,8189,leather technology,"Leather technology; leather technology; technologies of the leather industry; technologies for leather manufacturing; leather industry technology; leather technologies; technology of the leather industry; technologies for leather production; leather industry technologies; Manufacturing and Plant Operations; Logistics, Manufacturing, and Operations",http://data.europa.eu/esco/skill/269b7ddb-f615-470b-998f-07940725c72e,leather technology,technologies of the leather industry; technologies for leather manufacturing; leather industry technology; leather technologies; technology of the leather industry; technologies for leather production; leather industry technologies,"Subject that includes traditional and advanced technologies of tanning processes, including machinery, service plants and other supporting equipment like moving or dosing systems.",ESCO v1.2.0 / API-ready,0.78,auto_generated_review,esco_auto_expansion_500_review_needed
SK575,K09,"Logistics, Manufacturing, and Operations","Transport, Driving, and Delivery",Drive in urban areas,"Drive vehicles in urban areas. Interpret and understand transit signs in a city, the regulation of traffic, and the related common automobility agreements in an urban area.",8322,"Car, Taxi and Van Drivers",8322,drive in urban areas,"Drive in urban areas; drive in urban areas; operate vehicles in urban areas; operate vehicles in in metropolitan areas; drive vehicles in urban areas; control vehicles in urban areas; control vehicles in metropolitan areas; control vehicles in cities; operate vehicles in cities; drive vehicles in metropolitan areas; Transport, Driving, and Delivery; Logistics, Manufacturing, and Operations",http://data.europa.eu/esco/skill/2815f65d-6adb-46a6-8041-5768febf5580,drive in urban areas,operate vehicles in urban areas; operate vehicles in in metropolitan areas; drive vehicles in urban areas; control vehicles in urban areas; control vehicles in metropolitan areas; control vehicles in cities; operate vehicles in cities; drive vehicles in metropolitan areas,"Drive vehicles in urban areas. Interpret and understand transit signs in a city, the regulation of traffic, and the related common automobility agreements in an urban area.",ESCO v1.2.0 / API-ready,0.78,auto_generated_review,esco_auto_expansion_500_review_needed
SK576,K09,"Logistics, Manufacturing, and Operations",Manufacturing and Plant Operations,Monitor conveyor belt,Monitor the flow of the work pieces on the conveyor belt as they are processed by the machine to ensure optimal productivity.,8189,Stationary Plant and Machine Operators Not Elsewhere Classified,8189,monitor conveyor belt,"Monitor conveyor belt; monitor conveyor belt; watch over conveyor belt; supervise conveyor belt; oversee production line; guard conveyor belt; oversee conveyor belt; guard production line; watch over production line; supervise production line; Manufacturing and Plant Operations; Logistics, Manufacturing, and Operations",http://data.europa.eu/esco/skill/62d34066-f07a-4437-914b-0548ba8bbe59,monitor conveyor belt,watch over conveyor belt; supervise conveyor belt; oversee production line; guard conveyor belt; oversee conveyor belt; guard production line; watch over production line; supervise production line,Monitor the flow of the work pieces on the conveyor belt as they are processed by the machine to ensure optimal productivity.,ESCO v1.2.0 / API-ready,0.78,auto_generated_review,esco_auto_expansion_500_review_needed
SK577,K09,"Logistics, Manufacturing, and Operations","Warehouse, Inventory, and Distribution",Supply chain principles,"Characteristics, operations and resources involved in moving a product or service from supplier to the customer.",4321,Stock Clerks,4321,supply chain principles,"Supply chain principles; supply chain principles; supply chain foundations; supply chain fundamentals; supply chain principle; principles of a supply chain; supply chain standards; social responsibility in battery supply chain; supply chain conventions; Warehouse, Inventory, and Distribution; Logistics, Manufacturing, and Operations",http://data.europa.eu/esco/skill/cf579543-272b-43c8-b942-555836ae4241,supply chain principles,supply chain foundations; supply chain fundamentals; supply chain principle; principles of a supply chain; supply chain standards; social responsibility in battery supply chain; supply chain conventions,"Characteristics, operations and resources involved in moving a product or service from supplier to the customer.",ESCO v1.2.0 / API-ready,0.78,auto_generated_review,esco_auto_expansion_500_review_needed
SK578,K09,"Logistics, Manufacturing, and Operations","Transport, Driving, and Delivery",Manage vehicle inventory,Possess an overview of the vehicle fleet of a company in order to determine what vehicles are available and suitable for the provision of transport services.,8322,"Car, Taxi and Van Drivers",8322,manage vehicle inventory,"Manage vehicle inventory; manage vehicle inventory; perform vehicle fleet management activities; supervise vehicle inventory; oversee vehicle inventory; manage the vehicle fleet; perform vehicle fleet management; maintain vehicle inventory; manage vehicle fleet; vehicle inventory management; Transport, Driving, and Delivery; Logistics, Manufacturing, and Operations",http://data.europa.eu/esco/skill/db4f4689-8540-4577-bdfe-acecf2f31ec2,manage vehicle inventory,perform vehicle fleet management activities; supervise vehicle inventory; oversee vehicle inventory; manage the vehicle fleet; perform vehicle fleet management; maintain vehicle inventory; manage vehicle fleet; vehicle inventory management,Possess an overview of the vehicle fleet of a company in order to determine what vehicles are available and suitable for the provision of transport services.,ESCO v1.2.0 / API-ready,0.78,auto_generated_review,esco_auto_expansion_500_review_needed
SK579,K09,"Logistics, Manufacturing, and Operations",Manufacturing and Plant Operations,Monitor plant production,Monitor plant processes and efficiency set-up to ensure the maximum output of production levels.,8189,Stationary Plant and Machine Operators Not Elsewhere Classified,8189,monitor plant production,"Monitor plant production; monitor plant production; analyse plant production; analysing plant production; monitoring plant production; plant production monitoring; plant production analysing; Manufacturing and Plant Operations; Logistics, Manufacturing, and Operations",http://data.europa.eu/esco/skill/c09dce1b-e198-487e-b63f-934e10a4c181,monitor plant production,analyse plant production; analysing plant production; monitoring plant production; plant production monitoring; plant production analysing,Monitor plant processes and efficiency set-up to ensure the maximum output of production levels.,ESCO v1.2.0 / API-ready,0.78,auto_generated_review,esco_auto_expansion_500_review_needed
SK580,K09,"Logistics, Manufacturing, and Operations","Transport, Driving, and Delivery",Driver's license structure,"The different types of driver's licenses, the procedures for obtaining them, and which vehicles may be driven holding each type. Any special conditions or responsibilities tied to a driver's license.",8322,"Car, Taxi and Van Drivers",8322,driver's license structure,"Driver's license structure; driver's license structure; structure of driver's license; driving license structure; Transport, Driving, and Delivery; Logistics, Manufacturing, and Operations",http://data.europa.eu/esco/skill/e360f126-5c8d-4398-a746-a53f9ec59b7f,driver's license structure,structure of driver's license; driving license structure,"The different types of driver's licenses, the procedures for obtaining them, and which vehicles may be driven holding each type. Any special conditions or responsibilities tied to a driver's license.",ESCO v1.2.0 / API-ready,0.78,auto_generated_review,esco_auto_expansion_500_review_needed
SK581,K09,"Logistics, Manufacturing, and Operations","Warehouse, Inventory, and Distribution",Ensure stock storage safety,Ensure that products are stored appropriately. Keep in line with safety procedures.,4321,Stock Clerks,4321,ensure stock storage safety,"Ensure stock storage safety; ensure stock storage safety; enable stock storage safety; secure stock storage safety; ensuring stock storage safety; ensuring stock is stored safety; provide stock storage safety; assure stock storage safety; ensure stock is stored safety; Warehouse, Inventory, and Distribution; Logistics, Manufacturing, and Operations",http://data.europa.eu/esco/skill/c7e8948c-e7e4-406a-957d-55daaa4cdb44,ensure stock storage safety,enable stock storage safety; secure stock storage safety; ensuring stock storage safety; ensuring stock is stored safety; provide stock storage safety; assure stock storage safety; ensure stock is stored safety,Ensure that products are stored appropriately. Keep in line with safety procedures.,ESCO v1.2.0 / API-ready,0.78,auto_generated_review,esco_auto_expansion_500_review_needed
SK582,K10,"Agriculture, Forestry, Fishery, and Environmental Work",Forestry and Conservation,Make decisions regarding forestry management,Decide on issues regarding various aspects concerning the management of natural resources such as forests and woodland areas.,6210,Forestry and Related Workers,6210,make decisions regarding forestry management,"Make decisions regarding forestry management; make decisions regarding forestry management; making natural resources decisions; making forestry management decisions; making decisions regarding forestry management; make forestry management decisions; make decisions regarding natural resources; forestry management decision making; decision making regarding forestry management; natural resources decision making; Forestry and Conservation; Agriculture, Forestry, Fishery, and Environmental Work",http://data.europa.eu/esco/skill/c8195036-dab3-4d87-b83b-395a59b18a42,make decisions regarding forestry management,making natural resources decisions; making forestry management decisions; making decisions regarding forestry management; make forestry management decisions; make decisions regarding natural resources; forestry management decision making; decision making regarding forestry management; natural resources decision making,Decide on issues regarding various aspects concerning the management of natural resources such as forests and woodland areas.,ESCO v1.2.0 / API-ready,0.78,auto_generated_review,esco_auto_expansion_500_review_needed
SK583,K10,"Agriculture, Forestry, Fishery, and Environmental Work",Livestock and Animal Production,Dairy animal production,The life cycles of the animal in relation to milk production and the technical and economical aspects of milk production.,6121,Livestock and Dairy Producers,6121,dairy animal production,"Dairy animal production; dairy animal production; scope of dairy animal production; economics of dairy animal production; methods of dairy animal production; life cycle of dairy animals; biology of dairy animals; economics of milk production; techniques in dairy animal production; Livestock and Animal Production; Agriculture, Forestry, Fishery, and Environmental Work",http://data.europa.eu/esco/skill/944c8843-dcea-4883-af9a-f265d21a75a3,dairy animal production,scope of dairy animal production; economics of dairy animal production; methods of dairy animal production; life cycle of dairy animals; biology of dairy animals; economics of milk production; techniques in dairy animal production,The life cycles of the animal in relation to milk production and the technical and economical aspects of milk production.,ESCO v1.2.0 / API-ready,0.78,auto_generated_review,esco_auto_expansion_500_review_needed
SK584,K10,"Agriculture, Forestry, Fishery, and Environmental Work",Fishery and Aquatic Work,Operate fishing equipment,Operate and maintain equipment used recreationally for fishing or in fisheries such as various kinds of nets and fishing gear.,6221,Aquaculture Workers,6221,operate fishing equipment,"Operate fishing equipment; operate fishing equipment; use fishing equipment; run fishing equipment; operating fishing equipment; employ fishing equipment; operate fishery equipment; operates fishing equipment; Fishery and Aquatic Work; Agriculture, Forestry, Fishery, and Environmental Work",http://data.europa.eu/esco/skill/b8b9b79d-7b66-43c0-b06c-7c1e0c86a6d1,operate fishing equipment,use fishing equipment; run fishing equipment; operating fishing equipment; employ fishing equipment; operate fishery equipment; operates fishing equipment,Operate and maintain equipment used recreationally for fishing or in fisheries such as various kinds of nets and fishing gear.,ESCO v1.2.0 / API-ready,0.78,auto_generated_review,esco_auto_expansion_500_review_needed
SK585,K10,"Agriculture, Forestry, Fishery, and Environmental Work",Forestry and Conservation,Sustainable forest management,"The stewardship and use of forest lands in a way and at a rate that maintains their productivity, biodiversity, regeneration capacity, vitality and their potential to fulfil now and in the future relevant ecological, economic and social functions at local, national and global levels and that does not cause damage to other ecosystems.",6210,Forestry and Related Workers,6210,sustainable forest management,"Sustainable forest management; sustainable forest management; SFM; sustainable forestry; environmentally friendly forest management; environmentally friendly forestry; Forestry and Conservation; Agriculture, Forestry, Fishery, and Environmental Work",http://data.europa.eu/esco/skill/41de7eb8-be07-4822-ba85-b76e9b8d6e4e,sustainable forest management,SFM; sustainable forestry; environmentally friendly forest management; environmentally friendly forestry,"The stewardship and use of forest lands in a way and at a rate that maintains their productivity, biodiversity, regeneration capacity, vitality and their potential to fulfil now and in the future relevant ecological, economic and social functions at local, national and global levels and that does not cause damage to other ecosystems.",ESCO v1.2.0 / API-ready,0.78,auto_generated_review,esco_auto_expansion_500_review_needed
SK586,K10,"Agriculture, Forestry, Fishery, and Environmental Work",Fishery and Aquatic Work,Aquaculture production planning software,The functioning principles and usage of a software dedicated to the planning of aquculture production.,6221,Aquaculture Workers,6221,aquaculture production planning software,"Aquaculture production planning software; aquaculture production planning software; kinds of aquaculture production planning software; types of fish farming software; typology of aquaculture production planning software; types of aquaculture production planning software; typology of fish farming software; kinds of fish farming software; range of aquaculture production planning software; range of fish farming software; Fishery and Aquatic Work; Agriculture, Forestry, Fishery, and Environmental Work",http://data.europa.eu/esco/skill/a0b6f2b8-0f41-420d-9d7b-942026f83b50,aquaculture production planning software,kinds of aquaculture production planning software; types of fish farming software; typology of aquaculture production planning software; types of aquaculture production planning software; typology of fish farming software; kinds of fish farming software; range of aquaculture production planning software; range of fish farming software,The functioning principles and usage of a software dedicated to the planning of aquculture production.,ESCO v1.2.0 / API-ready,0.78,auto_generated_review,esco_auto_expansion_500_review_needed
SK587,K10,"Agriculture, Forestry, Fishery, and Environmental Work",Fishery and Aquatic Work,Fighting fires at aquaculture facilities,The methods and equipment required to extinguisht fires occured in aquaculture settings.,6221,Aquaculture Workers,6221,fighting fires at aquaculture facilities,"Fighting fires at aquaculture facilities; fighting fires at aquaculture facilities; instructions for fighting fires at aquaculture facilities; techniques for tackling fish farm fires; methods for fighting fires at aquaculture facilities; methods for tackling fish farm fires; techniques for fighting fires at aquaculture facilities; tackling fish farm fires; procedures for fighting fires at aquaculture facilities; procedures for tackling fish farm fires; Fishery and Aquatic Work; Agriculture, Forestry, Fishery, and Environmental Work",http://data.europa.eu/esco/skill/a04aa194-b706-44c4-8307-2e611a1f092f,fighting fires at aquaculture facilities,instructions for fighting fires at aquaculture facilities; techniques for tackling fish farm fires; methods for fighting fires at aquaculture facilities; methods for tackling fish farm fires; techniques for fighting fires at aquaculture facilities; tackling fish farm fires; procedures for fighting fires at aquaculture facilities; procedures for tackling fish farm fires,The methods and equipment required to extinguisht fires occured in aquaculture settings.,ESCO v1.2.0 / API-ready,0.78,auto_generated_review,esco_auto_expansion_500_review_needed
SK588,K10,"Agriculture, Forestry, Fishery, and Environmental Work",Forestry and Conservation,Environmental legislation in agriculture and forestry,"Awareness on environmental legislation, policies, principles relevant for agriculture and forestry. Awareness of the impact on the environment of local agricultural procedures and practices. Means to adjust the production to new environmental regulations and policies.",6210,Forestry and Related Workers,6210,environmental legislation in agriculture and forestry,"Environmental legislation in agriculture and forestry; environmental legislation in agriculture and forestry; impact of environmental legislation in in agriculture and forestry; agriculture and forestry environmental legislation; agriculture and forestry environmental regulation; implications of environmental regulation in in agriculture and forestry; implications of environmental legislation in in agriculture and forestry; scope of environmental legislation in in agriculture and forestry; range of environmental legislation in in agriculture and forestry; range of environmental regulation in in agriculture and forestry; Forestry and Conservation; Agriculture, Forestry, Fishery, and Environmental Work",http://data.europa.eu/esco/skill/3419fac9-575d-4492-a018-edff6f4dae26,environmental legislation in agriculture and forestry,impact of environmental legislation in in agriculture and forestry; agriculture and forestry environmental legislation; agriculture and forestry environmental regulation; implications of environmental regulation in in agriculture and forestry; implications of environmental legislation in in agriculture and forestry; scope of environmental legislation in in agriculture and forestry; range of environmental legislation in in agriculture and forestry; range of environmental regulation in in agriculture and forestry,"Awareness on environmental legislation, policies, principles relevant for agriculture and forestry. Awareness of the impact on the environment of local agricultural procedures and practices. Means to adjust the production to new environmental regulations and policies.",ESCO v1.2.0 / API-ready,0.78,auto_generated_review,esco_auto_expansion_500_review_needed
SK589,K10,"Agriculture, Forestry, Fishery, and Environmental Work",Fishery and Aquatic Work,Fishing industry,"The business model of the fishing industry, including recreational, subsistence and commercial fishing, and the harvesting, processing, and marketing sectors.",6221,Aquaculture Workers,6221,fishing industry,"Fishing industry; fishing industry; fisheries; composition of fishing industry; fisheries industry; industry of fishing; scope of fishing industry; fisheries sector; sectors of fishing industry; Fishery and Aquatic Work; Agriculture, Forestry, Fishery, and Environmental Work",http://data.europa.eu/esco/skill/20cafa47-c3e5-4ab6-83dc-f948183a38fc,fishing industry,fisheries; composition of fishing industry; fisheries industry; industry of fishing; scope of fishing industry; fisheries sector; sectors of fishing industry,"The business model of the fishing industry, including recreational, subsistence and commercial fishing, and the harvesting, processing, and marketing sectors.",ESCO v1.2.0 / API-ready,0.78,auto_generated_review,esco_auto_expansion_500_review_needed
SK590,K10,"Agriculture, Forestry, Fishery, and Environmental Work",Fishery and Aquatic Work,Seafood processing,"Process of all marine finfish, crustaceans, molluscs and other forms of aquatic life (including squid, sea turtle, jellyfish, sea cucumber, and sea urchin and the roe of such animals) other than birds or mammals, harvested for human consumption.",6221,Aquaculture Workers,6221,seafood processing,"Seafood processing; seafood processing; processing fish; range of seafood processing; process fish; types of seafood processing; typology of seafood processing; process seafood; processing of aquatic food resources; aquatic food resource processing; Fishery and Aquatic Work; Agriculture, Forestry, Fishery, and Environmental Work",http://data.europa.eu/esco/skill/6d8287f5-6c0e-421a-9e37-980d6c1a3886,seafood processing,processing fish; range of seafood processing; process fish; types of seafood processing; typology of seafood processing; process seafood; processing of aquatic food resources; aquatic food resource processing,"Process of all marine finfish, crustaceans, molluscs and other forms of aquatic life (including squid, sea turtle, jellyfish, sea cucumber, and sea urchin and the roe of such animals) other than birds or mammals, harvested for human consumption.",ESCO v1.2.0 / API-ready,0.78,auto_generated_review,esco_auto_expansion_500_review_needed
SK591,K10,"Agriculture, Forestry, Fishery, and Environmental Work",Fishery and Aquatic Work,Fisheries management,"The principles, methods and equipment used in population management applied to fisheries: the concept of catch, by-catch, fishing effort, maximum sustainable yield, different sampling methods and how to use sampling material.",6221,Aquaculture Workers,6221,fisheries management,"Fisheries management; fisheries management; conncept of maximum sustainable yield; conncept of catch; conncept of by-catch; conncept of fishing effort; methods of fisheries management; equipment used in fisheries management; principles of fisheries management; Fishery and Aquatic Work; Agriculture, Forestry, Fishery, and Environmental Work",http://data.europa.eu/esco/skill/13f56e40-eb4c-41d4-82e4-850f6f356581,fisheries management,conncept of maximum sustainable yield; conncept of catch; conncept of by-catch; conncept of fishing effort; methods of fisheries management; equipment used in fisheries management; principles of fisheries management,"The principles, methods and equipment used in population management applied to fisheries: the concept of catch, by-catch, fishing effort, maximum sustainable yield, different sampling methods and how to use sampling material.",ESCO v1.2.0 / API-ready,0.78,auto_generated_review,esco_auto_expansion_500_review_needed
SK592,K10,"Agriculture, Forestry, Fishery, and Environmental Work",Crop and Horticulture,Plant harvest methods,"The various methods, timing and equipment involved in harvesting different crops and plants.",6113,"Gardeners, Horticultural and Nursery Growers",6113,plant harvest methods,"Plant harvest methods; plant harvest methods; types of plant harvest methods; methods of plant and crop harvesting; range of plant harvest methods; typology of plant and crop harvest methods; types of plant and crop harvest methods; range of plant and crop harvest methods; methods of plant harvesting; typology of plant harvest methods; Crop and Horticulture; Agriculture, Forestry, Fishery, and Environmental Work",http://data.europa.eu/esco/skill/b8931778-5f34-41a3-8200-b52357f70e74,plant harvest methods,types of plant harvest methods; methods of plant and crop harvesting; range of plant harvest methods; typology of plant and crop harvest methods; types of plant and crop harvest methods; range of plant and crop harvest methods; methods of plant harvesting; typology of plant harvest methods,"The various methods, timing and equipment involved in harvesting different crops and plants.",ESCO v1.2.0 / API-ready,0.78,auto_generated_review,esco_auto_expansion_500_review_needed
SK593,K10,"Agriculture, Forestry, Fishery, and Environmental Work",Crop and Horticulture,Conservation agriculture,"The techniques, methods and principles that promote a sustainable use of land and soil in crop production. It is based on the three principles of permanent soil cover, minimum soil disturbance, and diversification of plant species.",6113,"Gardeners, Horticultural and Nursery Growers",6113,conservation agriculture,"Conservation agriculture; conservation agriculture; sustainable farming; conservation agriculture techniques; conservation agriculture principles; conservation agriculture methods; sustainable farming techniques; Crop and Horticulture; Agriculture, Forestry, Fishery, and Environmental Work",http://data.europa.eu/esco/skill/dd5451c6-a006-4218-bf94-348d81bed42f,conservation agriculture,sustainable farming; conservation agriculture techniques; conservation agriculture principles; conservation agriculture methods; sustainable farming techniques,"The techniques, methods and principles that promote a sustainable use of land and soil in crop production. It is based on the three principles of permanent soil cover, minimum soil disturbance, and diversification of plant species.",ESCO v1.2.0 / API-ready,0.78,auto_generated_review,esco_auto_expansion_500_review_needed
SK594,K10,"Agriculture, Forestry, Fishery, and Environmental Work",Fishery and Aquatic Work,Effect of water currents,"The impact of water currents on fish farms, in cages, ponds, lagoons and rivers.",6221,Aquaculture Workers,6221,effect of water currents,"Effect of water currents; effect of water currents; impact of water currents; impacts of water currents on fish; water currents and fish farms; water currents and fish farming; effects of water currents on fish; currents in water; water currents and aquaculture; water currents; Fishery and Aquatic Work; Agriculture, Forestry, Fishery, and Environmental Work",http://data.europa.eu/esco/skill/0fc46898-7875-4e60-93a6-fcc7f2c11579,effect of water currents,impact of water currents; impacts of water currents on fish; water currents and fish farms; water currents and fish farming; effects of water currents on fish; currents in water; water currents and aquaculture; water currents,"The impact of water currents on fish farms, in cages, ponds, lagoons and rivers.",ESCO v1.2.0 / API-ready,0.78,auto_generated_review,esco_auto_expansion_500_review_needed
SK595,K10,"Agriculture, Forestry, Fishery, and Environmental Work",Livestock and Animal Production,Animal production science,"Animal nutrition, agronomy, rural economics, animal husbandry, hygiene and bio-security, ethology, protection and herd health management.",6121,Livestock and Dairy Producers,6121,animal production science,"Animal production science; animal production science; knowledge of animal nutrition; fundamentals of animal production; science of animal production; animal production sciences; knowledge of animal production; knowledge of animal husbandry; Livestock and Animal Production; Agriculture, Forestry, Fishery, and Environmental Work",http://data.europa.eu/esco/skill/4bd422bb-6ea3-4161-a908-53c0f5a1bb00,animal production science,knowledge of animal nutrition; fundamentals of animal production; science of animal production; animal production sciences; knowledge of animal production; knowledge of animal husbandry,"Animal nutrition, agronomy, rural economics, animal husbandry, hygiene and bio-security, ethology, protection and herd health management.",ESCO v1.2.0 / API-ready,0.78,auto_generated_review,esco_auto_expansion_500_review_needed
SK596,K10,"Agriculture, Forestry, Fishery, and Environmental Work",Fishery and Aquatic Work,Manage fisheries projects,Consult with contractors from both the governmental and private sectors in fisheries projects such as restoration efforts. Go over the proposed plans and provide expertise. Prepare applications for fisheries program grants. Provide technical assistance to civic fisheries projects. Study the impact of environmental changes on waters. Resolve complaints from the public. Prepare prescriptions to identify fisheries problems and recommend solutions.,6221,Aquaculture Workers,6221,manage fisheries projects,"Manage fisheries projects; manage fisheries projects; running marine conservation projects; managing marine conservation projects; marine conservation projects managing; fisheries projects managing; marine conservation projects running; manage marine conservation projects; manage fisheries protection projects; run marine conservation projects; Fishery and Aquatic Work; Agriculture, Forestry, Fishery, and Environmental Work",http://data.europa.eu/esco/skill/85947873-e99a-4b08-a4e3-743942710fea,manage fisheries projects,running marine conservation projects; managing marine conservation projects; marine conservation projects managing; fisheries projects managing; marine conservation projects running; manage marine conservation projects; manage fisheries protection projects; run marine conservation projects,Consult with contractors from both the governmental and private sectors in fisheries projects such as restoration efforts. Go over the proposed plans and provide expertise. Prepare applications for fisheries program grants. Provide technical assistance to civic fisheries projects. Study the impact of environmental changes on waters. Resolve complaints from the public. Prepare prescriptions to identify fisheries problems and recommend solutions.,ESCO v1.2.0 / API-ready,0.78,auto_generated_review,esco_auto_expansion_500_review_needed
SK597,K10,"Agriculture, Forestry, Fishery, and Environmental Work",Fishery and Aquatic Work,Follow hygienic practices in fishery operations,Comply with the right regulations and practices for hygienically handling fishery related tasks and responsibilities in fishery operations.,6221,Aquaculture Workers,6221,follow hygienic practices in fishery operations,"Follow hygienic practices in fishery operations; follow hygienic practices in fishery operations; employing hygienic operational practices in fisheries; following hygienic practices in fishery operations; employing hygienic practices in fishery operations; following hygienic operational practices in fisheries; employ hygienic practices in fishery operations; employ hygienic operational practices in fisheries; follow hygienic operational practices in fisheries; Fishery and Aquatic Work; Agriculture, Forestry, Fishery, and Environmental Work",http://data.europa.eu/esco/skill/031bfd8d-af80-4606-b4bb-6de4d5da6249,follow hygienic practices in fishery operations,employing hygienic operational practices in fisheries; following hygienic practices in fishery operations; employing hygienic practices in fishery operations; following hygienic operational practices in fisheries; employ hygienic practices in fishery operations; employ hygienic operational practices in fisheries; follow hygienic operational practices in fisheries,Comply with the right regulations and practices for hygienically handling fishery related tasks and responsibilities in fishery operations.,ESCO v1.2.0 / API-ready,0.78,auto_generated_review,esco_auto_expansion_500_review_needed
SK598,K10,"Agriculture, Forestry, Fishery, and Environmental Work",Forestry and Conservation,Adopt ways to foster biodiversity and animal welfare,"Engage in behaviours that help maintaining stable ecosystems and combatting mass extinction, for example by making conscious dietary choices that support organic food production and animal welfare.",6210,Forestry and Related Workers,6210,adopt ways to foster biodiversity and animal welfare,"Adopt ways to foster biodiversity and animal welfare; adopt ways to foster biodiversity and animal welfare; concretely support biodiversity and animal welfare; implement environmental choices in your own eating habit; adopt a sustainable eating habit; take sustainability issues into account in consumption choices; take animal welfare into account when buying food products; promoting organic and biological food consumption; Forestry and Conservation; Agriculture, Forestry, Fishery, and Environmental Work",http://data.europa.eu/esco/skill/0171653e-c8e9-4c24-bb86-a4b6fe038f25,adopt ways to foster biodiversity and animal welfare,concretely support biodiversity and animal welfare; implement environmental choices in your own eating habit; adopt a sustainable eating habit; take sustainability issues into account in consumption choices; take animal welfare into account when buying food products; promoting organic and biological food consumption,"Engage in behaviours that help maintaining stable ecosystems and combatting mass extinction, for example by making conscious dietary choices that support organic food production and animal welfare.",ESCO v1.2.0 / API-ready,0.78,auto_generated_review,esco_auto_expansion_500_review_needed
SK599,K10,"Agriculture, Forestry, Fishery, and Environmental Work",Fishery and Aquatic Work,Undertake continuous professional development in fishery operations,Initiate and progress in life long learning of the different challenging activities and operations which take place on board of a fishing vessel or in an aquaculture facility.,6221,Aquaculture Workers,6221,undertake continuous professional development in fishery operations,"Undertake continuous professional development in fishery operations; undertake continuous professional development in fishery operations; undertaking CPD in fishery operations; CPD undertaking in fishery operations; undertake training and development in fishery operations; training and development undertaking in fishery operations; continuous professional development undertaking in fishery operations; Fishery and Aquatic Work; Agriculture, Forestry, Fishery, and Environmental Work",http://data.europa.eu/esco/skill/66654c94-4657-46f2-aecb-606fea2cb14e,undertake continuous professional development in fishery operations,undertaking CPD in fishery operations; CPD undertaking in fishery operations; undertake training and development in fishery operations; training and development undertaking in fishery operations; continuous professional development undertaking in fishery operations,Initiate and progress in life long learning of the different challenging activities and operations which take place on board of a fishing vessel or in an aquaculture facility.,ESCO v1.2.0 / API-ready,0.78,auto_generated_review,esco_auto_expansion_500_review_needed
SK600,K10,"Agriculture, Forestry, Fishery, and Environmental Work",Fishery and Aquatic Work,Fishing gear,Identification of the different gear used in capture fisheries and their functional capacity.,6221,Aquaculture Workers,6221,fishing gear,"Fishing gear; fishing gear; range of fishing gear; typology of fishing gear; different fishing equipment; different fishing gear; fishing equipment; range of fishing equipment; types of fishing equipment; types of fishing gear; Fishery and Aquatic Work; Agriculture, Forestry, Fishery, and Environmental Work",http://data.europa.eu/esco/skill/4cecd598-8b8c-44e8-a181-72ec692923bc,fishing gear,range of fishing gear; typology of fishing gear; different fishing equipment; different fishing gear; fishing equipment; range of fishing equipment; types of fishing equipment; types of fishing gear,Identification of the different gear used in capture fisheries and their functional capacity.,ESCO v1.2.0 / API-ready,0.78,auto_generated_review,esco_auto_expansion_500_review_needed
SK601,K10,"Agriculture, Forestry, Fishery, and Environmental Work",Forestry and Conservation,Forest ecology,"The ecosystems existing in a forest, starting from bacteria to trees and soil types.",6210,Forestry and Related Workers,6210,forest ecology,"Forest ecology; forest ecology; typology of forest ecology; range of forest ecologies; range of forestry ecosystems; ecology of forest; forestry ecosystems; typology of forestry ecosystems; ecology of forests; ecosystems of forests; Forestry and Conservation; Agriculture, Forestry, Fishery, and Environmental Work",http://data.europa.eu/esco/skill/e5727f3b-0dc9-4daf-84e0-d5789b33a6d9,forest ecology,typology of forest ecology; range of forest ecologies; range of forestry ecosystems; ecology of forest; forestry ecosystems; typology of forestry ecosystems; ecology of forests; ecosystems of forests,"The ecosystems existing in a forest, starting from bacteria to trees and soil types.",ESCO v1.2.0 / API-ready,0.78,auto_generated_review,esco_auto_expansion_500_review_needed
SK602,K11,"Public Service, Legal, and Protective Services",Protective and Security Services,Ensure public safety and security,"Implement the relevant procedures, strategies and use the proper equipment to promote local or national security activities for the protection of data, people, institutions, and property.",5414,Security Guards,5414,ensure public safety and security,"Ensure public safety and security; ensure public safety and security; public security and safety processes; strategies and procedures to protect public security; maintain public safety and security; maintain public security and safety; ensure public health and safety; ensure safety and security of the public; procedures and strategies to protect public security; public safety and security processes; Protective and Security Services; Public Service, Legal, and Protective Services",http://data.europa.eu/esco/skill/499c05a2-6f36-4407-83c1-dc3448d35818,ensure public safety and security,public security and safety processes; strategies and procedures to protect public security; maintain public safety and security; maintain public security and safety; ensure public health and safety; ensure safety and security of the public; procedures and strategies to protect public security; public safety and security processes,"Implement the relevant procedures, strategies and use the proper equipment to promote local or national security activities for the protection of data, people, institutions, and property.",ESCO v1.2.0 / API-ready,0.78,auto_generated_review,esco_auto_expansion_500_review_needed
SK603,K11,"Public Service, Legal, and Protective Services",Government and Regulatory Services,Government policy implementation,The procedures related to the application of government policies at all levels of public administration.,3359,Regulatory Government Associate Professionals,3359,government policy implementation,"Government policy implementation; government policy implementation; state policy production; state policy introduction; government policy execution; government policy direction; state policy direction; government policy production; government policy introduction; state policy execution; Government and Regulatory Services; Public Service, Legal, and Protective Services",http://data.europa.eu/esco/skill/2be699a7-416a-4f32-967c-4edc65027b71,government policy implementation,state policy production; state policy introduction; government policy execution; government policy direction; state policy direction; government policy production; government policy introduction; state policy execution,The procedures related to the application of government policies at all levels of public administration.,ESCO v1.2.0 / API-ready,0.78,auto_generated_review,esco_auto_expansion_500_review_needed
SK604,K11,"Public Service, Legal, and Protective Services",Legal Services,Compile legal documents,"Compile and collect legal documents from a specific case in order to aid an investigation or for a court hearing, in a manner compliant with legal regulations and ensuring records are properly maintained.",2619,Legal Professionals Not Elsewhere Classified,2619,compile legal documents,"Compile legal documents; compile legal documents; organise legal documents; produce legal documents; collate judicial documentation; collate legal documents; organise judicial documentation; produce judicial documentation; assemble judicial documentation; assemble legal documents; Legal Services; Public Service, Legal, and Protective Services",http://data.europa.eu/esco/skill/1d7234e4-1c76-4d67-9487-71d8c529cdc9,compile legal documents,organise legal documents; produce legal documents; collate judicial documentation; collate legal documents; organise judicial documentation; produce judicial documentation; assemble judicial documentation; assemble legal documents,"Compile and collect legal documents from a specific case in order to aid an investigation or for a court hearing, in a manner compliant with legal regulations and ensuring records are properly maintained.",ESCO v1.2.0 / API-ready,0.78,auto_generated_review,esco_auto_expansion_500_review_needed
SK605,K11,"Public Service, Legal, and Protective Services",Legal Services,Aquaculture legal documents,"The required permits, licenses, leases and approvals used in aquaculture and their application to specific fish farms and conditions.",2619,Legal Professionals Not Elsewhere Classified,2619,aquaculture legal documents,"Aquaculture legal documents; aquaculture legal documents; range of aquaculture legal documents; types of aquaculture approvals; types of aquaculture legal documents; legal documents in aquaculture; typology of aquaculture legal documents; aquaculture licenses; range of aquaculture licenses; typology of aquaculture permits; Legal Services; Public Service, Legal, and Protective Services",http://data.europa.eu/esco/skill/1a751830-e315-45f4-878d-b42563221e53,aquaculture legal documents,range of aquaculture legal documents; types of aquaculture approvals; types of aquaculture legal documents; legal documents in aquaculture; typology of aquaculture legal documents; aquaculture licenses; range of aquaculture licenses; typology of aquaculture permits,"The required permits, licenses, leases and approvals used in aquaculture and their application to specific fish farms and conditions.",ESCO v1.2.0 / API-ready,0.78,auto_generated_review,esco_auto_expansion_500_review_needed
SK606,K11,"Public Service, Legal, and Protective Services",Government and Regulatory Services,Manage government policy implementation,Manage the operations of the implementation of new government policies or changes in existing policies on a national or regional level as well as the staff involved in the implementation procedure.,3359,Regulatory Government Associate Professionals,3359,manage government policy implementation,"Manage government policy implementation; manage government policy implementation; supervise government policy execution; oversee government policy implementation; regulate government policy implementation; monitor government policy implementation; regulate government policy execution; administer government policy implementation; administer government policy execution; oversee government policy execution; Government and Regulatory Services; Public Service, Legal, and Protective Services",http://data.europa.eu/esco/skill/f78d5c04-a440-4068-90c2-fab03409a911,manage government policy implementation,supervise government policy execution; oversee government policy implementation; regulate government policy implementation; monitor government policy implementation; regulate government policy execution; administer government policy implementation; administer government policy execution; oversee government policy execution,Manage the operations of the implementation of new government policies or changes in existing policies on a national or regional level as well as the staff involved in the implementation procedure.,ESCO v1.2.0 / API-ready,0.78,auto_generated_review,esco_auto_expansion_500_review_needed
SK607,K11,"Public Service, Legal, and Protective Services","Policy, Leadership, and Public Administration",Make recommendation on nutrition to public policy makers,"Advise public policy makers on nutrition-related issues, such as nutrition labeling, food fortification, and standards for school food programs.",1112,Senior Government Officials,1112,make recommendation on nutrition to public policy makers,"Make recommendation on nutrition to public policy makers; make recommendation on nutrition to public policy makers; give advice on nutrition to public policy makers; make recommendations on nutrition to public policy makers; give advise on eating issues to public policy makers; give advices on eating issues to public policy makers; make suggestions on nutrition to public policy makers; give advices on nutrition to public policy makers; make requests on nutrition to public policy makers; make requests on nutrition to stakeholder; Policy, Leadership, and Public Administration; Public Service, Legal, and Protective Services",http://data.europa.eu/esco/skill/5d805ae9-0d48-423f-b1b1-6d19015e13d1,make recommendation on nutrition to public policy makers,give advice on nutrition to public policy makers; make recommendations on nutrition to public policy makers; give advise on eating issues to public policy makers; give advices on eating issues to public policy makers; make suggestions on nutrition to public policy makers; give advices on nutrition to public policy makers; make requests on nutrition to public policy makers; make requests on nutrition to stakeholder,"Advise public policy makers on nutrition-related issues, such as nutrition labeling, food fortification, and standards for school food programs.",ESCO v1.2.0 / API-ready,0.78,auto_generated_review,esco_auto_expansion_500_review_needed
SK608,K11,"Public Service, Legal, and Protective Services",Protective and Security Services,Protective safety equipment,"The processes and materials used to create safety equipment such as fire-fighting equipment, gas masks or headgear.",5414,Security Guards,5414,protective safety equipment,"Protective safety equipment; protective safety equipment; safeguarding safety equipment; preserving safety equipment; defensive safety equipment; protective equipment for safety; Protective and Security Services; Public Service, Legal, and Protective Services",http://data.europa.eu/esco/skill/e23f7e8a-63dc-4182-9a00-5e3c835b8051,protective safety equipment,safeguarding safety equipment; preserving safety equipment; defensive safety equipment; protective equipment for safety,"The processes and materials used to create safety equipment such as fire-fighting equipment, gas masks or headgear.",ESCO v1.2.0 / API-ready,0.78,auto_generated_review,esco_auto_expansion_500_review_needed
SK609,K11,"Public Service, Legal, and Protective Services",Government and Regulatory Services,Develop performance orientation in public administration,"Focus efforts and prioritise work to deliver value for money, in line with public service guidelines and policies, in order to achieve cost savings and strategic and sustainable goals, proactively identify inefficiencies, overcome obstacles and adapt their approach to consistently deliver sustainable and high-performance procurement outcomes.",3359,Regulatory Government Associate Professionals,3359,develop performance orientation in public administration,"Develop performance orientation in public administration; develop performance orientation in public administration; improve performance orientation in public administration; strengthen performance orientation in public administration; foster performance orientation in public administration; enhance public administration operational efficiency; boost public administration operational efficiency; Government and Regulatory Services; Public Service, Legal, and Protective Services",http://data.europa.eu/esco/skill/305dc408-68a6-4f63-9ee6-d0b26c8abad0,develop performance orientation in public administration,improve performance orientation in public administration; strengthen performance orientation in public administration; foster performance orientation in public administration; enhance public administration operational efficiency; boost public administration operational efficiency,"Focus efforts and prioritise work to deliver value for money, in line with public service guidelines and policies, in order to achieve cost savings and strategic and sustainable goals, proactively identify inefficiencies, overcome obstacles and adapt their approach to consistently deliver sustainable and high-performance procurement outcomes.",ESCO v1.2.0 / API-ready,0.78,auto_generated_review,esco_auto_expansion_500_review_needed
SK610,K11,"Public Service, Legal, and Protective Services",Legal Services,Ensure compliance with purchasing and contracting regulations,Implement and monitor company activities in compliance with legal contracting and purchasing legislations.,2619,Legal Professionals Not Elsewhere Classified,2619,ensure compliance with purchasing and contracting regulations,"Ensure compliance with purchasing and contracting regulations; ensure compliance with purchasing and contracting regulations; ensuring compliance with purchasing and contracting regulations; provide compliance with purchasing and contracting regulations; assure compliance with purchasing and contracting regulations; enable compliance with purchasing and contracting regulations; secure compliance with purchasing and contracting regulations; ensure there is compliance with purchasing and contracting regulations; to ensure compliance with purchasing and contracting regulations; Legal Services; Public Service, Legal, and Protective Services",http://data.europa.eu/esco/skill/a6ae7a34-5a5c-48dd-9b82-8beccca63e3c,ensure compliance with purchasing and contracting regulations,ensuring compliance with purchasing and contracting regulations; provide compliance with purchasing and contracting regulations; assure compliance with purchasing and contracting regulations; enable compliance with purchasing and contracting regulations; secure compliance with purchasing and contracting regulations; ensure there is compliance with purchasing and contracting regulations; to ensure compliance with purchasing and contracting regulations,Implement and monitor company activities in compliance with legal contracting and purchasing legislations.,ESCO v1.2.0 / API-ready,0.78,auto_generated_review,esco_auto_expansion_500_review_needed
SK611,K11,"Public Service, Legal, and Protective Services",Legal Services,EU law,"EU law encompasses all the rules which are part of the EU legal order as well as the general principles established by the Court of Justice of the European Union. This set of rules consist of Treaties, the Charter of Fundamental Rights and the legal acts adopted by the EU Institutions which enables the European Union to exercise its powers.",2619,Legal Professionals Not Elsewhere Classified,2619,EU law,"EU law; EU law; European Union law; EU legislation; community law; Legal Services; Public Service, Legal, and Protective Services",http://data.europa.eu/esco/skill/fbf53f87-9192-4a7f-b3c9-92a8c395c719,EU law,European Union law; EU legislation; community law,"EU law encompasses all the rules which are part of the EU legal order as well as the general principles established by the Court of Justice of the European Union. This set of rules consist of Treaties, the Charter of Fundamental Rights and the legal acts adopted by the EU Institutions which enables the European Union to exercise its powers.",ESCO v1.2.0 / API-ready,0.78,auto_generated_review,esco_auto_expansion_500_review_needed
SK612,K11,"Public Service, Legal, and Protective Services",Legal Services,Media law,"Set of laws related to the entertainment and telecommunications industry and regulatory activities within the fields of broadcasting, advertising, censorship, and online services.",2619,Legal Professionals Not Elsewhere Classified,2619,media law,"Media law; media law; media regulation; media rules; media legality; media norms; media legislation; media laws; media standards; Legal Services; Public Service, Legal, and Protective Services",http://data.europa.eu/esco/skill/1d062465-89b3-4fd9-b043-0f4d6d386a52,media law,media regulation; media rules; media legality; media norms; media legislation; media laws; media standards,"Set of laws related to the entertainment and telecommunications industry and regulatory activities within the fields of broadcasting, advertising, censorship, and online services.",ESCO v1.2.0 / API-ready,0.78,auto_generated_review,esco_auto_expansion_500_review_needed
SK613,K11,"Public Service, Legal, and Protective Services",Legal Services,Family law,"The legal rules that govern family-related disputes between individuals such as marriages, child adoption, civil unions, etc.",2619,Legal Professionals Not Elsewhere Classified,2619,family law,"Family law; family law; family rules; family regulations; family court procedures; family legal processes; Legal Services; Public Service, Legal, and Protective Services",http://data.europa.eu/esco/skill/3cb348a4-e49e-4fe2-a403-d558dce1b38d,family law,family rules; family regulations; family court procedures; family legal processes,"The legal rules that govern family-related disputes between individuals such as marriages, child adoption, civil unions, etc.",ESCO v1.2.0 / API-ready,0.78,auto_generated_review,esco_auto_expansion_500_review_needed
SK614,K11,"Public Service, Legal, and Protective Services",Legal Services,Contract law,"The field of legal principles that govern written agreements between parties concerning the exchange of goods or services, including contractual obligations and termination.",2619,Legal Professionals Not Elsewhere Classified,2619,contract law,"Contract law; contract law; law of contract; principles of contract law; contract laws; contract law regulations; Legal Services; Public Service, Legal, and Protective Services",http://data.europa.eu/esco/skill/5c606d18-6404-4047-b235-350f18e11827,contract law,law of contract; principles of contract law; contract laws; contract law regulations,"The field of legal principles that govern written agreements between parties concerning the exchange of goods or services, including contractual obligations and termination.",ESCO v1.2.0 / API-ready,0.78,auto_generated_review,esco_auto_expansion_500_review_needed
SK615,K11,"Public Service, Legal, and Protective Services",Legal Services,Criminal law,"The legal rules, constitutions and regulations applicable for the punishment of offenders.",2619,Legal Professionals Not Elsewhere Classified,2619,criminal law,"Criminal law; criminal law; criminal law knowledge; understand criminal court procedures; understand criminal law; criminal regulations; criminal rules; criminal legal processes; Legal Services; Public Service, Legal, and Protective Services",http://data.europa.eu/esco/skill/8836a5a5-e2ff-4baf-aae3-bfb78a4cca7f,criminal law,criminal law knowledge; understand criminal court procedures; understand criminal law; criminal regulations; criminal rules; criminal legal processes,"The legal rules, constitutions and regulations applicable for the punishment of offenders.",ESCO v1.2.0 / API-ready,0.78,auto_generated_review,esco_auto_expansion_500_review_needed
SK616,K11,"Public Service, Legal, and Protective Services",Legal Services,Property law,"The law and legislation that regulates all the different ways to handle property, such as the types of property, how to handle property disputes and property contract rules.",2619,Legal Professionals Not Elsewhere Classified,2619,property law,"Property law; property law; real property law; real estate law; property contract rules; property legislation; Legal Services; Public Service, Legal, and Protective Services",http://data.europa.eu/esco/skill/b3a4924a-f793-485c-8dc1-54e12198d95d,property law,real property law; real estate law; property contract rules; property legislation,"The law and legislation that regulates all the different ways to handle property, such as the types of property, how to handle property disputes and property contract rules.",ESCO v1.2.0 / API-ready,0.78,auto_generated_review,esco_auto_expansion_500_review_needed
SK617,K11,"Public Service, Legal, and Protective Services",Legal Services,Urban planning law,"Investments and urban development agreements. Legislative developments regarding construction in terms of environmental, sustainability, social and financial matters.",2619,Legal Professionals Not Elsewhere Classified,2619,urban planning law,"Urban planning law; urban planning law; urban planning legality; urban planning standards; urban planning laws; urban planning rules; urban planning legislation; urban planning norms; urban planning regulation; Legal Services; Public Service, Legal, and Protective Services",http://data.europa.eu/esco/skill/1f632076-fd9b-4b18-a9a2-b59a59181d3e,urban planning law,urban planning legality; urban planning standards; urban planning laws; urban planning rules; urban planning legislation; urban planning norms; urban planning regulation,"Investments and urban development agreements. Legislative developments regarding construction in terms of environmental, sustainability, social and financial matters.",ESCO v1.2.0 / API-ready,0.78,auto_generated_review,esco_auto_expansion_500_review_needed
SK618,K11,"Public Service, Legal, and Protective Services",Government and Regulatory Services,Public service concession,"The procedures involved in the granting of rights, land or property by a government to a private company which enters an agreement with the government to operate or make use of certain services, and what qualifies or may qualify as a concession.",3359,Regulatory Government Associate Professionals,3359,public service concession,"Public service concession; public service concession; public utility accord; public utility arrangement; public utility concordat; public utility compromise; public service compromise; public service arrangement; public service concordat; public service accord; Government and Regulatory Services; Public Service, Legal, and Protective Services",http://data.europa.eu/esco/skill/09121179-fd6e-4796-91e7-afd9f64315cc,public service concession,public utility accord; public utility arrangement; public utility concordat; public utility compromise; public service compromise; public service arrangement; public service concordat; public service accord,"The procedures involved in the granting of rights, land or property by a government to a private company which enters an agreement with the government to operate or make use of certain services, and what qualifies or may qualify as a concession.",ESCO v1.2.0 / API-ready,0.78,auto_generated_review,esco_auto_expansion_500_review_needed
SK619,K11,"Public Service, Legal, and Protective Services",Legal Services,Comply with legal regulations,"Ensure you are properly informed of the legal regulations that govern a specific activity and adhere to its rules, policies and laws.",2619,Legal Professionals Not Elsewhere Classified,2619,comply with legal regulations,"Comply with legal regulations; comply with legal regulations; legal regulation compliance; comply with legal rules; comply with legal legislation; comply with legal laws; comply with legal statutes; comply with a legal regulation; complying with legal regulations; Legal Services; Public Service, Legal, and Protective Services",http://data.europa.eu/esco/skill/3d3ee5c3-4286-457f-9f76-1704011f7e11,comply with legal regulations,legal regulation compliance; comply with legal rules; comply with legal legislation; comply with legal laws; comply with legal statutes; comply with a legal regulation; complying with legal regulations,"Ensure you are properly informed of the legal regulations that govern a specific activity and adhere to its rules, policies and laws.",ESCO v1.2.0 / API-ready,0.78,auto_generated_review,esco_auto_expansion_500_review_needed
SK620,K11,"Public Service, Legal, and Protective Services",Legal Services,Railway framework legislation,"The legislative framework governing the different aspects of railway transport, including licensing of railway undertakings, railway infrastructure capacity, railway safety and the legislation that applies to the field of cross-border freight transit.",2619,Legal Professionals Not Elsewhere Classified,2619,railway framework legislation,"Railway framework legislation; railway framework legislation; legal regulations on railway frameworks; railroad framework regulation; railroad framework legislation; international railway network law; railway framework regulation; laws governing railway networks; international railway network legislation; legal regulations on railway networks; Legal Services; Public Service, Legal, and Protective Services",http://data.europa.eu/esco/skill/aaee0ebe-d6f5-4355-8fed-460963306445,railway framework legislation,legal regulations on railway frameworks; railroad framework regulation; railroad framework legislation; international railway network law; railway framework regulation; laws governing railway networks; international railway network legislation; legal regulations on railway networks,"The legislative framework governing the different aspects of railway transport, including licensing of railway undertakings, railway infrastructure capacity, railway safety and the legislation that applies to the field of cross-border freight transit.",ESCO v1.2.0 / API-ready,0.78,auto_generated_review,esco_auto_expansion_500_review_needed
SK621,K11,"Public Service, Legal, and Protective Services",Protective and Security Services,Adhere to health well-being and safety,"Comply with and apply the main points of health well-being and safety policy and procedures, in accordance with employer's policies. Report health and safety risks that have been identified and follow the appropriate procedures if an accident or injury should occur.",5414,Security Guards,5414,adhere to health well-being and safety,"Adhere to health well-being and safety; adhere to health well-being and safety; adhere to health well-being and security; adhere to health well-being and safety policy; adhere to health well-being and safety risks; adhere to health welfare and safety; retain health well-being and safety; adhere to health wellbeing and safety; keep health well-being and safety policies; maintain health well-being and safety; Protective and Security Services; Public Service, Legal, and Protective Services",http://data.europa.eu/esco/skill/68aefa78-9a8c-4d5f-879a-abcfe1cd464f,adhere to health well-being and safety,adhere to health well-being and security; adhere to health well-being and safety policy; adhere to health well-being and safety risks; adhere to health welfare and safety; retain health well-being and safety; adhere to health wellbeing and safety; keep health well-being and safety policies; maintain health well-being and safety,"Comply with and apply the main points of health well-being and safety policy and procedures, in accordance with employer's policies. Report health and safety risks that have been identified and follow the appropriate procedures if an accident or injury should occur.",ESCO v1.2.0 / API-ready,0.78,auto_generated_review,esco_auto_expansion_500_review_needed
